Scenario,Model,ExoMode,CandidateIndex,CandidateCount,OrderText,p,na,nb,nk,CalibrationWindows,MeanCalibrationWIS
real,AR,None,1,5,"p=1",1,NaN,NaN,NaN,108,0.0654228398313438
real,AR,None,2,5,"p=2",2,NaN,NaN,NaN,108,0.0627419033830805
real,AR,None,3,5,"p=3",3,NaN,NaN,NaN,108,0.0627545755835577
real,AR,None,4,5,"p=4",4,NaN,NaN,NaN,108,0.0623103366596126
real,AR,None,5,5,"p=5",5,NaN,NaN,NaN,108,0.0634491069427
real,ARX,I,1,60,"na=5, nb=1, nk=1",NaN,5,1,1,108,0.0661601461042701
real,ARX,I,2,60,"na=6, nb=1, nk=1",NaN,6,1,1,108,0.0652265212030804
real,ARX,I,3,60,"na=7, nb=1, nk=1",NaN,7,1,1,108,0.0652984626401379
real,ARX,I,4,60,"na=8, nb=1, nk=1",NaN,8,1,1,108,0.0645060610708348
real,ARX,I,5,60,"na=9, nb=1, nk=1",NaN,9,1,1,108,0.0646566351630202
real,ARX,I,6,60,"na=5, nb=2, nk=1",NaN,5,2,1,108,19.8310238997981
real,ARX,I,7,60,"na=6, nb=2, nk=1",NaN,6,2,1,108,1.04826461953981e+23
real,ARX,I,8,60,"na=7, nb=2, nk=1",NaN,7,2,1,108,7220779566.76063
real,ARX,I,9,60,"na=8, nb=2, nk=1",NaN,8,2,1,108,2.8803869876552e+301
real,ARX,I,10,60,"na=9, nb=2, nk=1",NaN,9,2,1,108,3.75555842047407e+282
real,ARX,I,11,60,"na=5, nb=3, nk=1",NaN,5,3,1,108,0.133534333870179
real,ARX,I,12,60,"na=6, nb=3, nk=1",NaN,6,3,1,108,1.62694208855693
real,ARX,I,13,60,"na=7, nb=3, nk=1",NaN,7,3,1,108,13.9999826272539
real,ARX,I,14,60,"na=8, nb=3, nk=1",NaN,8,3,1,108,2.07640493485091e+139
real,ARX,I,15,60,"na=9, nb=3, nk=1",NaN,9,3,1,108,1.37325190790396e+60
real,ARX,I,16,60,"na=5, nb=1, nk=2",NaN,5,1,2,108,0.0656650071692868
real,ARX,I,17,60,"na=6, nb=1, nk=2",NaN,6,1,2,108,0.0647486570411914
real,ARX,I,18,60,"na=7, nb=1, nk=2",NaN,7,1,2,108,0.0648453610948287
real,ARX,I,19,60,"na=8, nb=1, nk=2",NaN,8,1,2,108,0.0639683592920461
real,ARX,I,20,60,"na=9, nb=1, nk=2",NaN,9,1,2,108,0.0641424052251413
real,ARX,I,21,60,"na=5, nb=2, nk=2",NaN,5,2,2,108,0.146611544952968
real,ARX,I,22,60,"na=6, nb=2, nk=2",NaN,6,2,2,108,0.28209093584937
real,ARX,I,23,60,"na=7, nb=2, nk=2",NaN,7,2,2,108,1.90714442912053
real,ARX,I,24,60,"na=8, nb=2, nk=2",NaN,8,2,2,108,653155.357851348
real,ARX,I,25,60,"na=9, nb=2, nk=2",NaN,9,2,2,108,4.85163976575271e+50
real,ARX,I,26,60,"na=5, nb=3, nk=2",NaN,5,3,2,108,0.136725452563784
real,ARX,I,27,60,"na=6, nb=3, nk=2",NaN,6,3,2,108,0.187046337845727
real,ARX,I,28,60,"na=7, nb=3, nk=2",NaN,7,3,2,108,0.243036961901836
real,ARX,I,29,60,"na=8, nb=3, nk=2",NaN,8,3,2,108,32.8378190245913
real,ARX,I,30,60,"na=9, nb=3, nk=2",NaN,9,3,2,108,309296935067027
real,ARX,I,31,60,"na=5, nb=1, nk=3",NaN,5,1,3,108,0.0652240708741954
real,ARX,I,32,60,"na=6, nb=1, nk=3",NaN,6,1,3,108,0.0643192942693659
real,ARX,I,33,60,"na=7, nb=1, nk=3",NaN,7,1,3,108,0.0644261431334335
real,ARX,I,34,60,"na=8, nb=1, nk=3",NaN,8,1,3,108,0.0635220717181453
real,ARX,I,35,60,"na=9, nb=1, nk=3",NaN,9,1,3,108,0.063705415343336
real,ARX,I,36,60,"na=5, nb=2, nk=3",NaN,5,2,3,108,0.104534076150821
real,ARX,I,37,60,"na=6, nb=2, nk=3",NaN,6,2,3,108,0.113634026107062
real,ARX,I,38,60,"na=7, nb=2, nk=3",NaN,7,2,3,108,0.106110901704977
real,ARX,I,39,60,"na=8, nb=2, nk=3",NaN,8,2,3,108,5.44817420243846
real,ARX,I,40,60,"na=9, nb=2, nk=3",NaN,9,2,3,108,3407811.22218527
real,ARX,I,41,60,"na=5, nb=3, nk=3",NaN,5,3,3,108,0.110268473735147
real,ARX,I,42,60,"na=6, nb=3, nk=3",NaN,6,3,3,108,0.125776590132685
real,ARX,I,43,60,"na=7, nb=3, nk=3",NaN,7,3,3,108,0.115693307018545
real,ARX,I,44,60,"na=8, nb=3, nk=3",NaN,8,3,3,108,1174.19375102214
real,ARX,I,45,60,"na=9, nb=3, nk=3",NaN,9,3,3,108,89632.876913099
real,ARX,I,46,60,"na=5, nb=1, nk=4",NaN,5,1,4,108,0.0648332220229567
real,ARX,I,47,60,"na=6, nb=1, nk=4",NaN,6,1,4,108,0.0639432835239472
real,ARX,I,48,60,"na=7, nb=1, nk=4",NaN,7,1,4,108,0.064074513647673
real,ARX,I,49,60,"na=8, nb=1, nk=4",NaN,8,1,4,108,0.063142834620677
real,ARX,I,50,60,"na=9, nb=1, nk=4",NaN,9,1,4,108,0.063338021137648
real,ARX,I,51,60,"na=5, nb=2, nk=4",NaN,5,2,4,108,0.0933275862438181
real,ARX,I,52,60,"na=6, nb=2, nk=4",NaN,6,2,4,108,0.0928309753020972
real,ARX,I,53,60,"na=7, nb=2, nk=4",NaN,7,2,4,108,0.0956086015036157
real,ARX,I,54,60,"na=8, nb=2, nk=4",NaN,8,2,4,108,0.112166642747732
real,ARX,I,55,60,"na=9, nb=2, nk=4",NaN,9,2,4,108,12.1930393405185
real,ARX,I,56,60,"na=5, nb=3, nk=4",NaN,5,3,4,108,0.0969427597109521
real,ARX,I,57,60,"na=6, nb=3, nk=4",NaN,6,3,4,108,0.116126553777554
real,ARX,I,58,60,"na=7, nb=3, nk=4",NaN,7,3,4,108,0.114764833569277
real,ARX,I,59,60,"na=8, nb=3, nk=4",NaN,8,3,4,108,0.754609030553382
real,ARX,I,60,60,"na=9, nb=3, nk=4",NaN,9,3,4,108,1.91351767097796
