CaseID,CaseName,TruthModel,Solver,StructuralMismatch,ObservationNoise,ProcessNoise,Scenario,ScenarioName,Model,ExoMode,ForecastArtifact,ResultSource,WindowDay,WindowDayIdx,HorizonIdx,ForecastDay,Truth_Rt,Alpha,NominalCoverage,LowerBound,UpperBound,Coverage,IntervalMethod,IntervalStatus,IntervalWidth,CoverageError,AbsoluteCoverageError,IntervalScore,WISIntervalComponent,WISSharpnessComponent,WISUnderpredictionComponent,WISOverpredictionComponent
process_noise,SIRS with stochastic process noise,SIRS,ssa,0,0,1,A1,Seasonal Forcing,AR,None,/home/kaahin/degree_project/hybrid-epidemic-forecasting/results/partB/forecasts/partB_process_noise_forecast_A1_AR_None.mat,forecast_results,49,50,1,50,1.4966032770697,0.05,0.95,1.49676718703154,1.49688562826326,0,closed_loop_monte_carlo,ok,0.000118441231718336,-0.95,0.95,0.00667483970521232,3.70824428067351e-05,6.58006842879644e-07,3.64244359638555e-05,0
process_noise,SIRS with stochastic process noise,SIRS,ssa,0,0,1,A1,Seasonal Forcing,AR,None,/home/kaahin/degree_project/hybrid-epidemic-forecasting/results/partB/forecasts/partB_process_noise_forecast_A1_AR_None.mat,forecast_results,49,50,2,51,1.49487796559399,0.05,0.95,1.49537722983542,1.49574990596075,0,closed_loop_monte_carlo,ok,0.000372676125331983,-0.95,0.95,0.0203432457822161,0.000113018032123423,2.07042291851102e-06,0.000110947609204912,0
process_noise,SIRS with stochastic process noise,SIRS,ssa,0,0,1,A1,Seasonal Forcing,AR,None,/home/kaahin/degree_project/hybrid-epidemic-forecasting/results/partB/forecasts/partB_process_noise_forecast_A1_AR_None.mat,forecast_results,49,50,3,52,1.49280316518971,0.05,0.95,1.49380568081937,1.49442545309746,0,closed_loop_monte_carlo,ok,0.000619772278097841,-0.95,0.95,0.0407203974643213,0.000226224430357341,3.44317932276578e-06,0.000222781251034575,0
process_noise,SIRS with stochastic process noise,SIRS,ssa,0,0,1,A1,Seasonal Forcing,AR,None,/home/kaahin/degree_project/hybrid-epidemic-forecasting/results/partB/forecasts/partB_process_noise_forecast_A1_AR_None.mat,forecast_results,49,50,4,53,1.49038133490722,0.05,0.95,1.49204943640018,1.49295670927206,0,closed_loop_monte_carlo,ok,0.000907272871883524,-0.95,0.95,0.0676313325901785,0.000375729625500992,5.04040484379736e-06,0.000370689220657194,0
process_noise,SIRS with stochastic process noise,SIRS,ssa,0,0,1,A1,Seasonal Forcing,AR,None,/home/kaahin/degree_project/hybrid-epidemic-forecasting/results/partB/forecasts/partB_process_noise_forecast_A1_AR_None.mat,forecast_results,49,50,5,54,1.48761534509619,0.05,0.95,1.49017857638129,1.49130402108926,0,closed_loop_monte_carlo,ok,0.00112544470797138,-0.95,0.95,0.103654696112107,0.000575859422845038,6.252470599841e-06,0.000569606952245197,0
process_noise,SIRS with stochastic process noise,SIRS,ssa,0,0,1,A1,Seasonal Forcing,AR,None,/home/kaahin/degree_project/hybrid-epidemic-forecasting/results/partB/forecasts/partB_process_noise_forecast_A1_AR_None.mat,forecast_results,49,50,6,55,1.48450847400365,0.05,0.95,1.4882765189167,1.4896192611275,0,closed_loop_monte_carlo,ok,0.00134274221080055,-0.95,0.95,0.152064538732825,0.000844802992960138,7.45967894889195e-06,0.000837343314011246,0
process_noise,SIRS with stochastic process noise,SIRS,ssa,0,0,1,A1,Seasonal Forcing,AR,None,/home/kaahin/degree_project/hybrid-epidemic-forecasting/results/partB/forecasts/partB_process_noise_forecast_A1_AR_None.mat,forecast_results,49,50,7,56,1.48106440388863,0.05,0.95,1.48628616091567,1.48782616091298,0,closed_loop_monte_carlo,ok,0.00153999999730581,-0.95,0.95,0.210410281079078,0.00116894600599488,8.55555554058782e-06,0.00116039045045429,0
process_noise,SIRS with stochastic process noise,SIRS,ssa,0,0,1,A1,Seasonal Forcing,AR,None,/home/kaahin/degree_project/hybrid-epidemic-forecasting/results/partB/forecasts/partB_process_noise_forecast_A1_AR_None.mat,forecast_results,49,50,1,50,1.4966032770697,0.1,0.9,1.49676718703154,1.49688562826326,0,closed_loop_monte_carlo,ok,0.000118441231718336,-0.9,0.9,0.00339664046846533,3.77404496496148e-05,1.31601368575929e-06,3.64244359638555e-05,0
process_noise,SIRS with stochastic process noise,SIRS,ssa,0,0,1,A1,Seasonal Forcing,AR,None,/home/kaahin/degree_project/hybrid-epidemic-forecasting/results/partB/forecasts/partB_process_noise_forecast_A1_AR_None.mat,forecast_results,49,50,2,51,1.49487796559399,0.1,0.9,1.49537722983542,1.49574990596075,0,closed_loop_monte_carlo,ok,0.000372676125331983,-0.9,0.9,0.0103579609537741,0.000115088455041934,4.14084583702204e-06,0.000110947609204912,0
process_noise,SIRS with stochastic process noise,SIRS,ssa,0,0,1,A1,Seasonal Forcing,AR,None,/home/kaahin/degree_project/hybrid-epidemic-forecasting/results/partB/forecasts/partB_process_noise_forecast_A1_AR_None.mat,forecast_results,49,50,3,52,1.49280316518971,0.1,0.9,1.49380568081937,1.49442545309746,0,closed_loop_monte_carlo,ok,0.000619772278097841,-0.9,0.9,0.0206700848712096,0.000229667609680106,6.88635864553157e-06,0.000222781251034575,0
process_noise,SIRS with stochastic process noise,SIRS,ssa,0,0,1,A1,Seasonal Forcing,AR,None,/home/kaahin/degree_project/hybrid-epidemic-forecasting/results/partB/forecasts/partB_process_noise_forecast_A1_AR_None.mat,forecast_results,49,50,4,53,1.49038133490722,0.1,0.9,1.49204943640018,1.49295670927206,0,closed_loop_monte_carlo,ok,0.000907272871883524,-0.9,0.9,0.034269302731031,0.000380770030344789,1.00808096875947e-05,0.000370689220657194,0
process_noise,SIRS with stochastic process noise,SIRS,ssa,0,0,1,A1,Seasonal Forcing,AR,None,/home/kaahin/degree_project/hybrid-epidemic-forecasting/results/partB/forecasts/partB_process_noise_forecast_A1_AR_None.mat,forecast_results,49,50,5,54,1.48761534509619,0.1,0.9,1.49017857638129,1.49130402108926,0,closed_loop_monte_carlo,ok,0.00112544470797138,-0.9,0.9,0.0523900704100391,0.000582111893444879,1.2504941199682e-05,0.000569606952245197,0
process_noise,SIRS with stochastic process noise,SIRS,ssa,0,0,1,A1,Seasonal Forcing,AR,None,/home/kaahin/degree_project/hybrid-epidemic-forecasting/results/partB/forecasts/partB_process_noise_forecast_A1_AR_None.mat,forecast_results,49,50,6,55,1.48450847400365,0.1,0.9,1.4882765189167,1.4896192611275,0,closed_loop_monte_carlo,ok,0.00134274221080055,-0.9,0.9,0.0767036404718127,0.00085226267190903,1.49193578977839e-05,0.000837343314011246,0
process_noise,SIRS with stochastic process noise,SIRS,ssa,0,0,1,A1,Seasonal Forcing,AR,None,/home/kaahin/degree_project/hybrid-epidemic-forecasting/results/partB/forecasts/partB_process_noise_forecast_A1_AR_None.mat,forecast_results,49,50,7,56,1.48106440388863,0.1,0.9,1.48628616091567,1.48782616091298,0,closed_loop_monte_carlo,ok,0.00153999999730581,-0.9,0.9,0.105975140538192,0.00117750156153547,1.71111110811756e-05,0.00116039045045429,0
process_noise,SIRS with stochastic process noise,SIRS,ssa,0,0,1,A1,Seasonal Forcing,AR,None,/home/kaahin/degree_project/hybrid-epidemic-forecasting/results/partB/forecasts/partB_process_noise_forecast_A1_AR_None.mat,forecast_results,49,50,1,50,1.4966032770697,0.2,0.8,1.49676781750613,1.49686783338823,0,closed_loop_monte_carlo,ok,0.000100015882100291,-0.8,0.8,0.00174542024637248,3.8787116586055e-05,2.22257515778423e-06,3.65645414282708e-05,0
process_noise,SIRS with stochastic process noise,SIRS,ssa,0,0,1,A1,Seasonal Forcing,AR,None,/home/kaahin/degree_project/hybrid-epidemic-forecasting/results/partB/forecasts/partB_process_noise_forecast_A1_AR_None.mat,forecast_results,49,50,2,51,1.49487796559399,0.2,0.8,1.49538991593333,1.49567913582653,0,closed_loop_monte_carlo,ok,0.000289219893193193,-0.8,0.8,0.00540872328659137,0.000120193850813141,6.42710873762652e-06,0.000113766742075515,0
process_noise,SIRS with stochastic process noise,SIRS,ssa,0,0,1,A1,Seasonal Forcing,AR,None,/home/kaahin/degree_project/hybrid-epidemic-forecasting/results/partB/forecasts/partB_process_noise_forecast_A1_AR_None.mat,forecast_results,49,50,3,52,1.49280316518971,0.2,0.8,1.4938247987723,1.49431753419286,0,closed_loop_monte_carlo,ok,0.000492735420558166,-0.8,0.8,0.0107090712465014,0.000237979361033365,1.09496760124037e-05,0.000227029685020962,0
process_noise,SIRS with stochastic process noise,SIRS,ssa,0,0,1,A1,Seasonal Forcing,AR,None,/home/kaahin/degree_project/hybrid-epidemic-forecasting/results/partB/forecasts/partB_process_noise_forecast_A1_AR_None.mat,forecast_results,49,50,4,53,1.49038133490722,0.2,0.8,1.4920798775294,1.49279232476155,0,closed_loop_monte_carlo,ok,0.000712447232148916,-0.8,0.8,0.017697873453925,0.00039328607675389,1.58321607144204e-05,0.000377453916039469,0
process_noise,SIRS with stochastic process noise,SIRS,ssa,0,0,1,A1,Seasonal Forcing,AR,None,/home/kaahin/degree_project/hybrid-epidemic-forecasting/results/partB/forecasts/partB_process_noise_forecast_A1_AR_None.mat,forecast_results,49,50,5,54,1.48761534509619,0.2,0.8,1.4902568517793,1.49112847718935,0,closed_loop_monte_carlo,ok,0.000871625410046928,-0.8,0.8,0.0272866922411583,0.000606370938692407,1.93694535565984e-05,0.000587001485135809,0
process_noise,SIRS with stochastic process noise,SIRS,ssa,0,0,1,A1,Seasonal Forcing,AR,None,/home/kaahin/degree_project/hybrid-epidemic-forecasting/results/partB/forecasts/partB_process_noise_forecast_A1_AR_None.mat,forecast_results,49,50,6,55,1.48450847400365,0.2,0.8,1.48832624403018,1.48941093584585,0,closed_loop_monte_carlo,ok,0.00108469181566284,-0.8,0.8,0.0392623920809834,0.00087249760179963,2.41042625702854e-05,0.000848393339229345,0
process_noise,SIRS with stochastic process noise,SIRS,ssa,0,0,1,A1,Seasonal Forcing,AR,None,/home/kaahin/degree_project/hybrid-epidemic-forecasting/results/partB/forecasts/partB_process_noise_forecast_A1_AR_None.mat,forecast_results,49,50,7,56,1.48106440388863,0.2,0.8,1.48632698788202,1.48754960619265,0,closed_loop_monte_carlo,ok,0.00122261831062964,-0.8,0.8,0.0538484582445204,0.00119663240543379,2.71692957917698e-05,0.00116946310964202,0
process_noise,SIRS with stochastic process noise,SIRS,ssa,0,0,1,A1,Seasonal Forcing,AR,None,/home/kaahin/degree_project/hybrid-epidemic-forecasting/results/partB/forecasts/partB_process_noise_forecast_A1_AR_None.mat,forecast_results,49,50,1,50,1.4966032770697,0.5,0.5,1.4967713725271,1.49682783534817,0,closed_loop_monte_carlo,ok,5.64628210724116e-05,-0.5,0.5,0.000728844650656146,4.0491369480897e-05,3.13682339291176e-06,3.73545460879853e-05,0
process_noise,SIRS with stochastic process noise,SIRS,ssa,0,0,1,A1,Seasonal Forcing,AR,None,/home/kaahin/degree_project/hybrid-epidemic-forecasting/results/partB/forecasts/partB_process_noise_forecast_A1_AR_None.mat,forecast_results,49,50,2,51,1.49487796559399,0.5,0.5,1.49541158560697,1.49553851228278,0,closed_loop_monte_carlo,ok,0.000126926675810601,-0.5,0.5,0.00226140672772424,0.000125633707095791,7.05148198947785e-06,0.000118582225106313,0
process_noise,SIRS with stochastic process noise,SIRS,ssa,0,0,1,A1,Seasonal Forcing,AR,None,/home/kaahin/degree_project/hybrid-epidemic-forecasting/results/partB/forecasts/partB_process_noise_forecast_A1_AR_None.mat,forecast_results,49,50,3,52,1.49280316518971,0.5,0.5,1.49385415967639,1.49411904500219,0,closed_loop_monte_carlo,ok,0.000264885325793829,-0.5,0.5,0.00446886327252671,0.00024827018180704,1.47158514329905e-05,0.000233554330374049,0
process_noise,SIRS with stochastic process noise,SIRS,ssa,0,0,1,A1,Seasonal Forcing,AR,None,/home/kaahin/degree_project/hybrid-epidemic-forecasting/results/partB/forecasts/partB_process_noise_forecast_A1_AR_None.mat,forecast_results,49,50,4,53,1.49038133490722,0.5,0.5,1.49214271403303,1.49252517041425,0,closed_loop_monte_carlo,ok,0.000382456381218255,-0.5,0.5,0.00742797288446617,0.000412665160248121,2.12475767343475e-05,0.000391417583513773,0
process_noise,SIRS with stochastic process noise,SIRS,ssa,0,0,1,A1,Seasonal Forcing,AR,None,/home/kaahin/degree_project/hybrid-epidemic-forecasting/results/partB/forecasts/partB_process_noise_forecast_A1_AR_None.mat,forecast_results,49,50,5,54,1.48761534509619,0.5,0.5,1.49039911675747,1.49087353477494,0,closed_loop_monte_carlo,ok,0.00047441801746384,-0.5,0.5,0.0116095046626041,0.000644972481255785,2.63565565257689e-05,0.000618615924730016,0
process_noise,SIRS with stochastic process noise,SIRS,ssa,0,0,1,A1,Seasonal Forcing,AR,None,/home/kaahin/degree_project/hybrid-epidemic-forecasting/results/partB/forecasts/partB_process_noise_forecast_A1_AR_None.mat,forecast_results,49,50,6,55,1.48450847400365,0.5,0.5,1.48853100384627,1.4890142899468,0,closed_loop_monte_carlo,ok,0.000483286100535718,-0.5,0.5,0.0165734054710032,0.000920744748389065,2.68492278075399e-05,0.000893895520581525,0
process_noise,SIRS with stochastic process noise,SIRS,ssa,0,0,1,A1,Seasonal Forcing,AR,None,/home/kaahin/degree_project/hybrid-epidemic-forecasting/results/partB/forecasts/partB_process_noise_forecast_A1_AR_None.mat,forecast_results,49,50,7,56,1.48106440388863,0.5,0.5,1.48654311510915,1.48702111621384,0,closed_loop_monte_carlo,ok,0.000478001104692094,-0.5,0.5,0.0223928459867762,0.00124404699926534,2.65556169273386e-05,0.001217491382338,0
process_noise,SIRS with stochastic process noise,SIRS,ssa,0,0,1,A1,Seasonal Forcing,AR,None,/home/kaahin/degree_project/hybrid-epidemic-forecasting/results/partB/forecasts/partB_process_noise_forecast_A1_AR_None.mat,forecast_results,56,57,1,57,1.47728721665793,0.05,0.95,1.47746833581852,1.47752600720996,0,closed_loop_monte_carlo,ok,5.76713914419713e-05,-0.95,0.95,0.00730243781494622,4.05690989719234e-05,3.20396619122063e-07,4.02487023528014e-05,0
process_noise,SIRS with stochastic process noise,SIRS,ssa,0,0,1,A1,Seasonal Forcing,AR,None,/home/kaahin/degree_project/hybrid-epidemic-forecasting/results/partB/forecasts/partB_process_noise_forecast_A1_AR_None.mat,forecast_results,56,57,2,58,1.47318138902826,0.05,0.95,1.47372403875336,1.47388657538816,0,closed_loop_monte_carlo,ok,0.000162536634796817,-0.95,0.95,0.0218685256385742,0.00012149180910319,9.02981304426762e-07,0.000120588827798763,0
process_noise,SIRS with stochastic process noise,SIRS,ssa,0,0,1,A1,Seasonal Forcing,AR,None,/home/kaahin/degree_project/hybrid-epidemic-forecasting/results/partB/forecasts/partB_process_noise_forecast_A1_AR_None.mat,forecast_results,56,57,3,59,1.46875178722047,0.05,0.95,1.46987146933507,1.47018390189028,0,closed_loop_monte_carlo,ok,0.00031243255520863,-0.95,0.95,0.0450997171392089,0.000250553984106716,1.73573641782572e-06,0.00024881824768889,0
process_noise,SIRS with stochastic process noise,SIRS,ssa,0,0,1,A1,Seasonal Forcing,AR,None,/home/kaahin/degree_project/hybrid-epidemic-forecasting/results/partB/forecasts/partB_process_noise_forecast_A1_AR_None.mat,forecast_results,56,57,4,60,1.46400366119206,0.05,0.95,1.46595024193542,1.46638254819302,0,closed_loop_monte_carlo,ok,0.000432306257596604,-0.95,0.95,0.0782955359919906,0.000434975199955503,2.40170143109225e-06,0.000432573498524411,0
process_noise,SIRS with stochastic process noise,SIRS,ssa,0,0,1,A1,Seasonal Forcing,AR,None,/home/kaahin/degree_project/hybrid-epidemic-forecasting/results/partB/forecasts/partB_process_noise_forecast_A1_AR_None.mat,forecast_results,56,57,5,61,1.45894263841497,0.05,0.95,1.46188877641897,1.46250278341904,0,closed_loop_monte_carlo,ok,0.000614007000073746,-0.95,0.95,0.118459527159759,0.000658108484220882,3.4111500004097e-06,0.000654697334220473,0
process_noise,SIRS with stochastic process noise,SIRS,ssa,0,0,1,A1,Seasonal Forcing,AR,None,/home/kaahin/degree_project/hybrid-epidemic-forecasting/results/partB/forecasts/partB_process_noise_forecast_A1_AR_None.mat,forecast_results,56,57,6,62,1.45357471720592,0.05,0.95,1.45771227701727,1.45847931778039,0,closed_loop_monte_carlo,ok,0.000767040763124172,-0.95,0.95,0.166269433217035,0.000923719073427974,4.26133757291206e-06,0.000919457735855062,0
process_noise,SIRS with stochastic process noise,SIRS,ssa,0,0,1,A1,Seasonal Forcing,AR,None,/home/kaahin/degree_project/hybrid-epidemic-forecasting/results/partB/forecasts/partB_process_noise_forecast_A1_AR_None.mat,forecast_results,56,57,7,63,1.44790625961717,0.05,0.95,1.45338484847512,1.45439869672958,0,closed_loop_monte_carlo,ok,0.00101384825445461,-0.95,0.95,0.220157402572368,0.0012230966809576,5.6324903025256e-06,0.00121746419065507,0
process_noise,SIRS with stochastic process noise,SIRS,ssa,0,0,1,A1,Seasonal Forcing,AR,None,/home/kaahin/degree_project/hybrid-epidemic-forecasting/results/partB/forecasts/partB_process_noise_forecast_A1_AR_None.mat,forecast_results,56,57,1,57,1.47728721665793,0.1,0.9,1.47746833581852,1.47752600720996,0,closed_loop_monte_carlo,ok,5.76713914419713e-05,-0.9,0.9,0.00368005460319409,4.08894955910455e-05,6.40793238244126e-07,4.02487023528014e-05,0
process_noise,SIRS with stochastic process noise,SIRS,ssa,0,0,1,A1,Seasonal Forcing,AR,None,/home/kaahin/degree_project/hybrid-epidemic-forecasting/results/partB/forecasts/partB_process_noise_forecast_A1_AR_None.mat,forecast_results,56,57,2,58,1.47318138902826,0.1,0.9,1.47372403875336,1.47388657538816,0,closed_loop_monte_carlo,ok,0.000162536634796817,-0.9,0.9,0.0110155311366855,0.000122394790407617,1.80596260885352e-06,0.000120588827798763,0
process_noise,SIRS with stochastic process noise,SIRS,ssa,0,0,1,A1,Seasonal Forcing,AR,None,/home/kaahin/degree_project/hybrid-epidemic-forecasting/results/partB/forecasts/partB_process_noise_forecast_A1_AR_None.mat,forecast_results,56,57,3,59,1.46875178722047,0.1,0.9,1.46987146933507,1.47018390189028,0,closed_loop_monte_carlo,ok,0.00031243255520863,-0.9,0.9,0.0227060748472088,0.000252289720524542,3.47147283565145e-06,0.00024881824768889,0
process_noise,SIRS with stochastic process noise,SIRS,ssa,0,0,1,A1,Seasonal Forcing,AR,None,/home/kaahin/degree_project/hybrid-epidemic-forecasting/results/partB/forecasts/partB_process_noise_forecast_A1_AR_None.mat,forecast_results,56,57,4,60,1.46400366119206,0.1,0.9,1.46595024193542,1.46638254819302,0,closed_loop_monte_carlo,ok,0.000432306257596604,-0.9,0.9,0.0393639211247936,0.000437376901386595,4.80340286218449e-06,0.000432573498524411,0
process_noise,SIRS with stochastic process noise,SIRS,ssa,0,0,1,A1,Seasonal Forcing,AR,None,/home/kaahin/degree_project/hybrid-epidemic-forecasting/results/partB/forecasts/partB_process_noise_forecast_A1_AR_None.mat,forecast_results,56,57,5,61,1.45894263841497,0.1,0.9,1.46188877641897,1.46250278341904,0,closed_loop_monte_carlo,ok,0.000614007000073746,-0.9,0.9,0.0595367670799163,0.000661519634221292,6.8223000008194e-06,0.000654697334220473,0
process_noise,SIRS with stochastic process noise,SIRS,ssa,0,0,1,A1,Seasonal Forcing,AR,None,/home/kaahin/degree_project/hybrid-epidemic-forecasting/results/partB/forecasts/partB_process_noise_forecast_A1_AR_None.mat,forecast_results,56,57,6,62,1.45357471720592,0.1,0.9,1.45771227701727,1.45847931778039,0,closed_loop_monte_carlo,ok,0.000767040763124172,-0.9,0.9,0.0835182369900798,0.000927980411000886,8.52267514582413e-06,0.000919457735855062,0
process_noise,SIRS with stochastic process noise,SIRS,ssa,0,0,1,A1,Seasonal Forcing,AR,None,/home/kaahin/degree_project/hybrid-epidemic-forecasting/results/partB/forecasts/partB_process_noise_forecast_A1_AR_None.mat,forecast_results,56,57,7,63,1.44790625961717,0.1,0.9,1.45338484847512,1.45439869672958,0,closed_loop_monte_carlo,ok,0.00101384825445461,-0.9,0.9,0.110585625413411,0.00122872917126012,1.12649806050512e-05,0.00121746419065507,0
process_noise,SIRS with stochastic process noise,SIRS,ssa,0,0,1,A1,Seasonal Forcing,AR,None,/home/kaahin/degree_project/hybrid-epidemic-forecasting/results/partB/forecasts/partB_process_noise_forecast_A1_AR_None.mat,forecast_results,56,57,1,57,1.47728721665793,0.2,0.8,1.47746858650674,1.47751955678139,0,closed_loop_monte_carlo,ok,5.09702746538387e-05,-0.8,0.8,0.00186466876276503,4.14370836170007e-05,1.13267277008531e-06,4.03044108469154e-05,0
process_noise,SIRS with stochastic process noise,SIRS,ssa,0,0,1,A1,Seasonal Forcing,AR,None,/home/kaahin/degree_project/hybrid-epidemic-forecasting/results/partB/forecasts/partB_process_noise_forecast_A1_AR_None.mat,forecast_results,56,57,2,58,1.47318138902826,0.2,0.8,1.47373068642766,1.47388056166434,0,closed_loop_monte_carlo,ok,0.000149875236676866,-0.8,0.8,0.00564284923065816,0.000125396649570181,3.33056081504147e-06,0.00012206608875514,0
process_noise,SIRS with stochastic process noise,SIRS,ssa,0,0,1,A1,Seasonal Forcing,AR,None,/home/kaahin/degree_project/hybrid-epidemic-forecasting/results/partB/forecasts/partB_process_noise_forecast_A1_AR_None.mat,forecast_results,56,57,3,59,1.46875178722047,0.2,0.8,1.4698786030428,1.47016622821715,0,closed_loop_monte_carlo,ok,0.000287625174347772,-0.8,0.8,0.0115557833976287,0.000256795186613972,6.3916705410616e-06,0.000250403516072911,0
process_noise,SIRS with stochastic process noise,SIRS,ssa,0,0,1,A1,Seasonal Forcing,AR,None,/home/kaahin/degree_project/hybrid-epidemic-forecasting/results/partB/forecasts/partB_process_noise_forecast_A1_AR_None.mat,forecast_results,56,57,4,60,1.46400366119206,0.2,0.8,1.46595181722291,1.46633216763708,0,closed_loop_monte_carlo,ok,0.000380350414171282,-0.8,0.8,0.0198619107226943,0.000441375793837651,8.45223142602849e-06,0.000432923562411622,0
process_noise,SIRS with stochastic process noise,SIRS,ssa,0,0,1,A1,Seasonal Forcing,AR,None,/home/kaahin/degree_project/hybrid-epidemic-forecasting/results/partB/forecasts/partB_process_noise_forecast_A1_AR_None.mat,forecast_results,56,57,5,61,1.45894263841497,0.2,0.8,1.46191823070454,1.46246354576451,0,closed_loop_monte_carlo,ok,0.000545315059974794,-0.8,0.8,0.0303012379556304,0.000673360843458454,1.21181124438843e-05,0.00066124273101457,0
process_noise,SIRS with stochastic process noise,SIRS,ssa,0,0,1,A1,Seasonal Forcing,AR,None,/home/kaahin/degree_project/hybrid-epidemic-forecasting/results/partB/forecasts/partB_process_noise_forecast_A1_AR_None.mat,forecast_results,56,57,6,62,1.45357471720592,0.2,0.8,1.45772237581686,1.45845119111125,0,closed_loop_monte_carlo,ok,0.000728815294390728,-0.8,0.8,0.0422054014038054,0.000937897808973452,1.61958954309051e-05,0.000921701913542547,0
process_noise,SIRS with stochastic process noise,SIRS,ssa,0,0,1,A1,Seasonal Forcing,AR,None,/home/kaahin/degree_project/hybrid-epidemic-forecasting/results/partB/forecasts/partB_process_noise_forecast_A1_AR_None.mat,forecast_results,56,57,7,63,1.44790625961717,0.2,0.8,1.45339075569968,1.45435642610375,0,closed_loop_monte_carlo,ok,0.000965670404070806,-0.8,0.8,0.0558106312291198,0.001240236249536,2.14593423126846e-05,0.00121877690722331,0
process_noise,SIRS with stochastic process noise,SIRS,ssa,0,0,1,A1,Seasonal Forcing,AR,None,/home/kaahin/degree_project/hybrid-epidemic-forecasting/results/partB/forecasts/partB_process_noise_forecast_A1_AR_None.mat,forecast_results,56,57,1,57,1.47728721665793,0.5,0.5,1.47746924821554,1.47750238697364,0,closed_loop_monte_carlo,ok,3.31387581027354e-05,-0.5,0.5,0.000761264988547117,4.22924993637287e-05,1.84104211681863e-06,4.04514572469101e-05,0
process_noise,SIRS with stochastic process noise,SIRS,ssa,0,0,1,A1,Seasonal Forcing,AR,None,/home/kaahin/degree_project/hybrid-epidemic-forecasting/results/partB/forecasts/partB_process_noise_forecast_A1_AR_None.mat,forecast_results,56,57,2,58,1.47318138902826,0.5,0.5,1.47375012565644,1.47386921109867,0,closed_loop_monte_carlo,ok,0.000119085442232603,-0.5,0.5,0.00239403195492738,0.000133001775273743,6.61585790181126e-06,0.000126385917371932,0
process_noise,SIRS with stochastic process noise,SIRS,ssa,0,0,1,A1,Seasonal Forcing,AR,None,/home/kaahin/degree_project/hybrid-epidemic-forecasting/results/partB/forecasts/partB_process_noise_forecast_A1_AR_None.mat,forecast_results,56,57,3,59,1.46875178722047,0.5,0.5,1.46991818772834,1.47007434560377,0,closed_loop_monte_carlo,ok,0.000156157875427665,-0.5,0.5,0.00482175990691469,0.000267875550384149,8.67543752375916e-06,0.00025920011286039,0
process_noise,SIRS with stochastic process noise,SIRS,ssa,0,0,1,A1,Seasonal Forcing,AR,None,/home/kaahin/degree_project/hybrid-epidemic-forecasting/results/partB/forecasts/partB_process_noise_forecast_A1_AR_None.mat,forecast_results,56,57,4,60,1.46400366119206,0.5,0.5,1.46600717807541,1.46614157812894,0,closed_loop_monte_carlo,ok,0.000134400053521277,-0.5,0.5,0.00814846758693411,0.000452692643718561,7.46666964007097e-06,0.00044522597407849,0
process_noise,SIRS with stochastic process noise,SIRS,ssa,0,0,1,A1,Seasonal Forcing,AR,None,/home/kaahin/degree_project/hybrid-epidemic-forecasting/results/partB/forecasts/partB_process_noise_forecast_A1_AR_None.mat,forecast_results,56,57,5,61,1.45894263841497,0.5,0.5,1.46195139947525,1.46213083886633,0,closed_loop_monte_carlo,ok,0.000179439391085889,-0.5,0.5,0.0122144836321829,0.000678582424010162,9.96885506032719e-06,0.000668613568949835,0
process_noise,SIRS with stochastic process noise,SIRS,ssa,0,0,1,A1,Seasonal Forcing,AR,None,/home/kaahin/degree_project/hybrid-epidemic-forecasting/results/partB/forecasts/partB_process_noise_forecast_A1_AR_None.mat,forecast_results,56,57,6,62,1.45357471720592,0.5,0.5,1.45774629984693,1.45811845547547,0,closed_loop_monte_carlo,ok,0.000372155628536541,-0.5,0.5,0.01705848619259,0.00094769367736611,2.06753126964745e-05,0.000927018364669636,0
process_noise,SIRS with stochastic process noise,SIRS,ssa,0,0,1,A1,Seasonal Forcing,AR,None,/home/kaahin/degree_project/hybrid-epidemic-forecasting/results/partB/forecasts/partB_process_noise_forecast_A1_AR_None.mat,forecast_results,56,57,7,63,1.44790625961717,0.5,0.5,1.4533983545814,1.4540126295443,0,closed_loop_monte_carlo,ok,0.000614274962905448,-0.5,0.5,0.0225826548198027,0.00125459193443348,3.41263868280804e-05,0.0012204655476054,0
process_noise,SIRS with stochastic process noise,SIRS,ssa,0,0,1,A1,Seasonal Forcing,ARX,I,/home/kaahin/degree_project/hybrid-epidemic-forecasting/results/partB/forecasts/partB_process_noise_forecast_A1_ARX_I.mat,forecast_results,49,50,1,50,1.4966032770697,0.05,0.95,1.49661416538659,1.49662621778623,0,closed_loop_monte_carlo,ok,1.2052399637863e-05,-0.95,0.95,0.000447585075268986,2.48658375149437e-06,6.69577757659054e-08,2.41962597572846e-06,0
process_noise,SIRS with stochastic process noise,SIRS,ssa,0,0,1,A1,Seasonal Forcing,ARX,I,/home/kaahin/degree_project/hybrid-epidemic-forecasting/results/partB/forecasts/partB_process_noise_forecast_A1_ARX_I.mat,forecast_results,49,50,2,51,1.49487796559399,0.05,0.95,1.49491407757777,1.49493476073438,0,closed_loop_monte_carlo,ok,2.06831566129662e-05,-0.95,0.95,0.00146516250749129,8.13979170828495e-06,1.1490642562759e-07,8.02488528265736e-06,0
process_noise,SIRS with stochastic process noise,SIRS,ssa,0,0,1,A1,Seasonal Forcing,ARX,I,/home/kaahin/degree_project/hybrid-epidemic-forecasting/results/partB/forecasts/partB_process_noise_forecast_A1_ARX_I.mat,forecast_results,49,50,3,52,1.49280316518971,0.05,0.95,1.49288219105679,1.49292061313241,0,closed_loop_monte_carlo,ok,3.84220756268761e-05,-0.95,0.95,0.0031994567586926,1.77747597705144e-05,2.13455975704867e-07,1.75613037948096e-05,0
process_noise,SIRS with stochastic process noise,SIRS,ssa,0,0,1,A1,Seasonal Forcing,ARX,I,/home/kaahin/degree_project/hybrid-epidemic-forecasting/results/partB/forecasts/partB_process_noise_forecast_A1_ARX_I.mat,forecast_results,49,50,4,53,1.49038133490722,0.05,0.95,1.49052679966035,1.49057686703175,0,closed_loop_monte_carlo,ok,5.00673714034505e-05,-0.95,0.95,0.00586865749661403,3.26036527589668e-05,2.78152063352503e-07,3.23255006956143e-05,0
process_noise,SIRS with stochastic process noise,SIRS,ssa,0,0,1,A1,Seasonal Forcing,ARX,I,/home/kaahin/degree_project/hybrid-epidemic-forecasting/results/partB/forecasts/partB_process_noise_forecast_A1_ARX_I.mat,forecast_results,49,50,5,54,1.48761534509619,0.05,0.95,1.48784782228208,1.48791803475436,0,closed_loop_monte_carlo,ok,7.02124722842257e-05,-0.95,0.95,0.00936929990788116,5.20516661548953e-05,3.9006929046792e-07,5.16615968644274e-05,0
process_noise,SIRS with stochastic process noise,SIRS,ssa,0,0,1,A1,Seasonal Forcing,ARX,I,/home/kaahin/degree_project/hybrid-epidemic-forecasting/results/partB/forecasts/partB_process_noise_forecast_A1_ARX_I.mat,forecast_results,49,50,6,55,1.48450847400365,0.05,0.95,1.48486003009595,1.48495979460407,0,closed_loop_monte_carlo,ok,9.97645081231013e-05,-0.95,0.95,0.0141620082001221,7.86778233340119e-05,5.54247267350563e-07,7.81235760666614e-05,0
process_noise,SIRS with stochastic process noise,SIRS,ssa,0,0,1,A1,Seasonal Forcing,ARX,I,/home/kaahin/degree_project/hybrid-epidemic-forecasting/results/partB/forecasts/partB_process_noise_forecast_A1_ARX_I.mat,forecast_results,49,50,7,56,1.48106440388863,0.05,0.95,1.48157612657535,1.48169590179475,0,closed_loop_monte_carlo,ok,0.000119775219399987,-0.95,0.95,0.0205886826881625,0.000114381570489792,6.65417885555482e-07,0.000113716152604236,0
process_noise,SIRS with stochastic process noise,SIRS,ssa,0,0,1,A1,Seasonal Forcing,ARX,I,/home/kaahin/degree_project/hybrid-epidemic-forecasting/results/partB/forecasts/partB_process_noise_forecast_A1_ARX_I.mat,forecast_results,49,50,1,50,1.4966032770697,0.1,0.9,1.49661416538659,1.49662621778623,0,closed_loop_monte_carlo,ok,1.2052399637863e-05,-0.9,0.9,0.000229818737453424,2.55354152726027e-06,1.33915551531811e-07,2.41962597572846e-06,0
process_noise,SIRS with stochastic process noise,SIRS,ssa,0,0,1,A1,Seasonal Forcing,ARX,I,/home/kaahin/degree_project/hybrid-epidemic-forecasting/results/partB/forecasts/partB_process_noise_forecast_A1_ARX_I.mat,forecast_results,49,50,2,51,1.49487796559399,0.1,0.9,1.49491407757777,1.49493476073438,0,closed_loop_monte_carlo,ok,2.06831566129662e-05,-0.9,0.9,0.000742922832052129,8.25469813391254e-06,2.2981285125518e-07,8.02488528265736e-06,0
process_noise,SIRS with stochastic process noise,SIRS,ssa,0,0,1,A1,Seasonal Forcing,ARX,I,/home/kaahin/degree_project/hybrid-epidemic-forecasting/results/partB/forecasts/partB_process_noise_forecast_A1_ARX_I.mat,forecast_results,49,50,3,52,1.49280316518971,0.1,0.9,1.49288219105679,1.49292061313241,0,closed_loop_monte_carlo,ok,3.84220756268761e-05,-0.9,0.9,0.00161893941715974,1.79882157462193e-05,4.26911951409734e-07,1.75613037948096e-05,0
process_noise,SIRS with stochastic process noise,SIRS,ssa,0,0,1,A1,Seasonal Forcing,ARX,I,/home/kaahin/degree_project/hybrid-epidemic-forecasting/results/partB/forecasts/partB_process_noise_forecast_A1_ARX_I.mat,forecast_results,49,50,4,53,1.49038133490722,0.1,0.9,1.49052679966035,1.49057686703175,0,closed_loop_monte_carlo,ok,5.00673714034505e-05,-0.9,0.9,0.00295936243400874,3.28818048223193e-05,5.56304126705006e-07,3.23255006956143e-05,0
process_noise,SIRS with stochastic process noise,SIRS,ssa,0,0,1,A1,Seasonal Forcing,ARX,I,/home/kaahin/degree_project/hybrid-epidemic-forecasting/results/partB/forecasts/partB_process_noise_forecast_A1_ARX_I.mat,forecast_results,49,50,5,54,1.48761534509619,0.1,0.9,1.48784782228208,1.48791803475436,0,closed_loop_monte_carlo,ok,7.02124722842257e-05,-0.9,0.9,0.00471975619008269,5.24417354453632e-05,7.80138580935841e-07,5.16615968644274e-05,0
process_noise,SIRS with stochastic process noise,SIRS,ssa,0,0,1,A1,Seasonal Forcing,ARX,I,/home/kaahin/degree_project/hybrid-epidemic-forecasting/results/partB/forecasts/partB_process_noise_forecast_A1_ARX_I.mat,forecast_results,49,50,6,55,1.48450847400365,0.1,0.9,1.48486003009595,1.48495979460407,0,closed_loop_monte_carlo,ok,9.97645081231013e-05,-0.9,0.9,0.00713088635412262,7.92320706013625e-05,1.10849453470113e-06,7.81235760666614e-05,0
process_noise,SIRS with stochastic process noise,SIRS,ssa,0,0,1,A1,Seasonal Forcing,ARX,I,/home/kaahin/degree_project/hybrid-epidemic-forecasting/results/partB/forecasts/partB_process_noise_forecast_A1_ARX_I.mat,forecast_results,49,50,7,56,1.48106440388863,0.1,0.9,1.48157612657535,1.48169590179475,0,closed_loop_monte_carlo,ok,0.000119775219399987,-0.9,0.9,0.0103542289537812,0.000115046988375347,1.33083577111096e-06,0.000113716152604236,0
process_noise,SIRS with stochastic process noise,SIRS,ssa,0,0,1,A1,Seasonal Forcing,ARX,I,/home/kaahin/degree_project/hybrid-epidemic-forecasting/results/partB/forecasts/partB_process_noise_forecast_A1_ARX_I.mat,forecast_results,49,50,1,50,1.4966032770697,0.2,0.8,1.49661493628247,1.4966236300218,0,closed_loop_monte_carlo,ok,8.69373933287676e-06,-0.8,0.8,0.000125285867025315,2.78413037834034e-06,1.93194207397261e-07,2.59093617094308e-06,0
process_noise,SIRS with stochastic process noise,SIRS,ssa,0,0,1,A1,Seasonal Forcing,ARX,I,/home/kaahin/degree_project/hybrid-epidemic-forecasting/results/partB/forecasts/partB_process_noise_forecast_A1_ARX_I.mat,forecast_results,49,50,2,51,1.49487796559399,0.2,0.8,1.49491562532719,1.49493080570697,0,closed_loop_monte_carlo,ok,1.51803797818761e-05,-0.8,0.8,0.000391777711763241,8.70617137251648e-06,3.37341772930581e-07,8.3688295995859e-06,0
process_noise,SIRS with stochastic process noise,SIRS,ssa,0,0,1,A1,Seasonal Forcing,ARX,I,/home/kaahin/degree_project/hybrid-epidemic-forecasting/results/partB/forecasts/partB_process_noise_forecast_A1_ARX_I.mat,forecast_results,49,50,3,52,1.49280316518971,0.2,0.8,1.49288323468942,1.49291298132074,0,closed_loop_monte_carlo,ok,2.97466313274874e-05,-0.8,0.8,0.000830441628381529,1.84542584084784e-05,6.61036251721943e-07,1.77932221567565e-05,0
process_noise,SIRS with stochastic process noise,SIRS,ssa,0,0,1,A1,Seasonal Forcing,ARX,I,/home/kaahin/degree_project/hybrid-epidemic-forecasting/results/partB/forecasts/partB_process_noise_forecast_A1_ARX_I.mat,forecast_results,49,50,4,53,1.49038133490722,0.2,0.8,1.49052798839413,1.49057177186269,0,closed_loop_monte_carlo,ok,4.37834685595995e-05,-0.8,0.8,0.00151031833769633,3.3562629726585e-05,9.72965967991099e-07,3.25896637585939e-05,0
process_noise,SIRS with stochastic process noise,SIRS,ssa,0,0,1,A1,Seasonal Forcing,ARX,I,/home/kaahin/degree_project/hybrid-epidemic-forecasting/results/partB/forecasts/partB_process_noise_forecast_A1_ARX_I.mat,forecast_results,49,50,5,54,1.48761534509619,0.2,0.8,1.48785128753423,1.48791417374965,0,closed_loop_monte_carlo,ok,6.28862154212761e-05,-0.8,0.8,0.0024223105958594,5.38291243524311e-05,1.39747145380614e-06,5.2431652898625e-05,0
process_noise,SIRS with stochastic process noise,SIRS,ssa,0,0,1,A1,Seasonal Forcing,ARX,I,/home/kaahin/degree_project/hybrid-epidemic-forecasting/results/partB/forecasts/partB_process_noise_forecast_A1_ARX_I.mat,forecast_results,49,50,6,55,1.48450847400365,0.2,0.8,1.48486597842247,1.48494577352522,0,closed_loop_monte_carlo,ok,7.97951027551314e-05,-0.8,0.8,0.00365483929090393,8.12186509089763e-05,1.77322450566959e-06,7.94454264033067e-05,0
process_noise,SIRS with stochastic process noise,SIRS,ssa,0,0,1,A1,Seasonal Forcing,ARX,I,/home/kaahin/degree_project/hybrid-epidemic-forecasting/results/partB/forecasts/partB_process_noise_forecast_A1_ARX_I.mat,forecast_results,49,50,7,56,1.48106440388863,0.2,0.8,1.4815842666744,1.48168390812761,0,closed_loop_monte_carlo,ok,9.96414532170586e-05,-0.8,0.8,0.00529826931088473,0.000117739318019661,2.21425451593464e-06,0.000115525063503726,0
process_noise,SIRS with stochastic process noise,SIRS,ssa,0,0,1,A1,Seasonal Forcing,ARX,I,/home/kaahin/degree_project/hybrid-epidemic-forecasting/results/partB/forecasts/partB_process_noise_forecast_A1_ARX_I.mat,forecast_results,49,50,1,50,1.4966032770697,0.5,0.5,1.49661694720943,1.49662000402536,0,closed_loop_monte_carlo,ok,3.05681593082419e-06,-0.5,0.5,5.77373748480436e-05,3.20763193600242e-06,1.6982310726801e-07,3.03780882873441e-06,0
process_noise,SIRS with stochastic process noise,SIRS,ssa,0,0,1,A1,Seasonal Forcing,ARX,I,/home/kaahin/degree_project/hybrid-epidemic-forecasting/results/partB/forecasts/partB_process_noise_forecast_A1_ARX_I.mat,forecast_results,49,50,2,51,1.49487796559399,0.5,0.5,1.49491850224526,1.49492391968783,0,closed_loop_monte_carlo,ok,5.41744257431809e-06,-0.5,0.5,0.000167564047629076,9.3091137571709e-06,3.0096903190656e-07,9.00814472526434e-06,0
process_noise,SIRS with stochastic process noise,SIRS,ssa,0,0,1,A1,Seasonal Forcing,ARX,I,/home/kaahin/degree_project/hybrid-epidemic-forecasting/results/partB/forecasts/partB_process_noise_forecast_A1_ARX_I.mat,forecast_results,49,50,3,52,1.49280316518971,0.5,0.5,1.49288718383927,1.49290124626222,0,closed_loop_monte_carlo,ok,1.40624229483244e-05,-0.5,0.5,0.000350137021185137,1.94520567325076e-05,7.81245719351355e-07,1.86708110131563e-05,0
process_noise,SIRS with stochastic process noise,SIRS,ssa,0,0,1,A1,Seasonal Forcing,ARX,I,/home/kaahin/degree_project/hybrid-epidemic-forecasting/results/partB/forecasts/partB_process_noise_forecast_A1_ARX_I.mat,forecast_results,49,50,4,53,1.49038133490722,0.5,0.5,1.4905305760256,1.49055634816231,0,closed_loop_monte_carlo,ok,2.5772136714286e-05,-0.5,0.5,0.000622736610230268,3.4596478346126e-05,1.43178537301589e-06,3.31646929731101e-05,0
process_noise,SIRS with stochastic process noise,SIRS,ssa,0,0,1,A1,Seasonal Forcing,ARX,I,/home/kaahin/degree_project/hybrid-epidemic-forecasting/results/partB/forecasts/partB_process_noise_forecast_A1_ARX_I.mat,forecast_results,49,50,5,54,1.48761534509619,0.5,0.5,1.48786071645688,1.48789365618593,0,closed_loop_monte_carlo,ok,3.29397290497191e-05,-0.5,0.5,0.00101442517180006,5.63569539888922e-05,1.82998494720662e-06,5.45269690416856e-05,0
process_noise,SIRS with stochastic process noise,SIRS,ssa,0,0,1,A1,Seasonal Forcing,ARX,I,/home/kaahin/degree_project/hybrid-epidemic-forecasting/results/partB/forecasts/partB_process_noise_forecast_A1_ARX_I.mat,forecast_results,49,50,6,55,1.48450847400365,0.5,0.5,1.48487801586519,1.48493059974324,0,closed_loop_monte_carlo,ok,5.25838780467414e-05,-0.5,0.5,0.00153075132421798,8.50417402343324e-05,2.9213265581523e-06,8.21204136761801e-05,0
process_noise,SIRS with stochastic process noise,SIRS,ssa,0,0,1,A1,Seasonal Forcing,ARX,I,/home/kaahin/degree_project/hybrid-epidemic-forecasting/results/partB/forecasts/partB_process_noise_forecast_A1_ARX_I.mat,forecast_results,49,50,7,56,1.48106440388863,0.5,0.5,1.48159482330107,1.48166326802234,0,closed_loop_monte_carlo,ok,6.84447212728756e-05,-0.5,0.5,0.00219012237103389,0.000121673465057438,3.80248451515976e-06,0.000117870980542278,0
process_noise,SIRS with stochastic process noise,SIRS,ssa,0,0,1,A1,Seasonal Forcing,ARX,I,/home/kaahin/degree_project/hybrid-epidemic-forecasting/results/partB/forecasts/partB_process_noise_forecast_A1_ARX_I.mat,forecast_results,56,57,1,57,1.47728721665793,0.05,0.95,1.47729189160996,1.47730521623672,0,closed_loop_monte_carlo,ok,1.33246267668419e-05,-0.95,0.95,0.000200322707911038,1.1129039328391e-06,7.40257042602326e-08,1.03887822857887e-06,0
process_noise,SIRS with stochastic process noise,SIRS,ssa,0,0,1,A1,Seasonal Forcing,ARX,I,/home/kaahin/degree_project/hybrid-epidemic-forecasting/results/partB/forecasts/partB_process_noise_forecast_A1_ARX_I.mat,forecast_results,56,57,2,58,1.47318138902826,0.05,0.95,1.47319940992562,1.47325267220906,0,closed_loop_monte_carlo,ok,5.32622834397145e-05,-0.95,0.95,0.000774098177516613,4.30054543064785e-06,2.95901574665081e-07,4.00464385598277e-06,0
process_noise,SIRS with stochastic process noise,SIRS,ssa,0,0,1,A1,Seasonal Forcing,ARX,I,/home/kaahin/degree_project/hybrid-epidemic-forecasting/results/partB/forecasts/partB_process_noise_forecast_A1_ARX_I.mat,forecast_results,56,57,3,59,1.46875178722047,0.05,0.95,1.46880380943793,1.46889946685193,0,closed_loop_monte_carlo,ok,9.56574140043021e-05,-0.95,0.95,0.00217654611217477,1.20919228454154e-05,5.31430077801678e-07,1.15604927676137e-05,0
process_noise,SIRS with stochastic process noise,SIRS,ssa,0,0,1,A1,Seasonal Forcing,ARX,I,/home/kaahin/degree_project/hybrid-epidemic-forecasting/results/partB/forecasts/partB_process_noise_forecast_A1_ARX_I.mat,forecast_results,56,57,4,60,1.46400366119206,0.05,0.95,1.46410462416298,1.46425272407636,0,closed_loop_monte_carlo,ok,0.000148099913376942,-0.95,0.95,0.00418661875019,2.32589930566111e-05,8.22777296538568e-07,2.24362157600725e-05,0
process_noise,SIRS with stochastic process noise,SIRS,ssa,0,0,1,A1,Seasonal Forcing,ARX,I,/home/kaahin/degree_project/hybrid-epidemic-forecasting/results/partB/forecasts/partB_process_noise_forecast_A1_ARX_I.mat,forecast_results,56,57,5,61,1.45894263841497,0.05,0.95,1.45910792754685,1.45931226489788,0,closed_loop_monte_carlo,ok,0.000204337351036754,-0.95,0.95,0.00681590262603105,3.78661257001725e-05,1.13520750575975e-06,3.67309181944127e-05,0
process_noise,SIRS with stochastic process noise,SIRS,ssa,0,0,1,A1,Seasonal Forcing,ARX,I,/home/kaahin/degree_project/hybrid-epidemic-forecasting/results/partB/forecasts/partB_process_noise_forecast_A1_ARX_I.mat,forecast_results,56,57,6,62,1.45357471720592,0.05,0.95,1.4538270139378,1.45408226714683,0,closed_loop_monte_carlo,ok,0.00025525320902986,-0.95,0.95,0.0103471224841183,5.74840138006572e-05,1.41807338349922e-06,5.60659404171579e-05,0
process_noise,SIRS with stochastic process noise,SIRS,ssa,0,0,1,A1,Seasonal Forcing,ARX,I,/home/kaahin/degree_project/hybrid-epidemic-forecasting/results/partB/forecasts/partB_process_noise_forecast_A1_ARX_I.mat,forecast_results,56,57,7,63,1.44790625961717,0.05,0.95,1.44828009835333,1.44857187923728,0,closed_loop_monte_carlo,ok,0.000291780883952431,-0.95,0.95,0.0152453303302917,8.46962796127319e-05,1.62100491084684e-06,8.3075274701885e-05,0
process_noise,SIRS with stochastic process noise,SIRS,ssa,0,0,1,A1,Seasonal Forcing,ARX,I,/home/kaahin/degree_project/hybrid-epidemic-forecasting/results/partB/forecasts/partB_process_noise_forecast_A1_ARX_I.mat,forecast_results,56,57,1,57,1.47728721665793,0.1,0.9,1.47729189160996,1.47730521623672,0,closed_loop_monte_carlo,ok,1.33246267668419e-05,-0.9,0.9,0.00010682366733894,1.18692963709933e-06,1.48051408520465e-07,1.03887822857887e-06,0
process_noise,SIRS with stochastic process noise,SIRS,ssa,0,0,1,A1,Seasonal Forcing,ARX,I,/home/kaahin/degree_project/hybrid-epidemic-forecasting/results/partB/forecasts/partB_process_noise_forecast_A1_ARX_I.mat,forecast_results,56,57,2,58,1.47318138902826,0.1,0.9,1.47319940992562,1.47325267220906,0,closed_loop_monte_carlo,ok,5.32622834397145e-05,-0.9,0.9,0.000413680230478164,4.59644700531293e-06,5.91803149330161e-07,4.00464385598277e-06,0
process_noise,SIRS with stochastic process noise,SIRS,ssa,0,0,1,A1,Seasonal Forcing,ARX,I,/home/kaahin/degree_project/hybrid-epidemic-forecasting/results/partB/forecasts/partB_process_noise_forecast_A1_ARX_I.mat,forecast_results,56,57,3,59,1.46875178722047,0.1,0.9,1.46880380943793,1.46889946685193,0,closed_loop_monte_carlo,ok,9.56574140043021e-05,-0.9,0.9,0.00113610176308954,1.26233529232171e-05,1.06286015560336e-06,1.15604927676137e-05,0
process_noise,SIRS with stochastic process noise,SIRS,ssa,0,0,1,A1,Seasonal Forcing,ARX,I,/home/kaahin/degree_project/hybrid-epidemic-forecasting/results/partB/forecasts/partB_process_noise_forecast_A1_ARX_I.mat,forecast_results,56,57,4,60,1.46400366119206,0.1,0.9,1.46410462416298,1.46425272407636,0,closed_loop_monte_carlo,ok,0.000148099913376942,-0.9,0.9,0.00216735933178347,2.40817703531497e-05,1.64555459307714e-06,2.24362157600725e-05,0
process_noise,SIRS with stochastic process noise,SIRS,ssa,0,0,1,A1,Seasonal Forcing,ARX,I,/home/kaahin/degree_project/hybrid-epidemic-forecasting/results/partB/forecasts/partB_process_noise_forecast_A1_ARX_I.mat,forecast_results,56,57,5,61,1.45894263841497,0.1,0.9,1.45910792754685,1.45931226489788,0,closed_loop_monte_carlo,ok,0.000204337351036754,-0.9,0.9,0.0035101199885339,3.90013332059322e-05,2.27041501151949e-06,3.67309181944127e-05,0
process_noise,SIRS with stochastic process noise,SIRS,ssa,0,0,1,A1,Seasonal Forcing,ARX,I,/home/kaahin/degree_project/hybrid-epidemic-forecasting/results/partB/forecasts/partB_process_noise_forecast_A1_ARX_I.mat,forecast_results,56,57,6,62,1.45357471720592,0.1,0.9,1.4538270139378,1.45408226714683,0,closed_loop_monte_carlo,ok,0.00025525320902986,-0.9,0.9,0.00530118784657407,5.89020871841564e-05,2.83614676699844e-06,5.60659404171579e-05,0
process_noise,SIRS with stochastic process noise,SIRS,ssa,0,0,1,A1,Seasonal Forcing,ARX,I,/home/kaahin/degree_project/hybrid-epidemic-forecasting/results/partB/forecasts/partB_process_noise_forecast_A1_ARX_I.mat,forecast_results,56,57,7,63,1.44790625961717,0.1,0.9,1.44828009835333,1.44857187923728,0,closed_loop_monte_carlo,ok,0.000291780883952431,-0.9,0.9,0.00776855560712209,8.63172845235787e-05,3.24200982169367e-06,8.3075274701885e-05,0
process_noise,SIRS with stochastic process noise,SIRS,ssa,0,0,1,A1,Seasonal Forcing,ARX,I,/home/kaahin/degree_project/hybrid-epidemic-forecasting/results/partB/forecasts/partB_process_noise_forecast_A1_ARX_I.mat,forecast_results,56,57,1,57,1.47728721665793,0.2,0.8,1.47729205411005,1.47730513817575,0,closed_loop_monte_carlo,ok,1.30840656944464e-05,-0.8,0.8,6.14585869542772e-05,1.36574637676172e-06,2.90757015432143e-07,1.07498936132957e-06,0
process_noise,SIRS with stochastic process noise,SIRS,ssa,0,0,1,A1,Seasonal Forcing,ARX,I,/home/kaahin/degree_project/hybrid-epidemic-forecasting/results/partB/forecasts/partB_process_noise_forecast_A1_ARX_I.mat,forecast_results,56,57,2,58,1.47318138902826,0.2,0.8,1.47320313100416,1.47324729736547,0,closed_loop_monte_carlo,ok,4.41663613108823e-05,-0.8,0.8,0.00026158612022309,5.81302489384644e-06,9.81474695797383e-07,4.83155019804905e-06,0
process_noise,SIRS with stochastic process noise,SIRS,ssa,0,0,1,A1,Seasonal Forcing,ARX,I,/home/kaahin/degree_project/hybrid-epidemic-forecasting/results/partB/forecasts/partB_process_noise_forecast_A1_ARX_I.mat,forecast_results,56,57,3,59,1.46875178722047,0.2,0.8,1.46880769558246,1.46889000094761,0,closed_loop_monte_carlo,ok,8.23053651513028e-05,-0.8,0.8,0.000641388985048952,1.42530885566434e-05,1.8290081144734e-06,1.242408044217e-05,0
process_noise,SIRS with stochastic process noise,SIRS,ssa,0,0,1,A1,Seasonal Forcing,ARX,I,/home/kaahin/degree_project/hybrid-epidemic-forecasting/results/partB/forecasts/partB_process_noise_forecast_A1_ARX_I.mat,forecast_results,56,57,4,60,1.46400366119206,0.2,0.8,1.46411215341449,1.46423299724292,0,closed_loop_monte_carlo,ok,0.000120843828433248,-0.8,0.8,0.0012057660527236,2.67948011716356e-05,2.68541840962773e-06,2.41093827620078e-05,0
process_noise,SIRS with stochastic process noise,SIRS,ssa,0,0,1,A1,Seasonal Forcing,ARX,I,/home/kaahin/degree_project/hybrid-epidemic-forecasting/results/partB/forecasts/partB_process_noise_forecast_A1_ARX_I.mat,forecast_results,56,57,5,61,1.45894263841497,0.2,0.8,1.45911461213314,1.45928317473239,0,closed_loop_monte_carlo,ok,0.000168562599249578,-0.8,0.8,0.00188829978095195,4.19622173544878e-05,3.7458355388795e-06,3.82163818156083e-05,0
process_noise,SIRS with stochastic process noise,SIRS,ssa,0,0,1,A1,Seasonal Forcing,ARX,I,/home/kaahin/degree_project/hybrid-epidemic-forecasting/results/partB/forecasts/partB_process_noise_forecast_A1_ARX_I.mat,forecast_results,56,57,6,62,1.45357471720592,0.2,0.8,1.45383495215567,1.45404965728327,0,closed_loop_monte_carlo,ok,0.000214705127607129,-0.8,0.8,0.00281705462508741,6.26012138908314e-05,4.7712250579362e-06,5.78299888328952e-05,0
process_noise,SIRS with stochastic process noise,SIRS,ssa,0,0,1,A1,Seasonal Forcing,ARX,I,/home/kaahin/degree_project/hybrid-epidemic-forecasting/results/partB/forecasts/partB_process_noise_forecast_A1_ARX_I.mat,forecast_results,56,57,7,63,1.44790625961717,0.2,0.8,1.44828714909777,1.44853671550415,0,closed_loop_monte_carlo,ok,0.000249566406373525,-0.8,0.8,0.00405846121238795,9.01880269419545e-05,5.54592014163388e-06,8.46421068003206e-05,0
process_noise,SIRS with stochastic process noise,SIRS,ssa,0,0,1,A1,Seasonal Forcing,ARX,I,/home/kaahin/degree_project/hybrid-epidemic-forecasting/results/partB/forecasts/partB_process_noise_forecast_A1_ARX_I.mat,forecast_results,56,57,1,57,1.47728721665793,0.5,0.5,1.47729837155196,1.47730430811082,0,closed_loop_monte_carlo,ok,5.93655885916533e-06,-0.5,0.5,5.05561349872785e-05,2.80867416595992e-06,3.29808825509185e-07,2.47886534045073e-06,0
process_noise,SIRS with stochastic process noise,SIRS,ssa,0,0,1,A1,Seasonal Forcing,ARX,I,/home/kaahin/degree_project/hybrid-epidemic-forecasting/results/partB/forecasts/partB_process_noise_forecast_A1_ARX_I.mat,forecast_results,56,57,2,58,1.47318138902826,0.5,0.5,1.47321675678891,1.4732366249736,0,closed_loop_monte_carlo,ok,1.98681846881321e-05,-0.5,0.5,0.000161339227276347,8.9632904042415e-06,1.10378803822956e-06,7.85950236601194e-06,0
process_noise,SIRS with stochastic process noise,SIRS,ssa,0,0,1,A1,Seasonal Forcing,ARX,I,/home/kaahin/degree_project/hybrid-epidemic-forecasting/results/partB/forecasts/partB_process_noise_forecast_A1_ARX_I.mat,forecast_results,56,57,3,59,1.46875178722047,0.5,0.5,1.46882001676218,1.46885904903945,0,closed_loop_monte_carlo,ok,3.90322772703122e-05,-0.5,0.5,0.000311950444088271,1.73305802271262e-05,2.16845984835068e-06,1.51621203787755e-05,0
process_noise,SIRS with stochastic process noise,SIRS,ssa,0,0,1,A1,Seasonal Forcing,ARX,I,/home/kaahin/degree_project/hybrid-epidemic-forecasting/results/partB/forecasts/partB_process_noise_forecast_A1_ARX_I.mat,forecast_results,56,57,4,60,1.46400366119206,0.5,0.5,1.46412159431021,1.46418262324102,0,closed_loop_monte_carlo,ok,6.10289308138334e-05,-0.5,0.5,0.00053276140340941,2.95978557449672e-05,3.39049615632408e-06,2.62073595886431e-05,0
process_noise,SIRS with stochastic process noise,SIRS,ssa,0,0,1,A1,Seasonal Forcing,ARX,I,/home/kaahin/degree_project/hybrid-epidemic-forecasting/results/partB/forecasts/partB_process_noise_forecast_A1_ARX_I.mat,forecast_results,56,57,5,61,1.45894263841497,0.5,0.5,1.45914083494326,1.45921307242206,0,closed_loop_monte_carlo,ok,7.22374788013624e-05,-0.5,0.5,0.000865023591955172,4.80568662197318e-05,4.01319326674236e-06,4.40436729529894e-05,0
process_noise,SIRS with stochastic process noise,SIRS,ssa,0,0,1,A1,Seasonal Forcing,ARX,I,/home/kaahin/degree_project/hybrid-epidemic-forecasting/results/partB/forecasts/partB_process_noise_forecast_A1_ARX_I.mat,forecast_results,56,57,6,62,1.45357471720592,0.5,0.5,1.45387560787914,1.45396494012897,0,closed_loop_monte_carlo,ok,8.93322498309868e-05,-0.5,0.5,0.00129289494271023,7.18274968172351e-05,4.96290276838815e-06,6.6864594048847e-05,0
process_noise,SIRS with stochastic process noise,SIRS,ssa,0,0,1,A1,Seasonal Forcing,ARX,I,/home/kaahin/degree_project/hybrid-epidemic-forecasting/results/partB/forecasts/partB_process_noise_forecast_A1_ARX_I.mat,forecast_results,56,57,7,63,1.44790625961717,0.5,0.5,1.44834339054056,1.44845301414099,0,closed_loop_monte_carlo,ok,0.000109623600434761,-0.5,0.5,0.00185814729398293,0.000103230405221274,6.09020002415337e-06,9.71402051971203e-05,0
