CaseID,CaseName,TruthModel,Solver,StructuralMismatch,ObservationNoise,ProcessNoise,Scenario,ScenarioName,Model,ExoMode,ForecastArtifact,ResultSource,WindowDay,WindowDayIdx,HorizonIdx,ForecastDay,Truth_Rt,Alpha,NominalCoverage,LowerBound,UpperBound,Coverage,IntervalMethod,IntervalStatus,IntervalWidth,CoverageError,AbsoluteCoverageError,IntervalScore,WISIntervalComponent,WISSharpnessComponent,WISUnderpredictionComponent,WISOverpredictionComponent,ReplicateID,ReplicateIndex,NumReplicates
structural_mismatch,SEIR structural mismatch,SEIR,uds,1,0,0,A1,Seasonal Forcing,ARX,I,/home/kaahin/degree_project/hybrid-epidemic-forecasting/results/partB/forecasts/partB_structural_mismatch_forecast_A1_rep001_ARX_I.mat,forecast_results,49,50,1,50,1.4966032770697,0.05,0.95,1.49661357841384,1.49662245676744,0,closed_loop_monte_carlo,ok,8.87835359630884e-06,-0.95,0.95,0.00042093211907801,2.33851177265561e-06,4.93241866461602e-08,2.28918758600945e-06,0,rep001,1,1
structural_mismatch,SEIR structural mismatch,SEIR,uds,1,0,0,A1,Seasonal Forcing,ARX,I,/home/kaahin/degree_project/hybrid-epidemic-forecasting/results/partB/forecasts/partB_structural_mismatch_forecast_A1_rep001_ARX_I.mat,forecast_results,49,50,2,51,1.49487796559399,0.05,0.95,1.49491053866418,1.49492926624968,0,closed_loop_monte_carlo,ok,1.87275854961477e-05,-0.95,0.95,0.00132165039295407,7.34250218307814e-06,1.04042141645265e-07,7.23846004143288e-06,0,rep001,1,1
structural_mismatch,SEIR structural mismatch,SEIR,uds,1,0,0,A1,Seasonal Forcing,ARX,I,/home/kaahin/degree_project/hybrid-epidemic-forecasting/results/partB/forecasts/partB_structural_mismatch_forecast_A1_rep001_ARX_I.mat,forecast_results,49,50,3,52,1.49280316518971,0.05,0.95,1.49288207587948,1.49291435498649,0,closed_loop_monte_carlo,ok,3.22791070064277e-05,-0.95,0.95,0.00318870669797766,1.7715037210987e-05,1.79328372257931e-07,1.75357088387291e-05,0,rep001,1,1
structural_mismatch,SEIR structural mismatch,SEIR,uds,1,0,0,A1,Seasonal Forcing,ARX,I,/home/kaahin/degree_project/hybrid-epidemic-forecasting/results/partB/forecasts/partB_structural_mismatch_forecast_A1_rep001_ARX_I.mat,forecast_results,49,50,4,53,1.49038133490722,0.05,0.95,1.49053183165261,1.49057553829368,0,closed_loop_monte_carlo,ok,4.37066410725606e-05,-0.95,0.95,0.00606357645662925,3.36865358701625e-05,2.42814672625337e-07,3.34437211975372e-05,0,rep001,1,1
structural_mismatch,SEIR structural mismatch,SEIR,uds,1,0,0,A1,Seasonal Forcing,ARX,I,/home/kaahin/degree_project/hybrid-epidemic-forecasting/results/partB/forecasts/partB_structural_mismatch_forecast_A1_rep001_ARX_I.mat,forecast_results,49,50,5,54,1.48761534509619,0.05,0.95,1.48787124675714,1.48793241049077,0,closed_loop_monte_carlo,ok,6.11637336329629e-05,-0.95,0.95,0.0102972301716693,5.72068342870516e-05,3.39798520183127e-07,5.68670357668684e-05,0,rep001,1,1
structural_mismatch,SEIR structural mismatch,SEIR,uds,1,0,0,A1,Seasonal Forcing,ARX,I,/home/kaahin/degree_project/hybrid-epidemic-forecasting/results/partB/forecasts/partB_structural_mismatch_forecast_A1_rep001_ARX_I.mat,forecast_results,49,50,6,55,1.48450847400365,0.05,0.95,1.48491409329493,1.48499540245915,0,closed_loop_monte_carlo,ok,8.13091642180019e-05,-0.95,0.95,0.0163060808154811,9.05893378637841e-05,4.517175789889e-07,9.01376202847951e-05,0,rep001,1,1
structural_mismatch,SEIR structural mismatch,SEIR,uds,1,0,0,A1,Seasonal Forcing,ARX,I,/home/kaahin/degree_project/hybrid-epidemic-forecasting/results/partB/forecasts/partB_structural_mismatch_forecast_A1_rep001_ARX_I.mat,forecast_results,49,50,7,56,1.48106440388863,0.05,0.95,1.48167251922638,1.48176722240122,0,closed_loop_monte_carlo,ok,9.47031748408378e-05,-0.95,0.95,0.0244193166846793,0.000135662870470441,5.26128749115766e-07,0.000135136741721325,0,rep001,1,1
structural_mismatch,SEIR structural mismatch,SEIR,uds,1,0,0,A1,Seasonal Forcing,ARX,I,/home/kaahin/degree_project/hybrid-epidemic-forecasting/results/partB/forecasts/partB_structural_mismatch_forecast_A1_rep001_ARX_I.mat,forecast_results,49,50,1,50,1.4966032770697,0.1,0.9,1.49661357841384,1.49662245676744,0,closed_loop_monte_carlo,ok,8.87835359630884e-06,-0.9,0.9,0.00021490523633716,2.38783595930177e-06,9.86483732923205e-08,2.28918758600945e-06,0,rep001,1,1
structural_mismatch,SEIR structural mismatch,SEIR,uds,1,0,0,A1,Seasonal Forcing,ARX,I,/home/kaahin/degree_project/hybrid-epidemic-forecasting/results/partB/forecasts/partB_structural_mismatch_forecast_A1_rep001_ARX_I.mat,forecast_results,49,50,2,51,1.49487796559399,0.1,0.9,1.49491053866418,1.49492926624968,0,closed_loop_monte_carlo,ok,1.87275854961477e-05,-0.9,0.9,0.000670188989225107,7.44654432472341e-06,2.0808428329053e-07,7.23846004143288e-06,0,rep001,1,1
structural_mismatch,SEIR structural mismatch,SEIR,uds,1,0,0,A1,Seasonal Forcing,ARX,I,/home/kaahin/degree_project/hybrid-epidemic-forecasting/results/partB/forecasts/partB_structural_mismatch_forecast_A1_rep001_ARX_I.mat,forecast_results,49,50,3,52,1.49280316518971,0.1,0.9,1.49288207587948,1.49291435498649,0,closed_loop_monte_carlo,ok,3.22791070064277e-05,-0.9,0.9,0.00161049290249204,1.78943655832449e-05,3.58656744515863e-07,1.75357088387291e-05,0,rep001,1,1
structural_mismatch,SEIR structural mismatch,SEIR,uds,1,0,0,A1,Seasonal Forcing,ARX,I,/home/kaahin/degree_project/hybrid-epidemic-forecasting/results/partB/forecasts/partB_structural_mismatch_forecast_A1_rep001_ARX_I.mat,forecast_results,49,50,4,53,1.49038133490722,0.1,0.9,1.49053183165261,1.49057553829368,0,closed_loop_monte_carlo,ok,4.37066410725606e-05,-0.9,0.9,0.0030536415488509,3.39293505427878e-05,4.85629345250673e-07,3.34437211975372e-05,0,rep001,1,1
structural_mismatch,SEIR structural mismatch,SEIR,uds,1,0,0,A1,Seasonal Forcing,ARX,I,/home/kaahin/degree_project/hybrid-epidemic-forecasting/results/partB/forecasts/partB_structural_mismatch_forecast_A1_rep001_ARX_I.mat,forecast_results,49,50,5,54,1.48761534509619,0.1,0.9,1.48787124675714,1.48793241049077,0,closed_loop_monte_carlo,ok,6.11637336329629e-05,-0.9,0.9,0.00517919695265112,5.75466328072347e-05,6.79597040366255e-07,5.68670357668684e-05,0,rep001,1,1
structural_mismatch,SEIR structural mismatch,SEIR,uds,1,0,0,A1,Seasonal Forcing,ARX,I,/home/kaahin/degree_project/hybrid-epidemic-forecasting/results/partB/forecasts/partB_structural_mismatch_forecast_A1_rep001_ARX_I.mat,forecast_results,49,50,6,55,1.48450847400365,0.1,0.9,1.48491409329493,1.48499540245915,0,closed_loop_monte_carlo,ok,8.13091642180019e-05,-0.9,0.9,0.00819369498984956,9.1041055442773e-05,9.03435157977799e-07,9.01376202847951e-05,0,rep001,1,1
structural_mismatch,SEIR structural mismatch,SEIR,uds,1,0,0,A1,Seasonal Forcing,ARX,I,/home/kaahin/degree_project/hybrid-epidemic-forecasting/results/partB/forecasts/partB_structural_mismatch_forecast_A1_rep001_ARX_I.mat,forecast_results,49,50,7,56,1.48106440388863,0.1,0.9,1.48167251922638,1.48176722240122,0,closed_loop_monte_carlo,ok,9.47031748408378e-05,-0.9,0.9,0.0122570099297601,0.000136188999219557,1.05225749823153e-06,0.000135136741721325,0,rep001,1,1
structural_mismatch,SEIR structural mismatch,SEIR,uds,1,0,0,A1,Seasonal Forcing,ARX,I,/home/kaahin/degree_project/hybrid-epidemic-forecasting/results/partB/forecasts/partB_structural_mismatch_forecast_A1_rep001_ARX_I.mat,forecast_results,49,50,1,50,1.4966032770697,0.2,0.8,1.49661374470488,1.4966208869065,0,closed_loop_monte_carlo,ok,7.14220162678636e-06,-0.8,0.8,0.000111818553371057,2.48485674157904e-06,1.58715591706364e-07,2.32614114987268e-06,0,rep001,1,1
structural_mismatch,SEIR structural mismatch,SEIR,uds,1,0,0,A1,Seasonal Forcing,ARX,I,/home/kaahin/degree_project/hybrid-epidemic-forecasting/results/partB/forecasts/partB_structural_mismatch_forecast_A1_rep001_ARX_I.mat,forecast_results,49,50,2,51,1.49487796559399,0.2,0.8,1.49491251789757,1.49492586457529,0,closed_loop_monte_carlo,ok,1.3346677723014e-05,-0.8,0.8,0.000358869713472654,7.97488252161453e-06,2.965928382892e-07,7.67828968332533e-06,0,rep001,1,1
structural_mismatch,SEIR structural mismatch,SEIR,uds,1,0,0,A1,Seasonal Forcing,ARX,I,/home/kaahin/degree_project/hybrid-epidemic-forecasting/results/partB/forecasts/partB_structural_mismatch_forecast_A1_rep001_ARX_I.mat,forecast_results,49,50,3,52,1.49280316518971,0.2,0.8,1.49288280750139,1.49290930433566,0,closed_loop_monte_carlo,ok,2.64968342709171e-05,-0.8,0.8,0.000822919951046552,1.82871100232567e-05,5.88818539353713e-07,1.7698291483903e-05,0,rep001,1,1
structural_mismatch,SEIR structural mismatch,SEIR,uds,1,0,0,A1,Seasonal Forcing,ARX,I,/home/kaahin/degree_project/hybrid-epidemic-forecasting/results/partB/forecasts/partB_structural_mismatch_forecast_A1_rep001_ARX_I.mat,forecast_results,49,50,4,53,1.49038133490722,0.2,0.8,1.49053349401135,1.49057234745558,0,closed_loop_monte_carlo,ok,3.88534442334887e-05,-0.8,0.8,0.00156044448549819,3.4676544122182e-05,8.63409871855304e-07,3.38131342503267e-05,0,rep001,1,1
structural_mismatch,SEIR structural mismatch,SEIR,uds,1,0,0,A1,Seasonal Forcing,ARX,I,/home/kaahin/degree_project/hybrid-epidemic-forecasting/results/partB/forecasts/partB_structural_mismatch_forecast_A1_rep001_ARX_I.mat,forecast_results,49,50,5,54,1.48761534509619,0.2,0.8,1.48787229158112,1.48792778779278,0,closed_loop_monte_carlo,ok,5.5496211664785e-05,-0.8,0.8,0.00262496106096943,5.8332468021543e-05,1.23324914810633e-06,5.70992188734366e-05,0,rep001,1,1
structural_mismatch,SEIR structural mismatch,SEIR,uds,1,0,0,A1,Seasonal Forcing,ARX,I,/home/kaahin/degree_project/hybrid-epidemic-forecasting/results/partB/forecasts/partB_structural_mismatch_forecast_A1_rep001_ARX_I.mat,forecast_results,49,50,6,55,1.48450847400365,0.2,0.8,1.48491445463472,1.48498962109237,0,closed_loop_monte_carlo,ok,7.51664576537081e-05,-0.8,0.8,0.00413497276835262,9.18882837411693e-05,1.67036572563796e-06,9.02179180155313e-05,0,rep001,1,1
structural_mismatch,SEIR structural mismatch,SEIR,uds,1,0,0,A1,Seasonal Forcing,ARX,I,/home/kaahin/degree_project/hybrid-epidemic-forecasting/results/partB/forecasts/partB_structural_mismatch_forecast_A1_rep001_ARX_I.mat,forecast_results,49,50,7,56,1.48106440388863,0.2,0.8,1.48167476336794,1.48176402646742,0,closed_loop_monte_carlo,ok,8.92630994859811e-05,-0.8,0.8,0.00619285789256696,0.000137619064279266,1.9836244330218e-06,0.000135635439846244,0,rep001,1,1
structural_mismatch,SEIR structural mismatch,SEIR,uds,1,0,0,A1,Seasonal Forcing,ARX,I,/home/kaahin/degree_project/hybrid-epidemic-forecasting/results/partB/forecasts/partB_structural_mismatch_forecast_A1_rep001_ARX_I.mat,forecast_results,49,50,1,50,1.4966032770697,0.5,0.5,1.49661501825264,1.49661728679573,0,closed_loop_monte_carlo,ok,2.26854308227331e-06,-0.5,0.5,4.92332748471824e-05,2.73518193595458e-06,1.26030171237406e-07,2.60915176471717e-06,0,rep001,1,1
structural_mismatch,SEIR structural mismatch,SEIR,uds,1,0,0,A1,Seasonal Forcing,ARX,I,/home/kaahin/degree_project/hybrid-epidemic-forecasting/results/partB/forecasts/partB_structural_mismatch_forecast_A1_rep001_ARX_I.mat,forecast_results,49,50,2,51,1.49487796559399,0.5,0.5,1.4949152081673,1.49492125741236,0,closed_loop_monte_carlo,ok,6.04924506841797e-06,-0.5,0.5,0.000155019538276235,8.61219657090197e-06,3.36069170467665e-07,8.2761274004343e-06,0,rep001,1,1
structural_mismatch,SEIR structural mismatch,SEIR,uds,1,0,0,A1,Seasonal Forcing,ARX,I,/home/kaahin/degree_project/hybrid-epidemic-forecasting/results/partB/forecasts/partB_structural_mismatch_forecast_A1_rep001_ARX_I.mat,forecast_results,49,50,3,52,1.49280316518971,0.5,0.5,1.49288430506968,1.49290241549058,0,closed_loop_monte_carlo,ok,1.81104208996086e-05,-0.5,0.5,0.000342669940759377,1.90372189310765e-05,1.0061344944227e-06,1.80310844366538e-05,0,rep001,1,1
structural_mismatch,SEIR structural mismatch,SEIR,uds,1,0,0,A1,Seasonal Forcing,ARX,I,/home/kaahin/degree_project/hybrid-epidemic-forecasting/results/partB/forecasts/partB_structural_mismatch_forecast_A1_rep001_ARX_I.mat,forecast_results,49,50,4,53,1.49038133490722,0.5,0.5,1.49053640779907,1.49056547528264,0,closed_loop_monte_carlo,ok,2.9067483574341e-05,-0.5,0.5,0.000649359050960197,3.6075502831122e-05,1.6148601985745e-06,3.44606426325475e-05,0,rep001,1,1
structural_mismatch,SEIR structural mismatch,SEIR,uds,1,0,0,A1,Seasonal Forcing,ARX,I,/home/kaahin/degree_project/hybrid-epidemic-forecasting/results/partB/forecasts/partB_structural_mismatch_forecast_A1_rep001_ARX_I.mat,forecast_results,49,50,5,54,1.48761534509619,0.5,0.5,1.48788076679938,1.48792293982871,0,closed_loop_monte_carlo,ok,4.21730293307387e-05,-0.5,0.5,0.00110385984210626,6.1325546783681e-05,2.34294607392993e-06,5.89826007097511e-05,0,rep001,1,1
structural_mismatch,SEIR structural mismatch,SEIR,uds,1,0,0,A1,Seasonal Forcing,ARX,I,/home/kaahin/degree_project/hybrid-epidemic-forecasting/results/partB/forecasts/partB_structural_mismatch_forecast_A1_rep001_ARX_I.mat,forecast_results,49,50,6,55,1.48450847400365,0.5,0.5,1.48492337425279,1.48496893547934,0,closed_loop_monte_carlo,ok,4.55612265497507e-05,-0.5,0.5,0.00170516222309036,9.47312346161312e-05,2.53117925276393e-06,9.22000553633673e-05,0,rep001,1,1
structural_mismatch,SEIR structural mismatch,SEIR,uds,1,0,0,A1,Seasonal Forcing,ARX,I,/home/kaahin/degree_project/hybrid-epidemic-forecasting/results/partB/forecasts/partB_structural_mismatch_forecast_A1_rep001_ARX_I.mat,forecast_results,49,50,7,56,1.48106440388863,0.5,0.5,1.48167762854577,1.48173953679503,0,closed_loop_monte_carlo,ok,6.19082492572254e-05,-0.5,0.5,0.00251480687783401,0.000139711493213,3.43934718095697e-06,0.000136272146032043,0,rep001,1,1
structural_mismatch,SEIR structural mismatch,SEIR,uds,1,0,0,A1,Seasonal Forcing,ARX,I,/home/kaahin/degree_project/hybrid-epidemic-forecasting/results/partB/forecasts/partB_structural_mismatch_forecast_A1_rep001_ARX_I.mat,forecast_results,56,57,1,57,1.47728721665793,0.05,0.95,1.47729241517617,1.47730487385987,0,closed_loop_monte_carlo,ok,1.24586837042528e-05,-0.95,0.95,0.000220399413246142,1.22444118470079e-06,6.92149094680714e-08,1.15522627523272e-06,0,rep001,1,1
structural_mismatch,SEIR structural mismatch,SEIR,uds,1,0,0,A1,Seasonal Forcing,ARX,I,/home/kaahin/degree_project/hybrid-epidemic-forecasting/results/partB/forecasts/partB_structural_mismatch_forecast_A1_rep001_ARX_I.mat,forecast_results,56,57,2,58,1.47318138902826,0.05,0.95,1.47320506844861,1.47325066261198,0,closed_loop_monte_carlo,ok,4.55941633681345e-05,-0.95,0.95,0.000992770977114033,5.51539431730018e-06,2.53300907600747e-07,5.26209340969943e-06,0,rep001,1,1
structural_mismatch,SEIR structural mismatch,SEIR,uds,1,0,0,A1,Seasonal Forcing,ARX,I,/home/kaahin/degree_project/hybrid-epidemic-forecasting/results/partB/forecasts/partB_structural_mismatch_forecast_A1_rep001_ARX_I.mat,forecast_results,56,57,3,59,1.46875178722047,0.05,0.95,1.46881762241769,1.46889845041906,0,closed_loop_monte_carlo,ok,8.08280013648854e-05,-0.95,0.95,0.00271423589007735,1.50790882782075e-05,4.49044452027141e-07,1.46300438261804e-05,0,rep001,1,1
structural_mismatch,SEIR structural mismatch,SEIR,uds,1,0,0,A1,Seasonal Forcing,ARX,I,/home/kaahin/degree_project/hybrid-epidemic-forecasting/results/partB/forecasts/partB_structural_mismatch_forecast_A1_rep001_ARX_I.mat,forecast_results,56,57,4,60,1.46400366119206,0.05,0.95,1.46413308737386,1.46425662843483,0,closed_loop_monte_carlo,ok,0.000123541060973453,-0.95,0.95,0.00530058833275615,2.94477129597564e-05,6.86339227630296e-07,2.87613737321261e-05,0,rep001,1,1
structural_mismatch,SEIR structural mismatch,SEIR,uds,1,0,0,A1,Seasonal Forcing,ARX,I,/home/kaahin/degree_project/hybrid-epidemic-forecasting/results/partB/forecasts/partB_structural_mismatch_forecast_A1_rep001_ARX_I.mat,forecast_results,56,57,5,61,1.45894263841497,0.05,0.95,1.45915838745717,1.459329590767,0,closed_loop_monte_carlo,ok,0.000171203309821344,-0.95,0.95,0.00880116499787942,4.88953610993301e-05,9.51129499007466e-07,4.79442316003226e-05,0,rep001,1,1
structural_mismatch,SEIR structural mismatch,SEIR,uds,1,0,0,A1,Seasonal Forcing,ARX,I,/home/kaahin/degree_project/hybrid-epidemic-forecasting/results/partB/forecasts/partB_structural_mismatch_forecast_A1_rep001_ARX_I.mat,forecast_results,56,57,6,62,1.45357471720592,0.05,0.95,1.45390826424732,1.45412279059796,0,closed_loop_monte_carlo,ok,0.000214526350638788,-0.95,0.95,0.0135564080067847,7.53133778154706e-05,1.19181305910438e-06,7.41215647563662e-05,0,rep001,1,1
structural_mismatch,SEIR structural mismatch,SEIR,uds,1,0,0,A1,Seasonal Forcing,ARX,I,/home/kaahin/degree_project/hybrid-epidemic-forecasting/results/partB/forecasts/partB_structural_mismatch_forecast_A1_rep001_ARX_I.mat,forecast_results,56,57,7,63,1.44790625961717,0.05,0.95,1.44840290342122,1.44864808454333,0,closed_loop_monte_carlo,ok,0.000245181122106919,-0.95,0.95,0.0201109332840408,0.00011172740713356,1.36211734503844e-06,0.000110365289788521,0,rep001,1,1
structural_mismatch,SEIR structural mismatch,SEIR,uds,1,0,0,A1,Seasonal Forcing,ARX,I,/home/kaahin/degree_project/hybrid-epidemic-forecasting/results/partB/forecasts/partB_structural_mismatch_forecast_A1_rep001_ARX_I.mat,forecast_results,56,57,1,57,1.47728721665793,0.1,0.9,1.47729241517617,1.47730487385987,0,closed_loop_monte_carlo,ok,1.24586837042528e-05,-0.9,0.9,0.000116429048475197,1.29365609416886e-06,1.38429818936143e-07,1.15522627523272e-06,0,rep001,1,1
structural_mismatch,SEIR structural mismatch,SEIR,uds,1,0,0,A1,Seasonal Forcing,ARX,I,/home/kaahin/degree_project/hybrid-epidemic-forecasting/results/partB/forecasts/partB_structural_mismatch_forecast_A1_rep001_ARX_I.mat,forecast_results,56,57,2,58,1.47318138902826,0.1,0.9,1.47320506844861,1.47325066261198,0,closed_loop_monte_carlo,ok,4.55941633681345e-05,-0.9,0.9,0.000519182570241083,5.76869522490093e-06,5.06601815201494e-07,5.26209340969943e-06,0,rep001,1,1
structural_mismatch,SEIR structural mismatch,SEIR,uds,1,0,0,A1,Seasonal Forcing,ARX,I,/home/kaahin/degree_project/hybrid-epidemic-forecasting/results/partB/forecasts/partB_structural_mismatch_forecast_A1_rep001_ARX_I.mat,forecast_results,56,57,3,59,1.46875178722047,0.1,0.9,1.46881762241769,1.46889845041906,0,closed_loop_monte_carlo,ok,8.08280013648854e-05,-0.9,0.9,0.00139753194572112,1.55281327302347e-05,8.98088904054283e-07,1.46300438261804e-05,0,rep001,1,1
structural_mismatch,SEIR structural mismatch,SEIR,uds,1,0,0,A1,Seasonal Forcing,ARX,I,/home/kaahin/degree_project/hybrid-epidemic-forecasting/results/partB/forecasts/partB_structural_mismatch_forecast_A1_rep001_ARX_I.mat,forecast_results,56,57,4,60,1.46400366119206,0.1,0.9,1.46413308737386,1.46425662843483,0,closed_loop_monte_carlo,ok,0.000123541060973453,-0.9,0.9,0.0027120646968648,3.01340521873867e-05,1.37267845526059e-06,2.87613737321261e-05,0,rep001,1,1
structural_mismatch,SEIR structural mismatch,SEIR,uds,1,0,0,A1,Seasonal Forcing,ARX,I,/home/kaahin/degree_project/hybrid-epidemic-forecasting/results/partB/forecasts/partB_structural_mismatch_forecast_A1_rep001_ARX_I.mat,forecast_results,56,57,5,61,1.45894263841497,0.1,0.9,1.45915838745717,1.459329590767,0,closed_loop_monte_carlo,ok,0.000171203309821344,-0.9,0.9,0.00448618415385038,4.98464905983376e-05,1.90225899801493e-06,4.79442316003226e-05,0,rep001,1,1
structural_mismatch,SEIR structural mismatch,SEIR,uds,1,0,0,A1,Seasonal Forcing,ARX,I,/home/kaahin/degree_project/hybrid-epidemic-forecasting/results/partB/forecasts/partB_structural_mismatch_forecast_A1_rep001_ARX_I.mat,forecast_results,56,57,6,62,1.45357471720592,0.1,0.9,1.45390826424732,1.45412279059796,0,closed_loop_monte_carlo,ok,0.000214526350638788,-0.9,0.9,0.00688546717871175,7.6505190874575e-05,2.38362611820876e-06,7.41215647563662e-05,0,rep001,1,1
structural_mismatch,SEIR structural mismatch,SEIR,uds,1,0,0,A1,Seasonal Forcing,ARX,I,/home/kaahin/degree_project/hybrid-epidemic-forecasting/results/partB/forecasts/partB_structural_mismatch_forecast_A1_rep001_ARX_I.mat,forecast_results,56,57,7,63,1.44790625961717,0.1,0.9,1.44840290342122,1.44864808454333,0,closed_loop_monte_carlo,ok,0.000245181122106919,-0.9,0.9,0.0101780572030739,0.000113089524478598,2.72423469007688e-06,0.000110365289788521,0,rep001,1,1
structural_mismatch,SEIR structural mismatch,SEIR,uds,1,0,0,A1,Seasonal Forcing,ARX,I,/home/kaahin/degree_project/hybrid-epidemic-forecasting/results/partB/forecasts/partB_structural_mismatch_forecast_A1_rep001_ARX_I.mat,forecast_results,56,57,1,57,1.47728721665793,0.2,0.8,1.47729283138285,1.47730468118619,0,closed_loop_monte_carlo,ok,1.18498033425674e-05,-0.8,0.8,6.79970525303553e-05,1.51104561178567e-06,2.63328963168163e-07,1.24771664861751e-06,0,rep001,1,1
structural_mismatch,SEIR structural mismatch,SEIR,uds,1,0,0,A1,Seasonal Forcing,ARX,I,/home/kaahin/degree_project/hybrid-epidemic-forecasting/results/partB/forecasts/partB_structural_mismatch_forecast_A1_rep001_ARX_I.mat,forecast_results,56,57,2,58,1.47318138902826,0.2,0.8,1.47320750317263,1.47324438200038,0,closed_loop_monte_carlo,ok,3.68788277547161e-05,-0.8,0.8,0.000298020271390698,6.62267269757106e-06,8.19529505660357e-07,5.8031431919107e-06,0,rep001,1,1
structural_mismatch,SEIR structural mismatch,SEIR,uds,1,0,0,A1,Seasonal Forcing,ARX,I,/home/kaahin/degree_project/hybrid-epidemic-forecasting/results/partB/forecasts/partB_structural_mismatch_forecast_A1_rep001_ARX_I.mat,forecast_results,56,57,3,59,1.46875178722047,0.2,0.8,1.46881881769795,1.46888737248171,0,closed_loop_monte_carlo,ok,6.85547837624423e-05,-0.8,0.8,0.000738859558497174,1.64191012999372e-05,1.52343963916538e-06,1.48956616607718e-05,0,rep001,1,1
structural_mismatch,SEIR structural mismatch,SEIR,uds,1,0,0,A1,Seasonal Forcing,ARX,I,/home/kaahin/degree_project/hybrid-epidemic-forecasting/results/partB/forecasts/partB_structural_mismatch_forecast_A1_rep001_ARX_I.mat,forecast_results,56,57,4,60,1.46400366119206,0.2,0.8,1.46413607279981,1.46423585122505,0,closed_loop_monte_carlo,ok,9.97784252352307e-05,-0.8,0.8,0.00142389450273872,3.16421000608605e-05,2.21729833856068e-06,2.94248017222998e-05,0,rep001,1,1
structural_mismatch,SEIR structural mismatch,SEIR,uds,1,0,0,A1,Seasonal Forcing,ARX,I,/home/kaahin/degree_project/hybrid-epidemic-forecasting/results/partB/forecasts/partB_structural_mismatch_forecast_A1_rep001_ARX_I.mat,forecast_results,56,57,5,61,1.45894263841497,0.2,0.8,1.45916156167583,1.45929890578879,0,closed_loop_monte_carlo,ok,0.000137344112953519,-0.8,0.8,0.00232657672154279,5.17017049231732e-05,3.05209139896709e-06,4.86496135242061e-05,0,rep001,1,1
structural_mismatch,SEIR structural mismatch,SEIR,uds,1,0,0,A1,Seasonal Forcing,ARX,I,/home/kaahin/degree_project/hybrid-epidemic-forecasting/results/partB/forecasts/partB_structural_mismatch_forecast_A1_rep001_ARX_I.mat,forecast_results,56,57,6,62,1.45357471720592,0.2,0.8,1.45391285461976,1.45408802942661,0,closed_loop_monte_carlo,ok,0.000175174806850809,-0.8,0.8,0.00355654894529778,7.90344210066173e-05,3.89277348557352e-06,7.51416475210437e-05,0,rep001,1,1
structural_mismatch,SEIR structural mismatch,SEIR,uds,1,0,0,A1,Seasonal Forcing,ARX,I,/home/kaahin/degree_project/hybrid-epidemic-forecasting/results/partB/forecasts/partB_structural_mismatch_forecast_A1_rep001_ARX_I.mat,forecast_results,56,57,7,63,1.44790625961717,0.2,0.8,1.44840649902527,1.4486103744876,0,closed_loop_monte_carlo,ok,0.000203875462330361,-0.8,0.8,0.00520626954332992,0.000115694878740665,4.53056582956357e-06,0.000111164312911101,0,rep001,1,1
structural_mismatch,SEIR structural mismatch,SEIR,uds,1,0,0,A1,Seasonal Forcing,ARX,I,/home/kaahin/degree_project/hybrid-epidemic-forecasting/results/partB/forecasts/partB_structural_mismatch_forecast_A1_rep001_ARX_I.mat,forecast_results,56,57,1,57,1.47728721665793,0.5,0.5,1.4772996480493,1.47730363387281,0,closed_loop_monte_carlo,ok,3.98582350724652e-06,-0.5,0.5,5.3711389006228e-05,2.98396605590155e-06,2.21434639291473e-07,2.76253141661008e-06,0,rep001,1,1
structural_mismatch,SEIR structural mismatch,SEIR,uds,1,0,0,A1,Seasonal Forcing,ARX,I,/home/kaahin/degree_project/hybrid-epidemic-forecasting/results/partB/forecasts/partB_structural_mismatch_forecast_A1_rep001_ARX_I.mat,forecast_results,56,57,2,58,1.47318138902826,0.5,0.5,1.47322028136507,1.47323525659569,0,closed_loop_monte_carlo,ok,1.49752306168871e-05,-0.5,0.5,0.000170544577847931,9.47469876932949e-06,8.31957256493728e-07,8.64274151283576e-06,0,rep001,1,1
structural_mismatch,SEIR structural mismatch,SEIR,uds,1,0,0,A1,Seasonal Forcing,ARX,I,/home/kaahin/degree_project/hybrid-epidemic-forecasting/results/partB/forecasts/partB_structural_mismatch_forecast_A1_rep001_ARX_I.mat,forecast_results,56,57,3,59,1.46875178722047,0.5,0.5,1.46882978446948,1.46886511270062,0,closed_loop_monte_carlo,ok,3.53282311358338e-05,-0.5,0.5,0.000347317227163968,1.92954015091093e-05,1.96267950754632e-06,1.7332722001563e-05,0,rep001,1,1
structural_mismatch,SEIR structural mismatch,SEIR,uds,1,0,0,A1,Seasonal Forcing,ARX,I,/home/kaahin/degree_project/hybrid-epidemic-forecasting/results/partB/forecasts/partB_structural_mismatch_forecast_A1_rep001_ARX_I.mat,forecast_results,56,57,4,60,1.46400366119206,0.5,0.5,1.4641421985371,1.46419958623106,0,closed_loop_monte_carlo,ok,5.73876939520268e-05,-0.5,0.5,0.000611537074128865,3.39742818960481e-05,3.18820521955705e-06,3.0786076676491e-05,0,rep001,1,1
structural_mismatch,SEIR structural mismatch,SEIR,uds,1,0,0,A1,Seasonal Forcing,ARX,I,/home/kaahin/degree_project/hybrid-epidemic-forecasting/results/partB/forecasts/partB_structural_mismatch_forecast_A1_rep001_ARX_I.mat,forecast_results,56,57,5,61,1.45894263841497,0.5,0.5,1.45917562931357,1.45924614087371,0,closed_loop_monte_carlo,ok,7.05115601358219e-05,-0.5,0.5,0.00100247515452545,5.56930641403028e-05,3.91730889643455e-06,5.17757552438683e-05,0,rep001,1,1
structural_mismatch,SEIR structural mismatch,SEIR,uds,1,0,0,A1,Seasonal Forcing,ARX,I,/home/kaahin/degree_project/hybrid-epidemic-forecasting/results/partB/forecasts/partB_structural_mismatch_forecast_A1_rep001_ARX_I.mat,forecast_results,56,57,6,62,1.45357471720592,0.5,0.5,1.4539382717665,1.45402115481947,0,closed_loop_monte_carlo,ok,8.2883052968219e-05,-0.5,0.5,0.00153710129529361,8.53945164052005e-05,4.60461405378994e-06,8.07899023514105e-05,0,rep001,1,1
structural_mismatch,SEIR structural mismatch,SEIR,uds,1,0,0,A1,Seasonal Forcing,ARX,I,/home/kaahin/degree_project/hybrid-epidemic-forecasting/results/partB/forecasts/partB_structural_mismatch_forecast_A1_rep001_ARX_I.mat,forecast_results,56,57,7,63,1.44790625961717,0.5,0.5,1.44844547635655,1.44853949135613,0,closed_loop_monte_carlo,ok,9.40149995809492e-05,-0.5,0.5,0.00225088195709766,0.000125048997616537,5.22305553227495e-06,0.000119825942084262,0,rep001,1,1
structural_mismatch,SEIR structural mismatch,SEIR,uds,1,0,0,A1,Seasonal Forcing,AR,None,/home/kaahin/degree_project/hybrid-epidemic-forecasting/results/partB/forecasts/partB_structural_mismatch_forecast_A1_rep001_AR_None.mat,forecast_results,49,50,1,50,1.4966032770697,0.05,0.95,1.49676718703154,1.49688562826326,0,closed_loop_monte_carlo,ok,0.000118441231718336,-0.95,0.95,0.00667483970521232,3.70824428067351e-05,6.58006842879644e-07,3.64244359638555e-05,0,rep001,1,1
structural_mismatch,SEIR structural mismatch,SEIR,uds,1,0,0,A1,Seasonal Forcing,AR,None,/home/kaahin/degree_project/hybrid-epidemic-forecasting/results/partB/forecasts/partB_structural_mismatch_forecast_A1_rep001_AR_None.mat,forecast_results,49,50,2,51,1.49487796559399,0.05,0.95,1.49537722983542,1.49574990596075,0,closed_loop_monte_carlo,ok,0.000372676125331983,-0.95,0.95,0.0203432457822161,0.000113018032123423,2.07042291851102e-06,0.000110947609204912,0,rep001,1,1
structural_mismatch,SEIR structural mismatch,SEIR,uds,1,0,0,A1,Seasonal Forcing,AR,None,/home/kaahin/degree_project/hybrid-epidemic-forecasting/results/partB/forecasts/partB_structural_mismatch_forecast_A1_rep001_AR_None.mat,forecast_results,49,50,3,52,1.49280316518971,0.05,0.95,1.49380568081937,1.49442545309746,0,closed_loop_monte_carlo,ok,0.000619772278097841,-0.95,0.95,0.0407203974643213,0.000226224430357341,3.44317932276578e-06,0.000222781251034575,0,rep001,1,1
structural_mismatch,SEIR structural mismatch,SEIR,uds,1,0,0,A1,Seasonal Forcing,AR,None,/home/kaahin/degree_project/hybrid-epidemic-forecasting/results/partB/forecasts/partB_structural_mismatch_forecast_A1_rep001_AR_None.mat,forecast_results,49,50,4,53,1.49038133490722,0.05,0.95,1.49204943640018,1.49295670927206,0,closed_loop_monte_carlo,ok,0.000907272871883524,-0.95,0.95,0.0676313325901785,0.000375729625500992,5.04040484379736e-06,0.000370689220657194,0,rep001,1,1
structural_mismatch,SEIR structural mismatch,SEIR,uds,1,0,0,A1,Seasonal Forcing,AR,None,/home/kaahin/degree_project/hybrid-epidemic-forecasting/results/partB/forecasts/partB_structural_mismatch_forecast_A1_rep001_AR_None.mat,forecast_results,49,50,5,54,1.48761534509619,0.05,0.95,1.49017857638129,1.49130402108926,0,closed_loop_monte_carlo,ok,0.00112544470797138,-0.95,0.95,0.103654696112107,0.000575859422845038,6.252470599841e-06,0.000569606952245197,0,rep001,1,1
structural_mismatch,SEIR structural mismatch,SEIR,uds,1,0,0,A1,Seasonal Forcing,AR,None,/home/kaahin/degree_project/hybrid-epidemic-forecasting/results/partB/forecasts/partB_structural_mismatch_forecast_A1_rep001_AR_None.mat,forecast_results,49,50,6,55,1.48450847400365,0.05,0.95,1.4882765189167,1.4896192611275,0,closed_loop_monte_carlo,ok,0.00134274221080055,-0.95,0.95,0.152064538732825,0.000844802992960138,7.45967894889195e-06,0.000837343314011246,0,rep001,1,1
structural_mismatch,SEIR structural mismatch,SEIR,uds,1,0,0,A1,Seasonal Forcing,AR,None,/home/kaahin/degree_project/hybrid-epidemic-forecasting/results/partB/forecasts/partB_structural_mismatch_forecast_A1_rep001_AR_None.mat,forecast_results,49,50,7,56,1.48106440388863,0.05,0.95,1.48628616091567,1.48782616091298,0,closed_loop_monte_carlo,ok,0.00153999999730581,-0.95,0.95,0.210410281079078,0.00116894600599488,8.55555554058782e-06,0.00116039045045429,0,rep001,1,1
structural_mismatch,SEIR structural mismatch,SEIR,uds,1,0,0,A1,Seasonal Forcing,AR,None,/home/kaahin/degree_project/hybrid-epidemic-forecasting/results/partB/forecasts/partB_structural_mismatch_forecast_A1_rep001_AR_None.mat,forecast_results,49,50,1,50,1.4966032770697,0.1,0.9,1.49676718703154,1.49688562826326,0,closed_loop_monte_carlo,ok,0.000118441231718336,-0.9,0.9,0.00339664046846533,3.77404496496148e-05,1.31601368575929e-06,3.64244359638555e-05,0,rep001,1,1
structural_mismatch,SEIR structural mismatch,SEIR,uds,1,0,0,A1,Seasonal Forcing,AR,None,/home/kaahin/degree_project/hybrid-epidemic-forecasting/results/partB/forecasts/partB_structural_mismatch_forecast_A1_rep001_AR_None.mat,forecast_results,49,50,2,51,1.49487796559399,0.1,0.9,1.49537722983542,1.49574990596075,0,closed_loop_monte_carlo,ok,0.000372676125331983,-0.9,0.9,0.0103579609537741,0.000115088455041934,4.14084583702204e-06,0.000110947609204912,0,rep001,1,1
structural_mismatch,SEIR structural mismatch,SEIR,uds,1,0,0,A1,Seasonal Forcing,AR,None,/home/kaahin/degree_project/hybrid-epidemic-forecasting/results/partB/forecasts/partB_structural_mismatch_forecast_A1_rep001_AR_None.mat,forecast_results,49,50,3,52,1.49280316518971,0.1,0.9,1.49380568081937,1.49442545309746,0,closed_loop_monte_carlo,ok,0.000619772278097841,-0.9,0.9,0.0206700848712096,0.000229667609680106,6.88635864553157e-06,0.000222781251034575,0,rep001,1,1
structural_mismatch,SEIR structural mismatch,SEIR,uds,1,0,0,A1,Seasonal Forcing,AR,None,/home/kaahin/degree_project/hybrid-epidemic-forecasting/results/partB/forecasts/partB_structural_mismatch_forecast_A1_rep001_AR_None.mat,forecast_results,49,50,4,53,1.49038133490722,0.1,0.9,1.49204943640018,1.49295670927206,0,closed_loop_monte_carlo,ok,0.000907272871883524,-0.9,0.9,0.034269302731031,0.000380770030344789,1.00808096875947e-05,0.000370689220657194,0,rep001,1,1
structural_mismatch,SEIR structural mismatch,SEIR,uds,1,0,0,A1,Seasonal Forcing,AR,None,/home/kaahin/degree_project/hybrid-epidemic-forecasting/results/partB/forecasts/partB_structural_mismatch_forecast_A1_rep001_AR_None.mat,forecast_results,49,50,5,54,1.48761534509619,0.1,0.9,1.49017857638129,1.49130402108926,0,closed_loop_monte_carlo,ok,0.00112544470797138,-0.9,0.9,0.0523900704100391,0.000582111893444879,1.2504941199682e-05,0.000569606952245197,0,rep001,1,1
structural_mismatch,SEIR structural mismatch,SEIR,uds,1,0,0,A1,Seasonal Forcing,AR,None,/home/kaahin/degree_project/hybrid-epidemic-forecasting/results/partB/forecasts/partB_structural_mismatch_forecast_A1_rep001_AR_None.mat,forecast_results,49,50,6,55,1.48450847400365,0.1,0.9,1.4882765189167,1.4896192611275,0,closed_loop_monte_carlo,ok,0.00134274221080055,-0.9,0.9,0.0767036404718127,0.00085226267190903,1.49193578977839e-05,0.000837343314011246,0,rep001,1,1
structural_mismatch,SEIR structural mismatch,SEIR,uds,1,0,0,A1,Seasonal Forcing,AR,None,/home/kaahin/degree_project/hybrid-epidemic-forecasting/results/partB/forecasts/partB_structural_mismatch_forecast_A1_rep001_AR_None.mat,forecast_results,49,50,7,56,1.48106440388863,0.1,0.9,1.48628616091567,1.48782616091298,0,closed_loop_monte_carlo,ok,0.00153999999730581,-0.9,0.9,0.105975140538192,0.00117750156153547,1.71111110811756e-05,0.00116039045045429,0,rep001,1,1
structural_mismatch,SEIR structural mismatch,SEIR,uds,1,0,0,A1,Seasonal Forcing,AR,None,/home/kaahin/degree_project/hybrid-epidemic-forecasting/results/partB/forecasts/partB_structural_mismatch_forecast_A1_rep001_AR_None.mat,forecast_results,49,50,1,50,1.4966032770697,0.2,0.8,1.49676781750613,1.49686783338823,0,closed_loop_monte_carlo,ok,0.000100015882100291,-0.8,0.8,0.00174542024637248,3.8787116586055e-05,2.22257515778423e-06,3.65645414282708e-05,0,rep001,1,1
structural_mismatch,SEIR structural mismatch,SEIR,uds,1,0,0,A1,Seasonal Forcing,AR,None,/home/kaahin/degree_project/hybrid-epidemic-forecasting/results/partB/forecasts/partB_structural_mismatch_forecast_A1_rep001_AR_None.mat,forecast_results,49,50,2,51,1.49487796559399,0.2,0.8,1.49538991593333,1.49567913582653,0,closed_loop_monte_carlo,ok,0.000289219893193193,-0.8,0.8,0.00540872328659137,0.000120193850813141,6.42710873762652e-06,0.000113766742075515,0,rep001,1,1
structural_mismatch,SEIR structural mismatch,SEIR,uds,1,0,0,A1,Seasonal Forcing,AR,None,/home/kaahin/degree_project/hybrid-epidemic-forecasting/results/partB/forecasts/partB_structural_mismatch_forecast_A1_rep001_AR_None.mat,forecast_results,49,50,3,52,1.49280316518971,0.2,0.8,1.4938247987723,1.49431753419286,0,closed_loop_monte_carlo,ok,0.000492735420558166,-0.8,0.8,0.0107090712465014,0.000237979361033365,1.09496760124037e-05,0.000227029685020962,0,rep001,1,1
structural_mismatch,SEIR structural mismatch,SEIR,uds,1,0,0,A1,Seasonal Forcing,AR,None,/home/kaahin/degree_project/hybrid-epidemic-forecasting/results/partB/forecasts/partB_structural_mismatch_forecast_A1_rep001_AR_None.mat,forecast_results,49,50,4,53,1.49038133490722,0.2,0.8,1.4920798775294,1.49279232476155,0,closed_loop_monte_carlo,ok,0.000712447232148916,-0.8,0.8,0.017697873453925,0.00039328607675389,1.58321607144204e-05,0.000377453916039469,0,rep001,1,1
structural_mismatch,SEIR structural mismatch,SEIR,uds,1,0,0,A1,Seasonal Forcing,AR,None,/home/kaahin/degree_project/hybrid-epidemic-forecasting/results/partB/forecasts/partB_structural_mismatch_forecast_A1_rep001_AR_None.mat,forecast_results,49,50,5,54,1.48761534509619,0.2,0.8,1.4902568517793,1.49112847718935,0,closed_loop_monte_carlo,ok,0.000871625410046928,-0.8,0.8,0.0272866922411583,0.000606370938692407,1.93694535565984e-05,0.000587001485135809,0,rep001,1,1
structural_mismatch,SEIR structural mismatch,SEIR,uds,1,0,0,A1,Seasonal Forcing,AR,None,/home/kaahin/degree_project/hybrid-epidemic-forecasting/results/partB/forecasts/partB_structural_mismatch_forecast_A1_rep001_AR_None.mat,forecast_results,49,50,6,55,1.48450847400365,0.2,0.8,1.48832624403018,1.48941093584585,0,closed_loop_monte_carlo,ok,0.00108469181566284,-0.8,0.8,0.0392623920809834,0.00087249760179963,2.41042625702854e-05,0.000848393339229345,0,rep001,1,1
structural_mismatch,SEIR structural mismatch,SEIR,uds,1,0,0,A1,Seasonal Forcing,AR,None,/home/kaahin/degree_project/hybrid-epidemic-forecasting/results/partB/forecasts/partB_structural_mismatch_forecast_A1_rep001_AR_None.mat,forecast_results,49,50,7,56,1.48106440388863,0.2,0.8,1.48632698788202,1.48754960619265,0,closed_loop_monte_carlo,ok,0.00122261831062964,-0.8,0.8,0.0538484582445204,0.00119663240543379,2.71692957917698e-05,0.00116946310964202,0,rep001,1,1
structural_mismatch,SEIR structural mismatch,SEIR,uds,1,0,0,A1,Seasonal Forcing,AR,None,/home/kaahin/degree_project/hybrid-epidemic-forecasting/results/partB/forecasts/partB_structural_mismatch_forecast_A1_rep001_AR_None.mat,forecast_results,49,50,1,50,1.4966032770697,0.5,0.5,1.4967713725271,1.49682783534817,0,closed_loop_monte_carlo,ok,5.64628210724116e-05,-0.5,0.5,0.000728844650656146,4.0491369480897e-05,3.13682339291176e-06,3.73545460879853e-05,0,rep001,1,1
structural_mismatch,SEIR structural mismatch,SEIR,uds,1,0,0,A1,Seasonal Forcing,AR,None,/home/kaahin/degree_project/hybrid-epidemic-forecasting/results/partB/forecasts/partB_structural_mismatch_forecast_A1_rep001_AR_None.mat,forecast_results,49,50,2,51,1.49487796559399,0.5,0.5,1.49541158560697,1.49553851228278,0,closed_loop_monte_carlo,ok,0.000126926675810601,-0.5,0.5,0.00226140672772424,0.000125633707095791,7.05148198947785e-06,0.000118582225106313,0,rep001,1,1
structural_mismatch,SEIR structural mismatch,SEIR,uds,1,0,0,A1,Seasonal Forcing,AR,None,/home/kaahin/degree_project/hybrid-epidemic-forecasting/results/partB/forecasts/partB_structural_mismatch_forecast_A1_rep001_AR_None.mat,forecast_results,49,50,3,52,1.49280316518971,0.5,0.5,1.49385415967639,1.49411904500219,0,closed_loop_monte_carlo,ok,0.000264885325793829,-0.5,0.5,0.00446886327252671,0.00024827018180704,1.47158514329905e-05,0.000233554330374049,0,rep001,1,1
structural_mismatch,SEIR structural mismatch,SEIR,uds,1,0,0,A1,Seasonal Forcing,AR,None,/home/kaahin/degree_project/hybrid-epidemic-forecasting/results/partB/forecasts/partB_structural_mismatch_forecast_A1_rep001_AR_None.mat,forecast_results,49,50,4,53,1.49038133490722,0.5,0.5,1.49214271403303,1.49252517041425,0,closed_loop_monte_carlo,ok,0.000382456381218255,-0.5,0.5,0.00742797288446617,0.000412665160248121,2.12475767343475e-05,0.000391417583513773,0,rep001,1,1
structural_mismatch,SEIR structural mismatch,SEIR,uds,1,0,0,A1,Seasonal Forcing,AR,None,/home/kaahin/degree_project/hybrid-epidemic-forecasting/results/partB/forecasts/partB_structural_mismatch_forecast_A1_rep001_AR_None.mat,forecast_results,49,50,5,54,1.48761534509619,0.5,0.5,1.49039911675747,1.49087353477494,0,closed_loop_monte_carlo,ok,0.00047441801746384,-0.5,0.5,0.0116095046626041,0.000644972481255785,2.63565565257689e-05,0.000618615924730016,0,rep001,1,1
structural_mismatch,SEIR structural mismatch,SEIR,uds,1,0,0,A1,Seasonal Forcing,AR,None,/home/kaahin/degree_project/hybrid-epidemic-forecasting/results/partB/forecasts/partB_structural_mismatch_forecast_A1_rep001_AR_None.mat,forecast_results,49,50,6,55,1.48450847400365,0.5,0.5,1.48853100384627,1.4890142899468,0,closed_loop_monte_carlo,ok,0.000483286100535718,-0.5,0.5,0.0165734054710032,0.000920744748389065,2.68492278075399e-05,0.000893895520581525,0,rep001,1,1
structural_mismatch,SEIR structural mismatch,SEIR,uds,1,0,0,A1,Seasonal Forcing,AR,None,/home/kaahin/degree_project/hybrid-epidemic-forecasting/results/partB/forecasts/partB_structural_mismatch_forecast_A1_rep001_AR_None.mat,forecast_results,49,50,7,56,1.48106440388863,0.5,0.5,1.48654311510915,1.48702111621384,0,closed_loop_monte_carlo,ok,0.000478001104692094,-0.5,0.5,0.0223928459867762,0.00124404699926534,2.65556169273386e-05,0.001217491382338,0,rep001,1,1
structural_mismatch,SEIR structural mismatch,SEIR,uds,1,0,0,A1,Seasonal Forcing,AR,None,/home/kaahin/degree_project/hybrid-epidemic-forecasting/results/partB/forecasts/partB_structural_mismatch_forecast_A1_rep001_AR_None.mat,forecast_results,56,57,1,57,1.47728721665793,0.05,0.95,1.47746833581852,1.47752600720996,0,closed_loop_monte_carlo,ok,5.76713914419713e-05,-0.95,0.95,0.00730243781494622,4.05690989719234e-05,3.20396619122063e-07,4.02487023528014e-05,0,rep001,1,1
structural_mismatch,SEIR structural mismatch,SEIR,uds,1,0,0,A1,Seasonal Forcing,AR,None,/home/kaahin/degree_project/hybrid-epidemic-forecasting/results/partB/forecasts/partB_structural_mismatch_forecast_A1_rep001_AR_None.mat,forecast_results,56,57,2,58,1.47318138902826,0.05,0.95,1.47372403875336,1.47388657538816,0,closed_loop_monte_carlo,ok,0.000162536634796817,-0.95,0.95,0.0218685256385742,0.00012149180910319,9.02981304426762e-07,0.000120588827798763,0,rep001,1,1
structural_mismatch,SEIR structural mismatch,SEIR,uds,1,0,0,A1,Seasonal Forcing,AR,None,/home/kaahin/degree_project/hybrid-epidemic-forecasting/results/partB/forecasts/partB_structural_mismatch_forecast_A1_rep001_AR_None.mat,forecast_results,56,57,3,59,1.46875178722047,0.05,0.95,1.46987146933507,1.47018390189028,0,closed_loop_monte_carlo,ok,0.00031243255520863,-0.95,0.95,0.0450997171392089,0.000250553984106716,1.73573641782572e-06,0.00024881824768889,0,rep001,1,1
structural_mismatch,SEIR structural mismatch,SEIR,uds,1,0,0,A1,Seasonal Forcing,AR,None,/home/kaahin/degree_project/hybrid-epidemic-forecasting/results/partB/forecasts/partB_structural_mismatch_forecast_A1_rep001_AR_None.mat,forecast_results,56,57,4,60,1.46400366119206,0.05,0.95,1.46595024193542,1.46638254819302,0,closed_loop_monte_carlo,ok,0.000432306257596604,-0.95,0.95,0.0782955359919906,0.000434975199955503,2.40170143109225e-06,0.000432573498524411,0,rep001,1,1
structural_mismatch,SEIR structural mismatch,SEIR,uds,1,0,0,A1,Seasonal Forcing,AR,None,/home/kaahin/degree_project/hybrid-epidemic-forecasting/results/partB/forecasts/partB_structural_mismatch_forecast_A1_rep001_AR_None.mat,forecast_results,56,57,5,61,1.45894263841497,0.05,0.95,1.46188877641897,1.46250278341904,0,closed_loop_monte_carlo,ok,0.000614007000073746,-0.95,0.95,0.118459527159759,0.000658108484220882,3.4111500004097e-06,0.000654697334220473,0,rep001,1,1
structural_mismatch,SEIR structural mismatch,SEIR,uds,1,0,0,A1,Seasonal Forcing,AR,None,/home/kaahin/degree_project/hybrid-epidemic-forecasting/results/partB/forecasts/partB_structural_mismatch_forecast_A1_rep001_AR_None.mat,forecast_results,56,57,6,62,1.45357471720592,0.05,0.95,1.45771227701727,1.45847931778039,0,closed_loop_monte_carlo,ok,0.000767040763124172,-0.95,0.95,0.166269433217035,0.000923719073427974,4.26133757291206e-06,0.000919457735855062,0,rep001,1,1
structural_mismatch,SEIR structural mismatch,SEIR,uds,1,0,0,A1,Seasonal Forcing,AR,None,/home/kaahin/degree_project/hybrid-epidemic-forecasting/results/partB/forecasts/partB_structural_mismatch_forecast_A1_rep001_AR_None.mat,forecast_results,56,57,7,63,1.44790625961717,0.05,0.95,1.45338484847512,1.45439869672958,0,closed_loop_monte_carlo,ok,0.00101384825445461,-0.95,0.95,0.220157402572368,0.0012230966809576,5.6324903025256e-06,0.00121746419065507,0,rep001,1,1
structural_mismatch,SEIR structural mismatch,SEIR,uds,1,0,0,A1,Seasonal Forcing,AR,None,/home/kaahin/degree_project/hybrid-epidemic-forecasting/results/partB/forecasts/partB_structural_mismatch_forecast_A1_rep001_AR_None.mat,forecast_results,56,57,1,57,1.47728721665793,0.1,0.9,1.47746833581852,1.47752600720996,0,closed_loop_monte_carlo,ok,5.76713914419713e-05,-0.9,0.9,0.00368005460319409,4.08894955910455e-05,6.40793238244126e-07,4.02487023528014e-05,0,rep001,1,1
structural_mismatch,SEIR structural mismatch,SEIR,uds,1,0,0,A1,Seasonal Forcing,AR,None,/home/kaahin/degree_project/hybrid-epidemic-forecasting/results/partB/forecasts/partB_structural_mismatch_forecast_A1_rep001_AR_None.mat,forecast_results,56,57,2,58,1.47318138902826,0.1,0.9,1.47372403875336,1.47388657538816,0,closed_loop_monte_carlo,ok,0.000162536634796817,-0.9,0.9,0.0110155311366855,0.000122394790407617,1.80596260885352e-06,0.000120588827798763,0,rep001,1,1
structural_mismatch,SEIR structural mismatch,SEIR,uds,1,0,0,A1,Seasonal Forcing,AR,None,/home/kaahin/degree_project/hybrid-epidemic-forecasting/results/partB/forecasts/partB_structural_mismatch_forecast_A1_rep001_AR_None.mat,forecast_results,56,57,3,59,1.46875178722047,0.1,0.9,1.46987146933507,1.47018390189028,0,closed_loop_monte_carlo,ok,0.00031243255520863,-0.9,0.9,0.0227060748472088,0.000252289720524542,3.47147283565145e-06,0.00024881824768889,0,rep001,1,1
structural_mismatch,SEIR structural mismatch,SEIR,uds,1,0,0,A1,Seasonal Forcing,AR,None,/home/kaahin/degree_project/hybrid-epidemic-forecasting/results/partB/forecasts/partB_structural_mismatch_forecast_A1_rep001_AR_None.mat,forecast_results,56,57,4,60,1.46400366119206,0.1,0.9,1.46595024193542,1.46638254819302,0,closed_loop_monte_carlo,ok,0.000432306257596604,-0.9,0.9,0.0393639211247936,0.000437376901386595,4.80340286218449e-06,0.000432573498524411,0,rep001,1,1
structural_mismatch,SEIR structural mismatch,SEIR,uds,1,0,0,A1,Seasonal Forcing,AR,None,/home/kaahin/degree_project/hybrid-epidemic-forecasting/results/partB/forecasts/partB_structural_mismatch_forecast_A1_rep001_AR_None.mat,forecast_results,56,57,5,61,1.45894263841497,0.1,0.9,1.46188877641897,1.46250278341904,0,closed_loop_monte_carlo,ok,0.000614007000073746,-0.9,0.9,0.0595367670799163,0.000661519634221292,6.8223000008194e-06,0.000654697334220473,0,rep001,1,1
structural_mismatch,SEIR structural mismatch,SEIR,uds,1,0,0,A1,Seasonal Forcing,AR,None,/home/kaahin/degree_project/hybrid-epidemic-forecasting/results/partB/forecasts/partB_structural_mismatch_forecast_A1_rep001_AR_None.mat,forecast_results,56,57,6,62,1.45357471720592,0.1,0.9,1.45771227701727,1.45847931778039,0,closed_loop_monte_carlo,ok,0.000767040763124172,-0.9,0.9,0.0835182369900798,0.000927980411000886,8.52267514582413e-06,0.000919457735855062,0,rep001,1,1
structural_mismatch,SEIR structural mismatch,SEIR,uds,1,0,0,A1,Seasonal Forcing,AR,None,/home/kaahin/degree_project/hybrid-epidemic-forecasting/results/partB/forecasts/partB_structural_mismatch_forecast_A1_rep001_AR_None.mat,forecast_results,56,57,7,63,1.44790625961717,0.1,0.9,1.45338484847512,1.45439869672958,0,closed_loop_monte_carlo,ok,0.00101384825445461,-0.9,0.9,0.110585625413411,0.00122872917126012,1.12649806050512e-05,0.00121746419065507,0,rep001,1,1
structural_mismatch,SEIR structural mismatch,SEIR,uds,1,0,0,A1,Seasonal Forcing,AR,None,/home/kaahin/degree_project/hybrid-epidemic-forecasting/results/partB/forecasts/partB_structural_mismatch_forecast_A1_rep001_AR_None.mat,forecast_results,56,57,1,57,1.47728721665793,0.2,0.8,1.47746858650674,1.47751955678139,0,closed_loop_monte_carlo,ok,5.09702746538387e-05,-0.8,0.8,0.00186466876276503,4.14370836170007e-05,1.13267277008531e-06,4.03044108469154e-05,0,rep001,1,1
structural_mismatch,SEIR structural mismatch,SEIR,uds,1,0,0,A1,Seasonal Forcing,AR,None,/home/kaahin/degree_project/hybrid-epidemic-forecasting/results/partB/forecasts/partB_structural_mismatch_forecast_A1_rep001_AR_None.mat,forecast_results,56,57,2,58,1.47318138902826,0.2,0.8,1.47373068642766,1.47388056166434,0,closed_loop_monte_carlo,ok,0.000149875236676866,-0.8,0.8,0.00564284923065816,0.000125396649570181,3.33056081504147e-06,0.00012206608875514,0,rep001,1,1
structural_mismatch,SEIR structural mismatch,SEIR,uds,1,0,0,A1,Seasonal Forcing,AR,None,/home/kaahin/degree_project/hybrid-epidemic-forecasting/results/partB/forecasts/partB_structural_mismatch_forecast_A1_rep001_AR_None.mat,forecast_results,56,57,3,59,1.46875178722047,0.2,0.8,1.4698786030428,1.47016622821715,0,closed_loop_monte_carlo,ok,0.000287625174347772,-0.8,0.8,0.0115557833976287,0.000256795186613972,6.3916705410616e-06,0.000250403516072911,0,rep001,1,1
structural_mismatch,SEIR structural mismatch,SEIR,uds,1,0,0,A1,Seasonal Forcing,AR,None,/home/kaahin/degree_project/hybrid-epidemic-forecasting/results/partB/forecasts/partB_structural_mismatch_forecast_A1_rep001_AR_None.mat,forecast_results,56,57,4,60,1.46400366119206,0.2,0.8,1.46595181722291,1.46633216763708,0,closed_loop_monte_carlo,ok,0.000380350414171282,-0.8,0.8,0.0198619107226943,0.000441375793837651,8.45223142602849e-06,0.000432923562411622,0,rep001,1,1
structural_mismatch,SEIR structural mismatch,SEIR,uds,1,0,0,A1,Seasonal Forcing,AR,None,/home/kaahin/degree_project/hybrid-epidemic-forecasting/results/partB/forecasts/partB_structural_mismatch_forecast_A1_rep001_AR_None.mat,forecast_results,56,57,5,61,1.45894263841497,0.2,0.8,1.46191823070454,1.46246354576451,0,closed_loop_monte_carlo,ok,0.000545315059974794,-0.8,0.8,0.0303012379556304,0.000673360843458454,1.21181124438843e-05,0.00066124273101457,0,rep001,1,1
structural_mismatch,SEIR structural mismatch,SEIR,uds,1,0,0,A1,Seasonal Forcing,AR,None,/home/kaahin/degree_project/hybrid-epidemic-forecasting/results/partB/forecasts/partB_structural_mismatch_forecast_A1_rep001_AR_None.mat,forecast_results,56,57,6,62,1.45357471720592,0.2,0.8,1.45772237581686,1.45845119111125,0,closed_loop_monte_carlo,ok,0.000728815294390728,-0.8,0.8,0.0422054014038054,0.000937897808973452,1.61958954309051e-05,0.000921701913542547,0,rep001,1,1
structural_mismatch,SEIR structural mismatch,SEIR,uds,1,0,0,A1,Seasonal Forcing,AR,None,/home/kaahin/degree_project/hybrid-epidemic-forecasting/results/partB/forecasts/partB_structural_mismatch_forecast_A1_rep001_AR_None.mat,forecast_results,56,57,7,63,1.44790625961717,0.2,0.8,1.45339075569968,1.45435642610375,0,closed_loop_monte_carlo,ok,0.000965670404070806,-0.8,0.8,0.0558106312291198,0.001240236249536,2.14593423126846e-05,0.00121877690722331,0,rep001,1,1
structural_mismatch,SEIR structural mismatch,SEIR,uds,1,0,0,A1,Seasonal Forcing,AR,None,/home/kaahin/degree_project/hybrid-epidemic-forecasting/results/partB/forecasts/partB_structural_mismatch_forecast_A1_rep001_AR_None.mat,forecast_results,56,57,1,57,1.47728721665793,0.5,0.5,1.47746924821554,1.47750238697364,0,closed_loop_monte_carlo,ok,3.31387581027354e-05,-0.5,0.5,0.000761264988547117,4.22924993637287e-05,1.84104211681863e-06,4.04514572469101e-05,0,rep001,1,1
structural_mismatch,SEIR structural mismatch,SEIR,uds,1,0,0,A1,Seasonal Forcing,AR,None,/home/kaahin/degree_project/hybrid-epidemic-forecasting/results/partB/forecasts/partB_structural_mismatch_forecast_A1_rep001_AR_None.mat,forecast_results,56,57,2,58,1.47318138902826,0.5,0.5,1.47375012565644,1.47386921109867,0,closed_loop_monte_carlo,ok,0.000119085442232603,-0.5,0.5,0.00239403195492738,0.000133001775273743,6.61585790181126e-06,0.000126385917371932,0,rep001,1,1
structural_mismatch,SEIR structural mismatch,SEIR,uds,1,0,0,A1,Seasonal Forcing,AR,None,/home/kaahin/degree_project/hybrid-epidemic-forecasting/results/partB/forecasts/partB_structural_mismatch_forecast_A1_rep001_AR_None.mat,forecast_results,56,57,3,59,1.46875178722047,0.5,0.5,1.46991818772834,1.47007434560377,0,closed_loop_monte_carlo,ok,0.000156157875427665,-0.5,0.5,0.00482175990691469,0.000267875550384149,8.67543752375916e-06,0.00025920011286039,0,rep001,1,1
structural_mismatch,SEIR structural mismatch,SEIR,uds,1,0,0,A1,Seasonal Forcing,AR,None,/home/kaahin/degree_project/hybrid-epidemic-forecasting/results/partB/forecasts/partB_structural_mismatch_forecast_A1_rep001_AR_None.mat,forecast_results,56,57,4,60,1.46400366119206,0.5,0.5,1.46600717807541,1.46614157812894,0,closed_loop_monte_carlo,ok,0.000134400053521277,-0.5,0.5,0.00814846758693411,0.000452692643718561,7.46666964007097e-06,0.00044522597407849,0,rep001,1,1
structural_mismatch,SEIR structural mismatch,SEIR,uds,1,0,0,A1,Seasonal Forcing,AR,None,/home/kaahin/degree_project/hybrid-epidemic-forecasting/results/partB/forecasts/partB_structural_mismatch_forecast_A1_rep001_AR_None.mat,forecast_results,56,57,5,61,1.45894263841497,0.5,0.5,1.46195139947525,1.46213083886633,0,closed_loop_monte_carlo,ok,0.000179439391085889,-0.5,0.5,0.0122144836321829,0.000678582424010162,9.96885506032719e-06,0.000668613568949835,0,rep001,1,1
structural_mismatch,SEIR structural mismatch,SEIR,uds,1,0,0,A1,Seasonal Forcing,AR,None,/home/kaahin/degree_project/hybrid-epidemic-forecasting/results/partB/forecasts/partB_structural_mismatch_forecast_A1_rep001_AR_None.mat,forecast_results,56,57,6,62,1.45357471720592,0.5,0.5,1.45774629984693,1.45811845547547,0,closed_loop_monte_carlo,ok,0.000372155628536541,-0.5,0.5,0.01705848619259,0.00094769367736611,2.06753126964745e-05,0.000927018364669636,0,rep001,1,1
structural_mismatch,SEIR structural mismatch,SEIR,uds,1,0,0,A1,Seasonal Forcing,AR,None,/home/kaahin/degree_project/hybrid-epidemic-forecasting/results/partB/forecasts/partB_structural_mismatch_forecast_A1_rep001_AR_None.mat,forecast_results,56,57,7,63,1.44790625961717,0.5,0.5,1.4533983545814,1.4540126295443,0,closed_loop_monte_carlo,ok,0.000614274962905448,-0.5,0.5,0.0225826548198027,0.00125459193443348,3.41263868280804e-05,0.0012204655476054,0,rep001,1,1
