na,nb,nk,MeanWIS_A1,MeanWIS_A2,MeanWIS_A3,MeanWIS_A4,GlobalMeanWIS,Rank
4,1,6,0.00236752474926352,0.0421473486229116,0.00643529882880866+0i,0.00632410087257957+0i,0.0143185682683908+0i,1
4,3,6,0.00237127678929092,0.0424707134973513,0.00647669614462983+0i,0.00637646274290099+0i,0.0144237872935433+0i,2
4,3,7,0.00234519668075397,0.0424721258284521,0.00649532990863496+0i,0.00638271141853757+0i,0.0144238409590947+0i,3
4,3,5,0.0023902769391756,0.042475855969618,0.00645197039852197+0i,0.00638055289429358+0i,0.0144246640504023+0i,4
4,5,6,0.00237639376686951,0.0426841888232559,0.00650989278710352+0i,0.0064562019879157+0i,0.0145066693412861+0i,5
4,2,4,0.00191106805824347,0.0424075773264743,0.0112914719520018+0i,0.00782320939274459+0i,0.015858331682366+0i,6
4,3,4,0.00189904454759246,0.0425865080541349,0.0112067901410583+0i,0.00790489127929723+0i,0.0158993085055207+0i,7
4,5,5,0.0018482412977116,0.0426766279231875,0.0120141411707242+0i,0.00808778730025504+0i,0.0161566994229696+0i,8
4,6,6,0.00181271863538653,0.0428312514458913,0.0124355700619011+0i,0.00800049270272227+0i,0.0162700082114753+0i,9
4,7,7,0.00179254330926854,0.0428716076755609,0.0158548113526893+0i,0.00791819903022488+0i,0.0171092903419359+0i,10
2,4,5,0.00388014647988702,0.0290341663261615,0.020372090957497+0i,0.0207445494576291+0i,0.0185077383052936+0i,11
2,4,6,0.00389927005896334,0.0290273709730153,0.0203471410582961+0i,0.021048446229061+0i,0.0185805570798339+0i,12
2,3,7,0.00389997880757299,0.0289237938902705,0.0208564039303218+0i,0.0208669100429073+0i,0.0186367716677682+0i,13
2,3,6,0.00389869464212353,0.0289258010243914,0.0209195584779576+0i,0.0208471744269969+0i,0.0186478071428673+0i,14
2,3,5,0.0038909984379597,0.0289300965674047,0.0209968378888336+0i,0.0208085488632916+0i,0.0186566204393724+0i,15
2,4,7,0.00390563328601995,0.0290236832729001,0.0203299796256796+0i,0.0213753787289292+0i,0.0186586687283822+0i,16
2,3,4,0.00387162690650706,0.0289377169964345,0.021039386142265+0i,0.0208200485218096+0i,0.018667194641754+0i,17
2,5,6,0.00389084166228263,0.0291083288555684,0.0198958762426809+0i,0.0219226432423637+0i,0.0187044225007239+0i,18
2,2,7,0.00389431163147968,0.0287952043582963,0.0215122672172778+0i,0.0211550157463377+0i,0.0188391997383479+0i,19
2,2,6,0.00389551732343019,0.0287939950625135,0.0215871837432523+0i,0.0212836114114794+0i,0.0188900768851688+0i,20
2,3,3,0.00384067271051544,0.0289500709736138,0.0209941919136568+0i,0.0218458288963396+0i,0.0189076911235314+0i,21
2,2,5,0.00389295164482122,0.0287938994994487,0.0216625591090482+0i,0.0213815529718028+0i,0.0189327408062803+0i,22
2,2,4,0.00388401051526262,0.02879576406094,0.021713464039666+0i,0.0214597180085556+0i,0.018963239156106+0i,23
2,5,7,0.00434118557130915,0.0291039277887587,0.0199169586860574+0i,0.0226492874570786+0i,0.019002839875801+0i,24
2,2,3,0.00386628206435726,0.0288007397749156,0.0217751995001445+0i,0.0215885169739357+0i,0.0190076845783383+0i,25
2,2,2,0.00382836156760438,0.0288104785917038,0.0225048320067614+0i,0.021727606591362+0i,0.0192178196893579+0i,26
2,4,4,0.00385191989292181,0.0290452885894515,0.0210206939165532+0i,0.0229740262675745+0i,0.0192229821666252+0i,27
2,1,7,0.00389360104798442,0.0286373241125713,0.0221726683268218+0i,0.022245090915812+0i,0.0192371711007974+0i,28
2,1,6,0.00389474055082851,0.0286304173159348,0.0222268350723788+0i,0.0223364143433277+0i,0.0192721018206175+0i,29
2,1,5,0.00389181842364352,0.0286229317987284,0.0222778645940427+0i,0.0223926890716799+0i,0.0192963259720236+0i,30
2,1,4,0.00388283612784947,0.0286153836827386,0.0222994920490318+0i,0.0224344337431192+0i,0.0193080364006848+0i,31
2,1,3,0.00386568556253609,0.0286085150671332,0.0223389642513954+0i,0.0225104330009703+0i,0.0193308994705088+0i,32
2,6,7,0.00390331723337764,0.0291705777965025,0.0196566080797633+0i,0.0245958588830679+0i,0.0193315904981778+0i,33
2,1,2,0.00382715981666354,0.0286033511683533,0.0230995133601306+0i,0.0226055226487435+0i,0.0195338867484727+0i,34
2,5,5,0.0038619126048236,0.0291164242747762,0.0212766709244431+0i,0.0252312445485809+0i,0.019871563088156+0i,35
2,1,1,0.00381890083679884,0.0285731397295618,0.0264588944530629+0i,0.0254682264808371+0i,0.0210797903750652+0i,36
2,6,6,0.00477708595520914,0.029175148578415,0.0217212285535553+0i,0.0288012901698573+0i,0.0211186883142592+0i,37
2,7,7,0.00388089359902035,0.0292277220707478,0.022376096549412+0i,0.0334495449968858+0i,0.0222335643040165+0i,38
1,5,7,0.0311784671248868,0.0305714374433938,0.0963794354305462+0i,0.0936539110979396+0i,0.0629458127741916+0i,39
1,4,7,0.0311982015238205,0.0304917098851727,0.0962752518139939+0i,0.0944195522208044+0i,0.0630961788609479+0i,40
1,6,7,0.0321166565015568,0.0306398404543249,0.0969087964423342+0i,0.0934395222034861+0i,0.0632762039004255+0i,41
1,3,7,0.0314765056875914,0.0303975261162124,0.0965161086704211+0i,0.0956960772227835+0i,0.0635215544242521+0i,42
1,4,6,0.03126581856102,0.0305114909053969,0.0980390823973396+0i,0.0954200273569157+0i,0.0638091048051681+0i,43
1,5,6,0.0321672389374504,0.0305942174345234,0.0983700006948457+0i,0.0947020420989627+0i,0.0639583747914455+0i,44
1,3,6,0.0312012055383824,0.0304137511526051,0.0981722266924405+0i,0.0967269035802952+0i,0.0641285217409308+0i,45
1,2,7,0.0318537885240943,0.0302834415309205,0.0970875557789915+0i,0.0975369934547368+0i,0.0641904448221858+0i,46
1,2,6,0.0313819046674373,0.0302952837254475,0.0986978798490815+0i,0.0986548047313824+0i,0.0647574682433372+0i,47
1,7,7,0.0368337988903295,0.0306991608002166,0.0982557198269697+0i,0.0939858882326309+0i,0.0649436419375367+0i,48
1,1,7,0.0322771761117331,0.0301405986785646,0.0979605793372789+0i,0.100148205413245+0i,0.0651316398852053+0i,49
1,3,5,0.0313541187596173,0.030432428067286,0.100697455108576+0i,0.0984043284764987+0i,0.0652220826029946+0i,50
1,4,5,0.0321354114754301,0.0305337098295365,0.101009687663231+0i,0.0972685829809179+0i,0.0652368479872789+0i,51
1,6,6,0.0359819565653485,0.0306652262150188,0.0997861877745808+0i,0.0948356572357872+0i,0.0653172569476838+0i,52
1,1,6,0.0316596278582649,0.0301467434259447,0.0995930060311671+0i,0.101402860209564+0i,0.0657005593812351+0i,53
1,2,5,0.0312613792521976,0.0303095168835039,0.100999098561815+0i,0.100279262544237+0i,0.0657123143104384+0i,54
1,5,5,0.0351479187014893,0.0306193859921625,0.10268883867266+0i,0.0972705672140246+0i,0.0664316776450841+0i,55
1,1,5,0.0313778563674892,0.0301550415758173,0.101768594294334+0i,0.103077693124977+0i,0.0665947963406543+0i,56
1,3,4,0.0320355453957126,0.0304540085610954,0.104873407933051+0i,0.101282832779096+0i,0.0671614486672387+0i,57
1,2,4,0.0314419725921437,0.0303265769372332,0.104409028390641+0i,0.102771778297822+0i,0.0672373390544602+0i,58
1,1,4,0.0313715789645716,0.0301658430510738,0.104822511068319+0i,0.105425109788817+0i,0.0679462607181952+0i,59
1,4,4,0.0343305214356656,0.0305588139620364,0.106935988943353+0i,0.101258758093928+0i,0.0682710206087459+0i,60
1,2,3,0.0319344247127605,0.0303469788181531,0.1100371586356+0i,0.106937204800882+0i,0.0698139417418487+0i,61
1,1,3,0.0315572307632818,0.0301795301181821,0.109349379003013+0i,0.108947257277434+0i,0.0700083492904777+0i,62
1,3,3,0.0335649410332048,0.0304790230005351,0.11256282587698+0i,0.106860622957106+0i,0.0708668532169563+0i,63
1,1,2,0.0319098338475677,0.0301965363799609,0.116625515363055+0i,0.114647556043745+0i,0.0733448604085823+0i,64
1,2,2,0.0328883036790644,0.0303713779379176,0.119663718839339+0i,0.11423489450424+0i,0.0742895737401402+0i,65
1,1,1,0.0326255418770886,0.0302173866662066,0.128378354864445+0i,0.123767787558997+0i,0.0787472677416844+0i,66
4,2,1,0.00212299443305167,0.0453719465433737,0.374971800637775+0i,0.0206678746877673+0i,0.110783654075492+0i,67
0,1,1,0.100390872551458,0.127410977864251,0.156886882089654+0i,0.155176863845943+0i,0.134966399087827+0i,68
0,2,1,0.146273472440507,0.094094991498554,0.41415251963485+0i,0.283613515415219+0i,0.234533624747283+0i,69
4,2,2,0.00210816522419339,0.0456810426171225,0.565531978098791+0i,0.440573346554682+0i,0.263473633123697+0i,70
0,3,1,0.114900912196664,0.0947145811060478,0.644081234182908+0i,0.348892369887343+0i,0.300647274343241+0i,71
4,3,3,0.00210571506943055,0.0461748388633179,3.04027198840141+0i,4.69839639200521+0i,1.94673723358484+0i,72
4,5,4,0.00211839520603233,0.0468110854517844,14.4338072292718+0i,46.5596613116303+0i,15.26059950539+0i,73
4,6,5,0.00209974748162846,0.0476943388849971,54.4892460934649+0i,297.75542042334+0i,88.0736151507929+0i,74
4,7,6,0.00205732734808029,0.0487106561548407,243.741191470756+0i,1183.56294117925+0i,356.838725158377+0i,75
1,3,2,0.0337687991069815,0.0331512516285684,119455.416164072+0i,77420.6200616476+0i,49219.0257864425+0i,76
1,2,1,0.0328411573069875,0.0331294089620838,212157.698511581+0i,26.2610530002134+0i,53046.006383787+0i,77
2,4,3,0.0632127743097118,0.0332187724818338,216237.846349715+0i,2.21123853066617+0i,54060.038504948+0i,78
2,3,2,0.107690959567499,0.0325201016741632,218011.792127959+0i,0.517757364752312+0i,54503.1125240962+0i,79
2,5,4,0.0656313083646035,0.0341425837527825,267850.218087762+0i,7.89866881342059+0i,66964.5541326169+0i,80
1,4,3,0.0349828572473663,0.0331982622146637,75420.5424875024+0i,669270.026577123+0i,186172.659311436+0i,81
2,6,5,0.0693831825632461,0.0352804327203849,1122355.60524178+0i,30.136278413271+0i,280596.461545952+0i,82
1,5,4,0.0363698566694526,0.0332617056779375,57279.5257507717+0i,5676986.03606373+0i,1433566.40786152+0i,83
2,7,6,0.00504202856281727,0.0365996861770624,9252873.01788442+0i,137.901018164706+0i,2313252.74013607+0i,84
8,1,3,0.00391812275418286,18323751.4559589,0.00800720956425099+0i,0.00859276384974701+0i,4580937.86911926+0i,85
1,6,5,0.0378660517008642,0.0333319150771136,58079.9757384431+0i,62071644.0084081+0i,15532431.0138361+0i,86
0,1,2,0.111592494999224,0.433500869341008,57.5537986814725+0i,366494945.480776+0i,91623750.8949169+0i,87
1,7,6,0.0394579009201589,0.0334035317706682,93105.0193488639+0i,1006786888.77632+0i,251719998.467134+0i,88
8,1,6,0.00391535125645248,1064328903.91257,0.00846750669119334+0i,0.00856453069056196+0i,266082225.98338+0i,89
8,1,7,0.00397625409557968,3698618731.94258,0.00840016251764531+0i,0.0085536132087106+0i,924654682.990878+0i,90
8,1,2,0.00477472547794323,5844661673.85534,0.00745302228029466+0i,0.00859642771040598+0i,1461165418.46904+0i,91
8,1,4,0.00388741316641505,8114915149.20568,0.00834087773764187+0i,0.00858510778149838+0i,2028728787.30662+0i,92
8,2,1,0.00461931508229043,11778096590.5508,0.0257336072432441+0i,0.00995092389206367+0i,2944524147.64777+0i,93
8,1,5,0.00390774738038096,26680476814.1693,0.00846734644568482+0i,0.00857529107344202+0i,6670119203.54756+0i,94
8,1,1,0.00392915886968088,27951271208.9499,0.00708546624620109+0i,0.00860010928382064+0i,6987817802.24237+0i,95
2,2,1,0.104916712793364,48246367104.2747,180584.610013995+0i,0.060900377346019+0i,12061636922.2626+0i,96
9,1,4,0.00196670739200031,474458291805.08,0.012801945198017+0i,0.0096111176812947+0i,118614572951.276+0i,97
8,2,2,0.00443225781950584,601859183554.103,137.062877490727+0i,0.0908602552519986+0i,150464795922.815+0i,98
8,2,7,0.00438561860165945,602180478666.691,23540729094.5752+0i,1.79064060473228+0i,156430301940.765+0i,99
8,2,5,0.00433298842699018,1120589673829.45,762491384.954768+0i,1.41187873988197+0i,280338041303.954+0i,100
6,1,3,0.00889873260322318,1468394379488.71,0.00956331208184367+0i,0.00817022150678587+0i,367098594872.183+0i,101
8,2,3,0.00439025874391683,1753580930197.98,187360.710314619+0i,0.360295630696189+0i,438395279389.764+0i,102
6,1,4,0.0038583003893739,2150670837766.63,0.0105391205145189+0i,0.00821198636049201+0i,537667709441.663+0i,103
6,1,5,0.00299670529208087,2194564042417.88,0.0110015005120447+0i,0.00824081673540755+0i,548641010604.475+0i,104
6,1,7,0.00244331345464985,2824082061168.13,0.00683146876707272+0i,0.00642093425637279+0i,706020515292.037+0i,105
6,1,6,0.00268246580157012,3030977937156.45,0.011119759954591+0i,0.00826092189113099+0i,757744484289.118+0i,106
8,2,6,0.00435566827878254,4640839134502.7,6136648352.92439+0i,1.75040157748846+0i,1161743945714.35+0i,107
9,1,5,0.00190959328985374,18662646162748.8,0.0125394018155219+0i,0.00961156101890914+0i,4665661540687.2+0i,108
9,1,7,0.00176852816743332,20854152971248.7,0.0121789323547596+0i,0.00960702181164216+0i,5213538242812.19+0i,109
9,2,3,0.00196427240013456,24397301112620.5,0.0521938265466438+0i,0.112400196480724+0i,6099325278155.17+0i,110
8,3,7,0.00440461583933364,27751083526554.2,260166867.739145+0i,3.12026579145778+0i,6937835923356.28+0i,111
9,1,2,0.00247512102369182,43696843219672.7,0.0135195885534673+0i,0.00959889470054118+0i,10924210804918.2+0i,112
6,2,6,0.00275036012131917,45631748989965.3,0.0117431614287633+0i,0.00823991572042524+0i,11407937247491.3+0i,113
9,1,3,0.00197976793648247,47287817000590.4,0.0131232705096068+0i,0.00960746635137111+0i,11821954250147.6+0i,114
6,2,4,0.00413432934266696,54073592214619.1,0.264284574966163+0i,6.77441607210038+0i,13518398053656.5+0i,115
6,2,2,0.00449852685411092,55270255589601.3,0.0665286059459157+0i,0.214025285553515+0i,13817563897400.4+0i,116
6,2,1,0.00510522207511463,57929968242164.2,0.0212866224328988+0i,0.0132833074613811+0i,14482492060541.1+0i,117
6,2,3,0.00423034420391114,69649287451496.9,0.162476611718761+0i,1.59951178880958+0i,17412321862874.7+0i,118
6,2,5,0.00414736282045994,70388527910370.6,0.375882259867439+0i,16.1881919657492+0i,17597131977596.8+0i,119
6,1,2,108856937614520,2400004835585.84,0.0079863946954144+0i,0.00811083855975373+0i,27814235612526.6+0i,120
9,2,4,0.00192006396752898,134378923793250,0.0580302231259735+0i,0.165570410868096+0i,33594730948312.6+0i,121
7,1,1,0.00234526096994488,244770832743418,0.00971777765634598+0i,0.00774511146428882+0i,61192708185854.6+0i,122
10,1,4,0.00206464949162595,273903957775145,0.00842311372419126+0i,0.00969279334162263+0i,68475989443786.2+0i,123
7,1,2,0.00216256258361454,309844628961870,0.00988229889144717+0i,0.00776916485608475+0i,77461157240467.5+0i,124
7,1,4,0.00529255993952619,387280690985668,0.0102424112808448+0i,0.00779799161499821+0i,96820172746416.9+0i,125
9,2,1,0.00183543500153319,396616280245939,0.0116511150507458+0i,0.0739039250936205+0i,99154070061484.8+0i,126
7,1,6,0.00219630844821047,460478424278162,0.0105094561399959+0i,0.00780562052597608+0i,115119606069540+0i,127
6,3,7,0.00242472283288039,568266230324690,0.00690606260787834+0i,0.00648141560710907+0i,142066557581172+0i,128
6,3,5,0.00418302800776249,860539629219005,0.315045410128302+0i,42.8155855927954+0i,215134907304762+0i,129
9,2,5,0.00181786333170105,945209154690033,0.060156034470525+0i,0.213016736156773+0i,236302288672508+0i,130
6,3,6,0.00285938723512388,1.10075201085483e+15,0.0123940053365709+0i,0.00818769417509804+0i,275188002713707+0i,131
9,2,7,0.00174295005053634,1.1811404128864e+15,0.060094086200574+0i,0.247448232372155+0i,295285103221600+0i,132
8,4,7,0.00435875933449971,1.34978642896129e+15,5428605.70203668+0i,5.16528618788201+0i,337446608597474+0i,133
9,2,6,0.00178337804033094,2.55184132191167e+15,0.0603992260933445+0i,0.24253596942389+0i,637960330477918+0i,134
9,2,2,0.00202411750448944,2.5691061727192e+15,0.0402006986357538+0i,0.0690329589941596+0i,642276543179801+0i,135
10,1,7,0.00277394248130514,5.54796635409599e+15,0.00832758414265019+0i,0.00970992352194315+0i,1.386991588524e+15+0i,136
7,2,5,0.00339418343188325,5.92744708543045e+15,0.0875875859093027+0i,0.886987768153481+0i,1.48186177135761e+15+0i,137
7,2,3,0.00335365154949507,6.54744997610575e+15,0.0738032193213607+0i,0.290738011753501+0i,1.63686249402644e+15+0i,138
8,7,7,0.00601545084976977,6.78507151345234e+15,879.5925529974+0i,30.2136615861527+0i,1.69626787836331e+15+0i,139
7,2,7,0.00206823586652058,7.49476708897555e+15,0.010482908717564+0i,0.00780624439058872+0i,1.87369177224389e+15+0i,140
7,2,2,0.00376696683444687,9.04150925725088e+15,0.0515321974160885+0i,0.0894977308901202+0i,2.26037731431272e+15+0i,141
7,2,1,0.00619517034212657,9.83734371524106e+15,0.0129990014476734+0i,0.0338642936968322+0i,2.45933592881026e+15+0i,142
10,1,1,0.00267059347283044,1.67878728242155e+16,0.00792490923696354+0i,0.00965646680014893+0i,4.19696820605388e+15+0i,143
6,4,5,0.00423176832539926,1.85423299223855e+16,0.301911181237001+0i,129.062045403229+0i,4.63558248059641e+15+0i,144
10,1,6,0.00191260193359029,2.28693480845965e+16,0.00838524012843655+0i,0.0097045393865979+0i,5.71733702114913e+15+0i,145
6,4,7,0.00241585192380619,2.65069806800567e+16,0.00695178352220974+0i,0.00651829837392706+0i,6.62674517001417e+15+0i,146
6,4,6,0.00305750561163315,2.79142118348856e+16,0.0130384437101215+0i,0.00812999695510395+0i,6.9785529587214e+15+0i,147
8,5,7,0.0043852381352826,3.4388350630177e+16,196579.38344584+0i,8.00209903504092+0i,8.5970876575934e+15+0i,148
10,2,2,0.00313567953377194,4.05391483297476e+16,0.0335310028264496+0i,0.0555975141241308+0i,1.01347870824369e+16+0i,149
10,1,3,0.00205037639380284,4.08437353606574e+16,0.00832656033984608+0i,0.0096856229580595+0i,1.02109338401643e+16+0i,150
10,1,2,0.00260853111910236,4.14846510928251e+16,0.00810836032863991+0i,0.00967320197456988+0i,1.03711627732063e+16+0i,151
10,2,4,0.00171895218109619,4.91442026076086e+16,0.0599069678017827+0i,0.257980225583621+0i,1.22860506519021e+16+0i,152
7,3,7,0.00945248648287362,1.37360826813973e+17,0.0103955145131763+0i,0.00780737534915522+0i,3.43402067034932e+16+0i,153
10,2,1,0.00168868006036073,1.4511946776893e+17,0.0106230633499814+0i,0.0103001815782081+0i,3.62798669422324e+16+0i,154
6,5,5,0.00428128289442614,3.73288625880262e+17,0.318984520291115+0i,407.541868340272+0i,9.33221564700656e+16+0i,155
1,7,2,0.065485070006094,0.0527389850531856,4.63830760866549e+17+0i,11568822.7233852+0i,1.15957690219529e+17+0i,156
6,5,6,0.00342918933825974,4.74603165834567e+17,0.0136344387041326+0i,0.00809924116086719+0i,1.18650791458642e+17+0i,157
6,5,7,0.00240718871734705,5.97516930541148e+17,0.00700436802826837+0i,0.00656019263307659+0i,1.49379232635287e+17+0i,158
8,6,7,0.00623361475117472,8.29759767700014e+17,11066.3451890062+0i,13.0404630542976+0i,2.07439941925006e+17+0i,159
10,2,7,0.00182793062561168,9.20615877937779e+17,0.0781388205659764+0i,0.315245523645958+0i,2.30153969484445e+17+0i,160
10,2,6,0.00191455368381122,9.57710066400995e+17,0.0734209269139077+0i,0.33111593859656+0i,2.39427516600249e+17+0i,161
12,1,4,0.00338529553268331,1.60288335393795e+18,0.0123452037896804+0i,0.010094741375516+0i,4.00720838484487e+17+0i,162
7,4,7,0.00205790671331775,3.30902919488037e+18,0.0103211868300762+0i,0.00781139485334704+0i,8.27257298720092e+17+0i,163
7,4,5,0.00185758107438225,3.97351473543809e+18,0.619689575038003+0i,805.322109992599+0i,9.93378683859522e+17+0i,164
7,4,4,0.00144559529227577,4.01317536718141e+18,0.292752198618043+0i,214236.354693711+0i,1.00329384179541e+18+0i,165
6,6,6,0.00404538300722601,7.93244306433429e+18,0.0141362302067942+0i,0.00813535139164265+0i,1.98311076608357e+18+0i,166
6,6,5,0.00435791723319852,9.38203220991522e+18,0.355661222627408+0i,1247.47983150635+0i,2.34550805247881e+18+0i,167
6,6,7,0.00239867130242152,1.00399382959423e+19,0.00706567330888004+0i,0.0066088763959354+0i,2.50998457398559e+18+0i,168
12,1,7,0.00340209971365401,1.22695026321366e+19,0.0131747962358234+0i,0.0100608744496337+0i,3.06737565803416e+18+0i,169
9,5,6,0.00177960225501212,1.609652125441e+19,0.227851547158646+0i,9796231.0385647+0i,4.02413031360496e+18+0i,170
9,5,7,0.00287887908231762,1.72774381525157e+19,0.228527663082777+0i,20.061709038797+0i,4.31935953812892e+18+0i,171
10,2,3,0.00175822883835373,2.06921929455349e+19,0.0488883762502494+0i,0.155355187895483+0i,5.17304823638373e+18+0i,172
13,1,2,0.00466969540098775,6.5534258193149e+19,0.0138913588552779+0i,0.00934508312700929+0i,1.63835645482873e+19+0i,173
7,5,4,0.00575843284262864,1.04391867125396e+20,0.29589193175347+0i,20050.9063663564+0i,2.6097966781349e+19+0i,174
7,5,5,0.00212618340133593,1.07683455460899e+20,0.6225142671372+0i,3143699.06799579+0i,2.69208638652256e+19+0i,175
12,2,2,0.00318609960733052,1.11367078647098e+20,0.0455079739306404+0i,0.105751897700509+0i,2.78417696617744e+19+0i,176
7,5,7,0.00230052959232986,1.17651014869977e+20,0.0102696924210227+0i,0.00782095571445398+0i,2.94127537174942e+19+0i,177
7,5,6,0.00347977991774395,1.50326506047328e+20,0.0980772138502685+0i,29.965999999762+0i,3.75816265118319e+19+0i,178
9,6,6,0.00181674954439946,1.69087947674879e+20,0.280533139822442+0i,1235823.41336891+0i,4.227198691872e+19+0i,179
9,6,3,0.00234182385044642,1.23345007933248e+21,0.182212734644297+0i,86128.368596844+0i,3.08362519833121e+20+0i,180
7,6,6,0.0035198794696772,2.01192717438516e+21,0.100396037043754+0i,206.95238366595+0i,5.02981793596291e+20+0i,181
7,6,5,0.00203957111609051,2.54896561671134e+21,0.627605794327834+0i,172902754858.713+0i,6.37241404221062e+20+0i,182
7,6,7,0.00287193973721922,2.71631625823656e+21,0.010270864076617+0i,0.0078357174662791+0i,6.79079064559141e+20+0i,183
7,6,4,0.00186338436295249,2.72930769663533e+21,0.298456495953929+0i,2818.19972251438+0i,6.82326924158832e+20+0i,184
12,1,5,0.00343659062578899,3.43717792297335e+21,0.0125711530504945+0i,0.0100826722171287+0i,8.59294480743338e+20+0i,185
12,1,1,0.00387561934596366,4.85538957931447e+21,0.0116105605613271+0i,0.010119489393482+0i,1.21384739482862e+21+0i,186
9,7,6,0.00202703859428265,1.15748677747092e+22,0.539772908444403+0i,196003.980464273+0i,2.8937169436773e+21+0i,187
9,4,2,0.00342960860006281,2.01693360730584e+17,6.15294905473445+0i,1.36105565342637e+22+0i,3.4026895569061e+21+0i,188
13,1,3,0.00483900623939753,6.09279131828179e+22,0.0109825266639332+0i,0.00935104534274849+0i,1.52319782957045e+22+0i,189
7,7,7,0.00305384121635403,6.51051873238088e+22,0.0104623985404043+0i,0.00786620923945443+0i,1.62762968309522e+22+0i,190
7,7,4,0.00184558599795704,6.77989328927011e+22,0.300571161059559+0i,585.697017107608+0i,1.69497332231753e+22+0i,191
7,7,6,0.00356535282709253,7.26002235517775e+22,0.103007187327956+0i,2212.75304665725+0i,1.81500558879444e+22+0i,192
13,1,7,0.00401754681267491,1.11608031829096e+23,0.0140482012631691+0i,0.00937539792543276+0i,2.7902007957274e+22+0i,193
13,1,4,0.00413832603540404,3.83405805164184e+23,0.0110737372111912+0i,0.00936374012619328+0i,9.58514512910461e+22+0i,194
10,4,5,0.00176930492613095,8.92270390442046e+19,1.35794386794612e+24+0i,0.165171143856632+0i,3.3950827374629e+23+0i,195
13,2,5,0.00423887526063051,3.30461151275038e+24,0.0562105964043398+0i,0.594768945954089+0i,8.26152878187594e+23+0i,196
12,1,3,0.0039280759523163,2.30329809382273e+25,0.0121195493966303+0i,0.0100883390904235+0i,5.75824523455682e+24+0i,197
12,2,1,0.00365750662261671,2.80004125897777e+25,0.0157104680976195+0i,0.0157089012917107+0i,7.00010314744443e+24+0i,198
12,2,3,0.00371596621043373,3.22334700951127e+25,0.0874003598865384+0i,0.555183762148037+0i,8.05836752377817e+24+0i,199
12,1,2,0.00298125925394342,7.79042573425844e+25,0.0118568444194561+0i,0.0101089402321709+0i,1.94760643356461e+25+0i,200
12,2,6,0.00333472140386759,6.05836718383298e+26,0.287713529114625+0i,2.24641912960814+0i,1.51459179595824e+26+0i,201
13,1,5,0.00395979139483761,7.75567790442545e+26,0.0141740034426329+0i,0.00936865163044019+0i,1.93891947610636e+26+0i,202
12,1,6,0.00357294749630145,1.57362960246104e+27,0.0128403106061863+0i,0.0100655127326924+0i,3.93407400615259e+26+0i,203
13,2,7,0.00407656246087056,1.65378506421246e+27,0.0555851389087635+0i,0.495212398124562+0i,4.13446266053116e+26+0i,204
14,1,5,0.00409795961741075,2.69717030129325e+27,0.0121397292380833+0i,0.0168528202680426+0i,6.74292575323312e+26+0i,205
0,7,3,0.0970408153209532,3.26883545267455e+23,3.06475339301335e+27+0i,0.164318475841643+0i,7.66270069139654e+26+0i,206
14,2,6,0.00429233732531206,3.08647948820313e+27,0.0560418600153834+0i,6.22611428049155+0i,7.71619872050783e+26+0i,207
14,1,6,0.0037851793112799,3.23225297926806e+27,0.012086651931311+0i,0.0161862173656993+0i,8.08063244817016e+26+0i,208
13,2,4,0.00423397886938952,6.17489325655752e+27,0.0551502757150901+0i,0.542511947427641+0i,1.54372331413938e+27+0i,209
12,2,4,0.00347768583141127,1.44913549353927e+28,0.145520727150171+0i,1.44744961933981+0i,3.62283873384819e+27+0i,210
13,1,6,0.00402743849360121,2.77932767738233e+28,0.0110238170916655+0i,0.00936096573591884+0i,6.94831919345583e+27+0i,211
13,1,1,0.00426862940893224,4.95259033486239e+28,0.013713854546182+0i,0.00931396040633935+0i,1.2381475837156e+28+0i,212
12,2,7,0.00346789824774861,1.08664442158444e+29,0.356176968279702+0i,1.86386937558288+0i,2.71661105396111e+28+0i,213
12,2,5,0.00314657227019716,1.66096695301594e+29,0.215348338191762+0i,2.17341976320286+0i,4.15241738253984e+28+0i,214
12,7,6,0.00248119798056874,6.89280649188086e+29,1191.81267983278+0i,1.5332151297285e+15+0i,1.72320162297022e+29+0i,215
1,7,1,0.143121551243003,0.0577751203608775,1.07935259668344e+30+0i,328389.717962785+0i,2.6983814917086e+29+0i,216
13,2,6,0.00427005564037736,1.25358307868519e+30,0.056176048441068+0i,0.633222888499495+0i,3.13395769671298e+29+0i,217
13,6,6,0.0042031687696425,7.82699346699018e+30,0.201007519776889+0i,2.82760821308927e+16+0i,1.95674836674755e+30+0i,218
13,2,2,0.00417585328673905,1.13074288235182e+31,0.455830100772398+0i,0.0804157715198092+0i,2.82685720587955e+30+0i,219
14,1,7,0.0038072923374183,1.62685510212081e+32,0.0119908884233739+0i,0.0171105745708291+0i,4.06713775530203e+31+0i,220
13,2,1,0.00417346678348732,2.66675975544396e+32,0.0194950569470004+0i,0.0172894064093952+0i,6.66689938860989e+31+0i,221
8,2,4,0.00432744016840246,1766495338193.8,4.0300945259047e+32+0i,0.859466193122627+0i,1.00752363147617e+32+0i,222
13,2,3,0.00430205594145144,5.09339817754099e+32,0.0510676240558317+0i,0.29164499876833+0i,1.27334954438525e+32+0i,223
14,1,4,0.00445661840520595,5.84197564869647e+32,0.0121036252041483+0i,0.0219763070493167+0i,1.46049391217412e+32+0i,224
10,6,7,0.00179982726231594,3.58884850793868e+23,8.63564482246114e+32+0i,1.9797311672487+0i,2.1589112065125e+32+0i,225
12,4,3,0.00337740876806116,3.15160549658635e+31,0.12696028379431+0i,1.30614857367634e+33+0i,3.34416157160552e+32+0i,226
14,2,3,0.00442256474137145,1.7517952518305e+33,0.0494334487412836+0i,2.91240172075977+0i,4.37948812957626e+32+0i,227
14,1,2,0.00476916233368213,2.2530066870943e+33,0.0115815055814719+0i,0.0165488273347298+0i,5.63251671773575e+32+0i,228
14,2,5,0.00442509402612695,5.52830727472402e+33,0.0560625034676759+0i,10.260292718769+0i,1.38207681868101e+33+0i,229
10,4,6,0.00185388937797516,9.78949926644415e+20,5.71232459833222e+33+0i,28051332.3854033+0i,1.4280811495833e+33+0i,230
14,1,3,0.00551778199754325,6.45685101103733e+33,0.0119112941621671+0i,0.0216673553541813+0i,1.61421275275933e+33+0i,231
14,1,1,0.00400601532962921,2.4696338227128e+34,0.0112860550837616+0i,0.017962007751411+0i,6.174084556782e+33+0i,232
13,4,3,0.00415424451014989,1.1622921799155e+34,0.133556264761077+0i,4.61655906794449e+34+0i,1.444712811965e+34+0i,233
0,6,4,1.19846393695619,2.67198012562512e+16,2.53445947612745e+22+0i,1.06836858372031e+35+0i,2.6709214593014e+34+0i,234
13,5,6,0.00433368646673247,3.50618931034269e+35,0.620139427930475+0i,1.20687063295009e+20+0i,8.76547327585673e+34+0i,235
14,2,2,0.00434407793646684,4.0760369561575e+35,1.93395915906185+0i,0.379407543582974+0i,1.01900923903938e+35+0i,236
12,3,5,0.00319905544736701,2.1006264081314e+27,5.60275163872089e+22+0i,4.68711776524558e+35+0i,1.1717794465631e+35+0i,237
12,5,5,0.00275461987878233,4.02372350198249e+31,0.169222262409128+0i,1.10618155849518e+36+0i,2.76555448932549e+35+0i,238
13,5,7,0.00425462098750496,1.14235801650555e+36,936.699613450771+0i,3370890236402.47+0i,2.85589504126387e+35+0i,239
14,2,1,0.00427336467402685,1.46473135315425e+36,13199025229.0157+0i,0.0422338767352417+0i,3.66182838288563e+35+0i,240
8,5,5,0.00416555688860948,1.97790402346869e+16,4.57220439743386e+36+0i,0.615408319180744+0i,1.14305109935846e+36+0i,241
14,2,4,0.00436482425507744,1.65058023954715e+37,0.0547021556782339+0i,6.34900149974787+0i,4.12645059886787e+36+0i,242
12,3,6,0.00284679586236602,1.1204985231663e+27,0.115164040290533+0i,3.24268886040919e+38+0i,8.10672215105098e+37+0i,243
14,4,1,0.0043204934974176,4.18241258039668e+38,0.0375761810220365+0i,45683743223.4748+0i,1.04560314509917e+38+0i,244
10,5,7,0.00186715321750944,4.88171065732643e+21,5.88596698565308e+38+0i,1.12659464114177+0i,1.47149174641327e+38+0i,245
0,1,3,0.584581219922016,2022547.92640749,9.55910201560733e+20+0i,6.63939178931849e+38+0i,1.65984794732962e+38+0i,246
13,7,4,0.006992359537957,8.81523586925692e+38,1.62794510847743+0i,1.78284886128253e+32+0i,2.20380941302645e+38+0i,247
14,2,7,0.00418053660572548,4.10898271338129e+39,0.054892886917117+0i,5.22934596185935+0i,1.02724567834532e+39+0i,248
12,3,7,0.00293325654303715,2.27595476289602e+22,0.114867481521957+0i,4.52674183429906e+40+0i,1.13168545857477e+40+0i,249
14,4,3,0.00453481619318538,3.09522547585825e+37,77962690.2494848+0i,5.44764593922632e+40+0i,1.36268529117554e+40+0i,250
8,4,5,0.00404211752261309,93377629882749.7,2.27018701851527e+41+0i,0.388558712344021+0i,5.67546754628817e+40+0i,251
14,4,7,0.00428534327410269,3.57336929332767e+34,6.08011373949588e+42+0i,0.924176877816779+0i,1.52002844380739e+42+0i,252
12,7,5,0.0126241392249119,3.75609089352909e+37,3863.5560459601+0i,5.06501571811874e+43+0i,1.26625486855241e+43+0i,253
0,1,4,0.474121536421217,4.65996337492133e+15,1.63057463554306e+44+0i,2.06482459562562e+23+0i,4.07643658885765e+43+0i,254
10,4,7,0.00190588433690057,1.98629180539565e+21,8.69841209096014e+44+0i,0.616865315080141+0i,2.17460302274003e+44+0i,255
0,5,2,1.44847488513015e+24,3.39961028560149e+46,9.99703278446852e+29+0i,7.10816355406908e+18+0i,8.49902571400371e+45+0i,256
8,5,1,0.0037653491636493,6.09813485685763e+16,4.21704109602648e+46+0i,4.31851417201289e+34+0i,1.0542602740077e+46+0i,257
2,3,1,0.0231104601160786,0.0333815831908498,5.9310901008129e+46+0i,11895528702039.3+0i,1.48277252520323e+46+0i,258
0,1,7,0.262051401140706,3.58421407095721e+24,8.99530646263785e+46+0i,2.60955105033068e+16+0i,2.24882661565946e+46+0i,259
13,5,5,0.00436751585271368,1.85998286081807e+37,0.139123040465499+0i,1.45056164415236e+48+0i,3.62640411042741e+47+0i,260
7,1,7,0.00197088254748158,4.87550543745351e+48,0.0106159789308801+0i,0.00780483518057925+0i,1.21887635936338e+48+0i,261
3,1,1,0.0015264299324114,1.87754044843268e+49,0.00682655673591706+0i,0.00606414236069675+0i,4.69385112108171e+48+0i,262
3,1,2,0.00142443498696609,1.88283652160288e+49,0.00657427166566904+0i,0.00602635130539922+0i,4.70709130400719e+48+0i,263
3,1,4,0.000971214945537495,1.88821503280787e+49,0.0060986194470254+0i,0.00586702300718356+0i,4.72053758201968e+48+0i,264
3,1,3,0.00138007569286349,1.88823773684002e+49,0.00774299862259512+0i,0.00674355250156954+0i,4.72059434210005e+48+0i,265
3,1,7,0.00109088585326538,1.88826422348055e+49,0.00586836600742307+0i,0.00576543248749446+0i,4.72066055870137e+48+0i,266
3,1,5,0.000996859954310286,1.8882761802816e+49,0.00599151526935459+0i,0.00581421554105335+0i,4.72069045070401e+48+0i,267
3,1,6,0.0010385196250324,1.88829989661778e+49,0.00592306480715652+0i,0.00578473739926997+0i,4.72074974154444e+48+0i,268
3,2,6,0.00108373687932629,3.0415703920599e+49,0.0059039094715156+0i,0.00576006903693498+0i,7.60392598014975e+48+0i,269
3,2,3,0.0014381161633635,3.04157909479851e+49,0.00771962576502192+0i,0.00678329692478393+0i,7.60394773699628e+48+0i,270
3,2,5,0.00103563307138247,3.04158457193214e+49,0.00597740761649992+0i,0.00579764437404784+0i,7.60396142983035e+48+0i,271
3,2,4,0.00100488181947664,3.04160157182666e+49,0.0060930488433707+0i,0.00585533126611104+0i,7.60400392956665e+48+0i,272
3,2,7,0.00114434028856689,3.04167281716634e+49,0.00584308778031066+0i,0.00572924542604613+0i,7.60418204291585e+48+0i,273
3,2,1,0.000709274987791832,3.06286333774105e+49,0.417146984173327+0i,0.155828565976056+0i,7.65715834435263e+48+0i,274
3,2,2,0.000703377521345322,3.07321848976992e+49,0.126033860947444+0i,0.158324243081108+0i,7.6830462244248e+48+0i,275
0,1,5,0.33635051235849,3.20911937169519e+22,4.07320172038506e+49+0i,4.94769220467722e+40+0i,1.01830043133319e+49+0i,276
3,3,5,0.00107992942284556,4.93402020547906e+49,0.00596981920454688+0i,0.00582370913698402+0i,1.23350505136977e+49+0i,277
3,3,7,0.00120591730429429,4.93404442680364e+49,0.00582975868932624+0i,0.00575583411642564+0i,1.23351110670091e+49+0i,278
3,3,3,0.00150270262270842,4.93404985851709e+49,0.00769681681009315+0i,0.00684803584025285+0i,1.23351246462927e+49+0i,279
3,3,4,0.00104322100163758,4.93405443281985e+49,0.00609211033633453+0i,0.00587599388753773+0i,1.23351360820496e+49+0i,280
3,3,6,0.00113593568234337,4.9341404946131e+49,0.005892726160104+0i,0.00578641558314227+0i,1.23353512365327e+49+0i,281
3,3,2,0.00070929349761058,4.9774169716973e+49,0.131038862198747+0i,0.172469116524765+0i,1.24435424292433e+49+0i,282
0,7,5,684939915643.797,3.60360683224235e+38,5.82680758974967e+49+0i,0.150660224097824+0i,1.45670189744643e+49+0i,283
3,4,5,0.00115776664871414,1.32884940983418e+50,0.00606489125721644+0i,0.00594885214460965+0i,3.32212352458544e+49+0i,284
3,4,3,0.000711101238532752,1.33846753973443e+50,0.213199495383136+0i,0.388934299864192+0i,3.34616884933607e+49+0i,285
3,5,5,0.001657112431773,3.68771986271105e+50,0.00938847504346399+0i,0.00872207798661206+0i,9.21929965677763e+49+0i,286
3,5,7,0.00140294037432838,3.68780306789225e+50,0.00591405056574886+0i,0.00602260891686673+0i,9.21950766973063e+49+0i,287
3,5,6,0.00131555799372564,3.68781166536044e+50,0.00604366795083643+0i,0.00608241817015639+0i,9.21952916340109e+49+0i,288
3,5,4,0.000709880356171244,3.70741926415277e+50,0.239777967909913+0i,1.1457470559187+0i,9.26854816038194e+49+0i,289
3,5,3,0.000781444806105777,3.71472680958068e+50,0.409773795918827+0i,6.17624580802373e+28+0i,9.28681702395171e+49+0i,290
3,6,7,0.00154239856792343,1.05610835661463e+51,0.00602816033046841+0i,0.00625165201918929+0i,2.64027089153658e+50+0i,291
3,6,6,0.00170231572203321,1.05613655653361e+51,0.00979397137450422+0i,0.00947180417542238+0i,2.64034139133402e+50+0i,292
3,6,5,0.000706840280136615,1.05955024435505e+51,0.246235903007365+0i,4.48336510353623+0i,2.64887561088763e+50+0i,293
3,6,4,0.000827480816071614,1.0615668951213e+51,0.33292121011646+0i,8.5053460373468e+31+0i,2.65391723780325e+50+0i,294
12,4,2,0.00312819803059211,6.56282157651726e+26,3.02667398383864e+51+0i,1.33766538699212e+18+0i,7.56668495959659e+50+0i,295
12,5,4,0.00324941808873662,2.29585516276545e+32,0.132869269552967+0i,1.04311982788822e+52+0i,2.60779956972056e+51+0i,296
13,3,3,0.00408702601174988,5.69388516906875e+32,0.086017358104764+0i,1.15284863619763e+52+0i,2.88212159049406e+51+0i,297
5,3,6,0.00127319961960197,2.11538543668223e+52,0.00537821224142811+0i,0.00506275310726794+0i,5.28846359170558e+51+0i,298
5,5,4,0.00403825371550589,2.29285677621993e+52,0.132889316428573+0i,0.402896525330891+0i,5.73214194054983e+51+0i,299
5,6,2,0.00140529999933368,2.61121028208953e+52,1.85744664945317e+25+0i,2.83812930719686e+23+0i,6.52802570522382e+51+0i,300
5,6,3,0.0063854761021747,2.61358737466593e+52,1.64908254875646e+39+0i,208888.727454299+0i,6.53396843666523e+51+0i,301
5,6,4,0.00789667333173948,2.6160125169742e+52,1.16009045062899+0i,14278837285867.7+0i,6.5400312924355e+51+0i,302
5,6,5,0.203481914844648,2.67949044694531e+52,0.151131842785099+0i,0.645200485320539+0i,6.69872611736327e+51+0i,303
5,6,6,0.00295488651388157,2.79168702412863e+52,0.00982541646092677+0i,0.00593567622634096+0i,6.97921756032157e+51+0i,304
5,6,7,0.001046571170247,2.79169091345634e+52,0.00520242088570095+0i,0.00494292347210649+0i,6.97922728364086e+51+0i,305
5,7,4,0.00217819241940197,3.07289148620963e+52,7.59903002584189e+26+0i,18802474.4792588+0i,7.68222871552407e+51+0i,306
0,1,6,0.262761872861204,4.18090206246836e+24,1.26074712693122e+53+0i,8.65208021533182e+16+0i,3.15186781732805e+52+0i,307
12,7,7,0.00265997674056636,3.03057312599224e+32,0.179146528710384+0i,1.14173909130988e+54+0i,2.85434772827469e+53+0i,308
0,7,4,3.27729541495078e+54,5.76111005723401e+27,1.30916572984225e+30+0i,0.165210677523854+0i,8.19323853737695e+53+0i,309
12,4,4,0.00328078379247642,8.38672090869958e+27,0.16303442953366+0i,4.87381839690478e+55+0i,1.2184545992262e+55+0i,310
14,7,1,0.00468650461839098,2.47910436819993e+47,2.59031407099045e+45+0i,8.1925776179771e+55+0i,2.04814441075679e+55+0i,311
14,4,4,0.00428084763410402,1.04525233190321e+42,2408898558.71752+0i,6.25886113778161e+56+0i,1.56471528444541e+56+0i,312
13,4,4,0.00417077010072241,9.44239902974406e+33,0.151464420524179+0i,8.31101395594809e+57+0i,2.07775348898702e+57+0i,313
7,3,4,0.0015393338197458,1.21906175913488e+58,0.413161720826978+0i,756.076143894334+0i,3.0476543978372e+57+0i,314
14,3,4,0.00441780844070965,1.01779847806035e+38,1.01059501546285e+60+0i,1.45017061286701e+58+0i,2.56274180397879e+59+0i,315
14,3,3,0.00433877431518685,3.41702594206188e+39,2.92781385241803e+61+0i,1.30955273767417e+47+0i,7.3195346310451e+60+0i,316
10,4,1,0.00179922486048757,1.3493874370993e+19,3.36797782199053e+62+0i,27531076.3555707+0i,8.41994455497632e+61+0i,317
14,3,5,0.00426017734761416,1.13826503459144e+40,5.86752758350389e+59+0i,2.11731119027391e+65+0i,5.29329264450372e+64+0i,318
13,3,4,0.00408748765192905,4.81835652723028e+24,0.0887170208892589+0i,2.20514189677054e+65+0i,5.51285474192636e+64+0i,319
7,2,4,0.00374674947345745,5.85790322912918e+65,0.0847022440735358+0i,0.600415878533156+0i,1.46447580728229e+65+0i,320
12,6,5,0.00303924380436306,2.01559897953318e+39,0.14752439842434+0i,4.09500669243023e+66+0i,1.02375167310756e+66+0i,321
14,5,5,0.0047710870353632,1.87358397179057e+37,1.46556460745609e+44+0i,5.12688097277129e+66+0i,1.28172024319282e+66+0i,322
7,1,3,4.19664325023627,6.42088528756002e+66,0.0100687119011609+0i,0.0077878369626863+0i,1.60522132189e+66+0i,323
3,3,1,0.000721829515214815,4.98691427348637e+49,1.41703568831303e+67+0i,29627907631638.9+0i,3.54258922078258e+66+0i,324
13,5,4,0.00443793195647389,1.37556373397791e+35,0.137017099025756+0i,6.8044647458043e+68+0i,1.70111618645108e+68+0i,325
11,2,7,0.00165623714773144,1.93234045661116e+70,0.159673657297026+0i,0.508840294709848+0i,4.83085114152789e+69+0i,326
11,2,6,0.00165969651303371,2.09912426928822e+70,0.140551247996115+0i,0.562676467043918+0i,5.24781067322056e+69+0i,327
11,1,7,0.00171336588710614,2.21916332320055e+70,0.0137097442645718+0i,0.0102932789580278+0i,5.54790830800138e+69+0i,328
11,2,5,0.00151284318216167,2.27595526926542e+70,0.117950665367585+0i,0.546762719102477+0i,5.68988817316354e+69+0i,329
11,1,6,0.00180010135142262,2.37462393689056e+70,0.0135424919557527+0i,0.0102903021724533+0i,5.9365598422264e+69+0i,330
11,2,4,0.00147847514518138,2.46309349652173e+70,0.0919309979687393+0i,0.4197914702824+0i,6.15773374130432e+69+0i,331
11,1,5,0.00187157672461886,2.53629948175259e+70,0.0133986224161552+0i,0.0102959578721837+0i,6.34074870438148e+69+0i,332
11,5,7,0.00181602793353039,2.59923852926165e+70,3824101.31376558+0i,3.32022363092782e+20+0i,6.49809632315412e+69+0i,333
11,2,3,0.00158147896286742,2.66079841182501e+70,0.0663809635045667+0i,0.223703402252029+0i,6.65199602956252e+69+0i,334
11,1,4,0.00186389305056084,2.70407310879998e+70,0.0131932005267445+0i,0.010295235165441+0i,6.76018277199994e+69+0i,335
11,2,2,0.00158744277037482,2.86934792260121e+70,0.0422089798985162+0i,0.0711332131924751+0i,7.17336980650302e+69+0i,336
11,1,3,0.00204358227540132,2.8777891568426e+70,0.0128914711698662+0i,0.0102813105841005+0i,7.1944728921065e+69+0i,337
11,4,4,0.00149610385257387,3.00622195208282e+70,702.955634570337+0i,2.23326669303816e+51+0i,7.51555488020704e+69+0i,338
11,1,2,0.00263591394798283,3.05724766839975e+70,0.0124444723108498+0i,0.0102826772465302+0i,7.64311917099938e+69+0i,339
11,2,1,0.00163744982496902,3.08888763433113e+70,0.0138534261839886+0i,0.0127982207290516+0i,7.72221908582782e+69+0i,340
11,6,6,0.00177991613588726,3.20807049390883e+70,0.20803130272626+0i,2.34301993064125e+17+0i,8.02017623477207e+69+0i,341
11,1,1,0.0024035998552561,3.24221082372222e+70,0.012048808425753+0i,0.0102719147540378+0i,8.10552705930554e+69+0i,342
11,4,3,0.00153325454504227,3.26584152823825e+70,4527.48447430042+0i,2.22385982980968+0i,8.16460382059561e+69+0i,343
11,7,6,0.00176276935498959,3.97294402045236e+70,0.211015356859477+0i,1728.34169789542+0i,9.93236005113089e+69+0i,344
7,1,5,0.00270269488009145,1.71115200001067e+71,0.0103926318052774+0i,0.00780371955075049+0i,4.27788000002666e+70+0i,345
7,2,6,0.0033457909134553,1.04569480969223e+72,0.0910396945936491+0i,1.0302109527627+0i,2.61423702423057e+71+0i,346
14,6,1,0.00446497189286273,1.80008623305361e+43,2.06354973254165e+46+0i,1.17764747545257e+72+0i,2.94411868863142e+71+0i,347
13,5,3,0.00432311263838242,2.12304492088914e+39,5.12054405733023e+40+0i,2.12370742164569e+72+0i,5.30926855411424e+71+0i,348
14,5,1,0.00431446064090252,3.62195873520762e+38,5.97896260162692e+60+0i,5.62328444647359e+72+0i,1.40582111161989e+72+0i,349
7,7,5,0.00177239337007443,3.76176511684012e+74,0.637942842854425+0i,1.67926373079073e+16+0i,9.40441279210029e+73+0i,350
10,7,3,0.00272198973658912,1.9195203954688e+25,6.63735875361695e+74+0i,3.57410631265919e+26+0i,1.65933968840424e+74+0i,351
13,3,5,0.00406938749551241,6.00353253179585e+30,0.087521115635814+0i,1.38014581792754e+75+0i,3.45036454481885e+74+0i,352
13,6,2,0.0066535751496453,2.53310719737691e+37,4.1357123027928e+24+0i,3.33171374398855e+75+0i,8.32928435997137e+74+0i,353
13,4,2,0.00422072166847593,7.44195443921091e+34,3.95544486470797e+75+0i,1.03336256074483e+19+0i,9.88861216176991e+74+0i,354
7,4,6,0.00354310840902103,2.3263141279369e+76,0.0956601231880798+0i,6.76824761463095+0i,5.81578531984225e+75+0i,355
14,7,2,0.00651716111321789,1.43352396100537e+46,2.58721836571907e+49+0i,4.11064842985934e+76+0i,1.02766210746483e+76+0i,356
7,3,6,0.00339356815809174,8.17117864761836e+77,0.0933831158802604+0i,2.25444554447204+0i,2.04279466190459e+77+0i,357
9,5,1,0.00177660348950995,1.8538837209302e+19,1.54530234179441e+78+0i,52147003437848+0i,3.86325585448603e+77+0i,358
11,5,1,0.00154751591529797,4.35436965128172e+70,1.95399755220826e+79+0i,2.72937388214743e+23+0i,4.88499389140658e+78+0i,359
12,3,4,0.00277884262568318,7.70000550381982e+26,2.05048116671923e+80+0i,1.47173541355586e+31+0i,5.12620291679807e+79+0i,360
14,3,6,0.00422437029559063,8.34072741784257e+34,9.43360895373019e+80+0i,7.86533819815035e+69+0i,2.35840223845221e+80+0i,361
13,3,6,0.004063874152693,3.99753044856222e+34,6488949.01433396+0i,9.4118471085359e+81+0i,2.35296177713398e+81+0i,362
8,3,1,0.00382579491274049,8608686953305.43,3.98570204202398e+82+0i,2.68934843636475e+23+0i,9.96425510505994e+81+0i,363
7,3,5,0.00168776077500681,4.72072849209708e+84,0.615470192271417+0i,470.903354120449+0i,1.18018212302427e+84+0i,364
13,3,7,0.00402773720886048,4.42843275792403e+31,53230.7391265482+0i,2.4834442717507e+86+0i,6.20861067937674e+85+0i,365
1,6,1,1.79668934322058e+88,0.0505682540424551,11082.1343196818+0i,0.135985787728457+0i,4.49172335805146e+87+0i,366
11,4,5,0.00149965808774532,2.76200270302523e+70,19215.8476260313+0i,2.16362462505633e+88+0i,5.40906156264081e+87+0i,367
9,4,3,0.00190174248931026,2.57121333669192e+90,0.208326517004199+0i,8.47380734607962e+44+0i,6.42803334172981e+89+0i,368
12,4,5,0.00323749931301269,8.06369912656668e+30,0.352973222833136+0i,6.87482268219217e+91+0i,1.71870567054804e+91+0i,369
6,5,1,0.00285230564818629,3.39970998030094e+17,7.10267834004739e+91+0i,5.07665093723606e+56+0i,1.77566958501185e+91+0i,370
9,4,1,0.00192969203605915,3.8692009042516e+17,9.20036093674039e+92+0i,1994045029.94893+0i,2.3000902341851e+92+0i,371
13,4,5,0.0057296744234923,2.88396252537085e+26,0.881258850958853+0i,2.97701001886656e+93+0i,7.44252504716639e+92+0i,372
9,4,6,0.0018060942798858,6.45129838026417e+93,0.217017630979121+0i,93039588.014849+0i,1.61282459506604e+93+0i,373
12,6,1,0.00333491080810729,6.23570406615873e+36,1.19411884258795e+94+0i,3.60068486199925e+43+0i,2.98529710646987e+93+0i,374
7,4,3,0.00136907338039428,3.28469653000265e+18,0.267743031672298+0i,3.0849511896429e+95+0i,7.71237797410726e+94+0i,375
5,3,3,0.0037608239665358,1.43130300859608e+96,0.457466199311421+0i,24077625.6789949+0i,3.57825752149021e+95+0i,376
5,7,7,0.00249859583507267,4.08446329685025e+97,0.00973568478516148+0i,0.00623299037786659+0i,1.02111582421256e+97+0i,377
14,4,5,0.00438269005097078,7.6076270491771e+35,9.92569366419905e+18+0i,2.14280457062967e+98+0i,5.35701142657418e+97+0i,378
11,7,3,0.00222846708386883,4.75812254457677e+70,1.75911335693224e+80+0i,7.49312692465837e+98+0i,1.87328173116459e+98+0i,379
11,7,5,0.00460469757844806,3.97253769712833e+70,1.09692845968703e+99+0i,7.87678156489362e+65+0i,2.74232114921756e+98+0i,380
11,4,1,0.00159107314174709,3.83301408728259e+70,1.16403005603251e+99+0i,29052241388.3244+0i,2.91007514008127e+98+0i,381
7,3,3,0.00148725918880598,1.8170508133187e+99,0.24519115819441+0i,14155.4185954116+0i,4.54262703329675e+98+0i,382
5,7,3,0.00107961604837419,2.39474571386863e+99,1.34104694060326e+65+0i,4454431033645.84+0i,5.98686428467158e+98+0i,383
5,7,6,0.00502376366184118,1.66904375625248e+100,0.166046746413651+0i,1.12600844635478+0i,4.17260939063119e+99+0i,384
9,3,7,0.00194241239294909,3.41049705518918e+16,3.53030016560594e+102+0i,12.5003324932371+0i,8.82575041401485e+101+0i,385
7,4,1,0.00149982976569804,4.1469195844364e+102,2.78615959314311e+100+0i,3.91651607677962e+25+0i,1.04369529509196e+102+0i,386
0,6,3,2.17211004528543e+71,2.00474592406227e+27,6.4339576693273e+25+0i,1.49866569060171e+103+0i,3.74666422650428e+102+0i,387
14,5,7,0.00458396034190032,9.06762039415341e+43,6.14951736884884e+42+0i,3.06557635750811e+103+0i,7.66394089377026e+102+0i,388
8,5,2,0.00390539276392269,8.18444508456233e+16,3.09986674158702e+104+0i,2.71107322460131e+97+0i,7.74966753173584e+103+0i,389
9,3,6,0.00150127661674439,1.47015633533785e+17,1.24097958370578e+106+0i,13.6444268227994+0i,3.10244895926446e+105+0i,390
7,6,1,0.00138940416785707,1.43954375043195e+71,2.04512667476896e+106+0i,1.24688234484392e+106+0i,8.23002254903222e+105+0i,391
6,7,6,0.0113830766695752,5.80797532659803e+106,0.51869749734744+0i,24526.6874372368+0i,1.45199383164951e+106+0i,392
5,2,3,0.00248572831529716,6.11773319279644e+107,0.109913733598447+0i,0.183901370920061+0i,1.52943329819911e+107+0i,393
4,3,1,0.00206903380132834,0.0469381293446417,7.05076445250863e+110+0i,302827.908646963+0i,1.76269111312716e+110+0i,394
0,4,2,3.74215471433099e+97,5.85988651159838e+15,1.19891600893191e+112+0i,0.143371868406412+0i,2.99729002232979e+111+0i,395
11,7,4,0.0057331448723149,4.35228358320568e+70,3.85504923166645e+113+0i,3.58328742198303e+47+0i,9.63762307916612e+112+0i,396
6,7,7,0.00291005781658193,4.0651136850284e+113,0.0148495574566557+0i,0.00870551800335056+0i,1.0162784212571e+113+0i,397
14,7,4,0.00791231094062311,4.59774169165512e+42,9.60292609276581e+113+0i,1.97954948141674e+61+0i,2.40073152319145e+113+0i,398
10,7,4,0.00677932565366717,9.88601260448629e+24,4.7725805144112e+114+0i,6.49533174620835e+44+0i,1.1931451286028e+114+0i,399
9,3,4,0.00203507134701906,1.91287068345028e+15,1.08618668478438e+115+0i,204.358565071296+0i,2.71546671196094e+114+0i,400
4,6,2,0.00212903772932353,0.0475710974554376,8.73023193241559e+115+0i,1.0195377094525e+32+0i,2.1825579831039e+115+0i,401
5,4,7,0.00125570298746582,1.22824177407229e+116,0.00523782815326217+0i,0.00497785206958228+0i,3.07060443518072e+115+0i,402
4,6,1,0.00208823496573127,0.0473507339009029,7.01038094481747e+78+0i,5.93634903262092e+118+0i,1.48408725815523e+118+0i,403
14,6,2,0.00848326899395494,3.70716690655546e+34,1.45249669890525e+76+0i,1.66222574284455e+119+0i,4.15556435711138e+118+0i,404
5,1,4,2.89106336200517e+70,9.02507667298723e+119,0.00848411317106646+0i,0.00509097565406331+0i,2.25626916824681e+119+0i,405
0,7,2,1.0295635349442,1.6425164253071e+50,1.60822287144694e+121+0i,5.2353661301946+0i,4.02055717861736e+120+0i,406
9,3,3,0.00201642480428839,1.32967442037442e+16,2.42381849564846e+121+0i,1883.95407516791+0i,6.05954623912115e+120+0i,407
4,6,7,0.00235716606726272,2.22713767839394e+122,0.00656288236883898+0i,0.00650924065973245+0i,5.56784419598485e+121+0i,408
7,7,1,0.00137243674236966,8.5944408182532e+22,1.35329360376828e+125+0i,8.65223180415939e+122+0i,3.40486458893111e+124+0i,409
6,3,1,0.00292472667543978,926827729191941,1.3906826756759e+126+0i,243517.045314969+0i,3.47670668918976e+125+0i,410
12,3,3,0.00340756613295939,1.10542937248976e+25,2.30821595210026e+126+0i,1.51437615447063e+25+0i,5.77053988025065e+125+0i,411
2,7,5,0.0272617755310619,0.035535440593428,4.83277323075425e+126+0i,3.13143457684331e+34+0i,1.20819330768856e+126+0i,412
14,5,2,0.00488290694294114,1.15270385196225e+49,9.40735801497535e+126+0i,8.70844444787246e+80+0i,2.35183950374384e+126+0i,413
5,1,1,0.000998410549730758,1.56089448641434e+127,0.00673163014999038+0i,0.00477198461589701+0i,3.90223621603584e+126+0i,414
2,7,1,1.13633529044525e+130,0.0348137248951261,1.52009300750915e+81+0i,0.101720687549108+0i,2.84083822611312e+129+0i,415
9,4,4,0.00205985694016745,2.75509384812473e+130,0.227284643956455+0i,9.28349670093995e+85+0i,6.88773462031181e+129+0i,416
5,2,2,0.00249815291644896,7.36453609783859e+130,0.0760774107585045+0i,0.105538324184577+0i,1.84113402445965e+130+0i,417
9,3,2,0.00191456232140508,9.91446642324658e+15,3.05252244971772e+131+0i,2.9311177125812+0i,7.6313061242943e+130+0i,418
0,4,1,2.87163214869165e+23,0.104404441237385,2.0737650415995e+26+0i,4.48140185099791e+131+0i,1.12035046274948e+131+0i,419
6,3,3,0.00309042872819967,844913305498560,2.03702230206146e+133+0i,1.33061527680715e+22+0i,5.09255575515366e+132+0i,420
14,7,5,0.00447487789368657,3.02945552450981e+46,4.75378982787192e+135+0i,2.54451926891725e+60+0i,1.18844745696798e+135+0i,421
13,6,3,0.00636831724697119,2.34606315953116e+37,0.160300638966827+0i,8.28884560923592e+135+0i,2.07221140230898e+135+0i,422
13,3,2,0.00419678862801001,1.25350890616756e+36,3.33584558624866e+136+0i,3.5954484806673e+35+0i,8.33961396562165e+135+0i,423
11,4,6,0.00155262631196902,2.53253195122231e+70,5.89607491233588+0i,1.75177761718804e+137+0i,4.3794440429701e+136+0i,424
7,5,3,0.00150947887817448,9.53876367632202e+19,4.15122416072891e+139+0i,115.042582566444+0i,1.03780604018223e+139+0i,425
7,6,2,0.0015542024546542,2.79507258623364e+21,4.49102720657358e+139+0i,3.814841647747e+86+0i,1.1227568016434e+139+0i,426
4,7,3,0.00220140737437718,0.0479971403377212,9.6997298669588e+139+0i,3.04469045126519e+59+0i,2.4249324667397e+139+0i,427
13,7,2,0.00499926043910642,3.35021732583908e+35,2.73926015682597e+67+0i,8.8422377932379e+140+0i,2.21055944830947e+140+0i,428
14,6,6,0.00440767412608305,2.87855410066423e+43,4.07176181939332e+141+0i,427023646268755+0i,1.01794045484833e+141+0i,429
13,5,2,0.0045023577715363,5.802138785398e+31,1.20057787483103e+142+0i,1.80738617222845e+62+0i,3.00144468707758e+141+0i,430
4,7,5,0.00202569195917822,5.15757685247258e+116,1.86648834611394e+142+0i,49952077.5845766+0i,4.66622086528486e+141+0i,431
3,5,2,0.00357567735199599,3.71551852020357e+50,4.43134243897902e+58+0i,3.59481817426665e+142+0i,8.98704543566663e+141+0i,432
12,5,1,0.00323663410253067,1.93936814519347e+32,6.27075283415504e+143+0i,4.3673053634708e+20+0i,1.56768820853876e+143+0i,433
9,4,5,0.00250210262914688,9.06117760696897e+17,0.225515802130293+0i,1.44030090194637e+144+0i,3.60075225486593e+143+0i,434
11,3,7,0.00153264088804804,2.07628326610455e+70,4.04701289972694e+144+0i,1.36780967382436e+39+0i,1.01175322493174e+144+0i,435
13,7,1,0.00450263025177818,1.25516932624808e+41,4.10663335056891e+144+0i,4.069502519011e+111+0i,1.02665833764223e+144+0i,436
5,4,6,0.00119955633104813,4.59486888256071e+144,0.00533768230463655+0i,0.00504006599351444+0i,1.14871722064018e+144+0i,437
9,1,6,0.00179442438018362,5.07276684253081e+144,0.0123416316805665+0i,0.00960998514219132+0i,1.2681917106327e+144+0i,438
9,7,7,0.00219600836325755,2.44461983989077e+22,0.266383875709302+0i,8.49176380046177e+144+0i,2.12294095011544e+144+0i,439
7,3,1,0.00152925645650627,2.110300662878e+17,3.76508314783851e+145+0i,1050925129.60652+0i,9.41270786959627e+144+0i,440
6,7,3,0.00302238887347048,2.55633696398435e+99,2.00986232835322e+146+0i,8.3942239000066e+79+0i,5.02465582088305e+145+0i,441
10,4,2,0.00178811254392583,3.36915202453601e+17,2.63547728231746e+146+0i,0.577345462758634+0i,6.58869320579366e+145+0i,442
5,2,4,0.00196237249364338,3.39758450491715e+146,0.134700676470638+0i,0.360547791064436+0i,8.49396126229289e+145+0i,443
14,6,5,0.00453129718500473,7.42627802237283e+41,6.7954840862946e+146+0i,4.98867645049885e+43+0i,1.69887102157365e+146+0i,444
10,6,3,0.00428903180522819,6.93586346957468e+22,1.26049268125451e+54+0i,1.73392549106362e+147+0i,4.33481372765906e+146+0i,445
11,6,3,0.00287187788331406,4.19090280208017e+70,0.160170679080962+0i,5.43049225140794e+148+0i,1.35762306285199e+148+0i,446
13,3,1,0.00565769709653292,5.28838150581543e+31,1.19745215851154e+152+0i,5.34935156023376e+39+0i,2.99363039627885e+151+0i,447
13,4,6,0.00413061153417597,1.23540550549794e+30,41.2082218214819+0i,9.09302312598814e+152+0i,2.27325578149703e+152+0i,448
3,4,7,0.00129385129045831,2.13743263011629e+153,0.00585714934464449+0i,0.00585955043790606+0i,5.34358157529072e+152+0i,449
11,3,6,0.00154581881069674,2.26382117498352e+70,9.80864854963546e+153+0i,2.35971152223762e+37+0i,2.45216213740887e+153+0i,450
8,3,3,0.00386727286821483,347923146439.79,3.74896003339196e+154+0i,6.94972321901584e+116+0i,9.37240008347989e+153+0i,451
6,6,4,0.00337141370805755,9.52152759175259e+18,2.66776273527859e+155+0i,2.27671508729709e+18+0i,6.66940683819649e+154+0i,452
12,7,2,0.00483849647689372,8.11323007564653e+38,3.28167479415842e+137+0i,6.7355716734172e+156+0i,1.6838929183543e+156+0i,453
12,4,6,0.00320067575192287,7.23963343086135e+33,1.00768287203311+0i,8.65107961827776e+156+0i,2.16276990456944e+156+0i,454
14,4,6,0.0044332037190935,1.08437692656826e+41,2.62231420465005e+29+0i,3.22780074707925e+158+0i,8.06950186769812e+157+0i,455
9,6,2,0.00216026703120521,7.69066723230255e+20,1.1468408725754e+159+0i,5.3063349754181e+124+0i,2.86710218143851e+158+0i,456
3,6,3,0.00570205098710931,1.06164847439043e+51,2.70136896599463e+130+0i,2.57495822657753e+159+0i,6.43739556644382e+158+0i,457
13,4,1,0.00415164692704919,4.11810292860107e+35,8.00545258147181e+159+0i,475148876.567412+0i,2.00136314536795e+159+0i,458
11,3,5,0.0015545355600362,2.46339045030295e+70,3.47211788709378e+160+0i,3.01131834136761e+34+0i,8.68029471773446e+159+0i,459
7,5,2,0.00138151988182131,8.17237659317715e+19,3.83855689195206e+160+0i,213.008274955289+0i,9.59639222988014e+159+0i,460
5,2,7,0.00132186065796273,1.38777331171772e+161,0.00532315015428918+0i,0.00503088280994368+0i,3.46943327929429e+160+0i,461
8,4,2,0.00888488478258059,1.63975327813871e+15,3.93102073352357e+161+0i,2237723348264.88+0i,9.82755183380892e+160+0i,462
7,6,3,0.00168430244392283,2.73206868545549e+21,1.01875344050891e+163+0i,166.022363154663+0i,2.54688360127227e+162+0i,463
5,2,6,0.00136243102579958,1.68602781764407e+163,0.00541602836687616+0i,0.00508571453757843+0i,4.21506954411018e+162+0i,464
3,7,6,0.000701415554892684,1.98475224566769e+164,0.247562127870575+0i,21.8346676782098+0i,4.96188061416923e+163+0i,465
7,4,2,0.00142201200368126,4.12592516715041e+83,6.29374875109538e+23+0i,4.45193367671998e+164+0i,1.11298341917999e+164+0i,466
9,6,7,0.00233132772022601,6.32844990330538e+20,0.245058063947657+0i,6.91747709587443e+164+0i,1.72936927396861e+164+0i,467
6,5,4,0.00333155375228194,4.30373718944377e+17,1.64222175017978e+166+0i,9.15997064293152e+21+0i,4.10555437544946e+165+0i,468
8,5,3,0.00397210457121011,5.70951041300738e+16,3.1524619077258e+163+0i,6.38491583231627e+166+0i,1.597017073556e+166+0i,469
4,7,4,0.00204346316634582,0.0481926005159994,1.33142322179565e+167+0i,1.16623878021175e+54+0i,3.32855805448911e+166+0i,470
10,5,4,0.00219450244883637,5.04925403006612e+15,3.0966327979315e+167+0i,2.13982208518739e+163+0i,7.74211695035004e+166+0i,471
11,3,4,0.0015364085228445,2.67548175279495e+70,5.2944274015244e+168+0i,1.40201898631926e+30+0i,1.3236068503811e+168+0i,472
14,6,3,0.0113529385309846,1.52905463810222e+43,6.41653457540185e+169+0i,3.110426580457e+109+0i,1.60413364385046e+169+0i,473
9,3,5,0.00150774151880934,1.11337285390888e+170,3.22688565307938e+110+0i,23.3075369268333+0i,2.7834321347722e+169+0i,474
11,5,2,0.00192258431548281,4.01492140448777e+70,3.9967605721587e+170+0i,1.53189417572452e+49+0i,9.99190143039674e+169+0i,475
5,5,7,0.00125381874913315,4.75854837326262e+171,0.00519205728420539+0i,0.00494824942170255+0i,1.18963709331566e+171+0i,476
3,4,1,0.000986745356221622,4.64645746636012e+161,4.74303271061098e+172+0i,4.42657056700673e+138+0i,1.18575817766436e+172+0i,477
6,7,5,0.00364689694136772,5.84493119427353e+21,1.88154173677249e+173+0i,73919115178529.9+0i,4.70385434193122e+172+0i,478
10,6,4,0.0155739903757264,8.642359358326e+19,3.3165869003047e+67+0i,2.34868580054466e+173+0i,5.87171450136165e+172+0i,479
13,7,3,0.00510842839028225,3.64287166970465e+36,4.99723826490763e+64+0i,1.16999130563834e+174+0i,2.92497826409585e+173+0i,480
0,6,2,3.07232180413047e+24,7.89453193992353e+28,6.26352111891775e+96+0i,1.22109449573579e+176+0i,3.05273623933946e+175+0i,481
6,4,4,0.00310113772204159,2.21763488059763e+16,2.48583921145809e+176+0i,4.13464627794281e+25+0i,6.21459802864524e+175+0i,482
10,3,7,0.00179338146796033,1.28961114191068e+20,1.07604569010529e+177+0i,3.3437614593481e+24+0i,2.69011422526322e+176+0i,483
12,6,3,0.00789352321004661,1.24094941147104e+24,1.08254401340823e+177+0i,5.72196934035238e+146+0i,2.70636003352058e+176+0i,484
0,5,1,1.00499367639701e+61,0.101642019287944,2.97745276468321e+177-0.000584693656672235i,3.20665443785685e+60-0.0013768749159857i,7.44363191170803e+176-0.000490392143164483i,485
6,4,2,0.00282219709778482,1.68046150945186e+16,7.051026671133e+164+0i,6.2097697191899e+177+0i,1.55244242979765e+177+0i,486
11,6,2,0.0055453643794398,4.56268652815201e+70,1.1822879974511e+178+0i,4.20026169796509e+83+0i,2.95571999362775e+177+0i,487
1,5,1,1.28599250389628e+67,0.0439185438776207,1.82204598760204e+179+0i,2.53367639596243e+117+0i,4.5551149690051e+178+0i,488
4,4,7,0.00234158897681938,7.27241033141338e+179,0.0065292514094432+0i,0.00642396067676513+0i,1.81810258285335e+179+0i,489
12,5,2,0.00336859146005595,5.53650132444457e+32,6.35001876829287e+181+0i,5.93916835116555e+41+0i,1.58750469207322e+181+0i,490
9,7,1,0.00200251166078208,3.15259527864852e+22,5.8653823228198e+162+0i,1.64569978786727e+182+0i,4.11424946966817e+181+0i,491
11,6,4,0.0131748750220852,3.84165534532891e+70,0.179958958689571+0i,5.23972340648891e+182+0i,1.30993085162223e+182+0i,492
5,3,7,0.0012778136701941,1.67238377448405e+183,0.0052814883556488+0i,0.00500388014118523+0i,4.18095943621012e+182+0i,493
8,3,6,0.00406811696170619,879601501230.317,1.98999670927546e+36+0i,1.77795886472862e+184+0i,4.44489716182155e+183+0i,494
14,5,3,0.00471685990275011,1.92938030920913e+44,1.87614587447791e+185+0i,7.82226384292788e+93+0i,4.69036468619477e+184+0i,495
6,3,4,0.0030175944084558,1.13009318045952e+15,6.61091236150053e+185+0i,2.01486699428674e+29+0i,1.65272809037513e+185+0i,496
14,6,4,0.00452565438998646,2.06730387986984e+37,7.53706782613834e+122+0i,1.23674331061268e+186+0i,3.0918582765317e+185+0i,497
11,4,2,0.00151366991874514,3.54134235333906e+70,2.44693319705084e+187+0i,131264637.866054+0i,6.11733299262709e+186+0i,498
5,3,2,0.00383343509350112,5.94459356648224e+187,3299.26839403089+0i,309196380108.549+0i,1.48614839162056e+187+0i,499
5,5,6,0.00113878603793714,1.60349675430662e+188,0.00529478263863342+0i,0.00501353314792163+0i,4.00874188576655e+187+0i,500
7,7,3,0.00498487523558408,6.15569082780505e+22,2.07533256613259e+188+0i,265.637408228826+0i,5.18833141533148e+187+0i,501
5,1,5,0.0109711838735997,4.6432258193197e+188,0.00889655829382765+0i,0.00520795612239356+0i,1.16080645482993e+188+0i,502
8,6,2,0.0059457877610191,2.368248135974e+16,1.29027855625565e+189+0i,6.84030480470951e+141+0i,3.22569639063913e+188+0i,503
14,4,2,0.00446131997928389,2.52111874576123e+31,2.17624665990372e+189+0i,1.01589682567804e+20+0i,5.4406166497593e+188+0i,504
9,7,2,0.00364933863253288,5.80235662954072e+22,2.86905989602602e+174+0i,2.38422455625348e+189+0i,5.9605613906337e+188+0i,505
4,6,4,0.00206421012824294,9.45823070146636e+189,4.73524302603508e+122+0i,53103.8430968341+0i,2.36455767536659e+189+0i,506
5,2,5,0.0208718481471304,2.82151433014163e+190,0.00921037343053236+0i,0.00528456121632814+0i,7.05378582535408e+189+0i,507
12,6,2,0.00601538278579358,4.17003326709567e+33,9.43210420939471e+190+0i,2.76978742172711e+75+0i,2.35802605234868e+190+0i,508
5,4,1,0.00567011790907806,8.30628394657734e+136,2.59979624496223e+191+0i,2.90489184018062e+98+0i,6.49949061240558e+190+0i,509
11,5,4,0.00161419522863783,3.39443982502919e+70,1991341210093.74+0i,5.24115069249965e+192+0i,1.31028767312491e+192+0i,510
10,3,3,0.00172962947142509,2.9769847215183e+16,1.17786581685404e+194+0i,17279155690313.8+0i,2.9446645421351e+193+0i,511
9,6,1,0.00174140185406204,1.1033417348288e+21,2.10465494095121e+194+0i,6.33517827518152e+51+0i,5.26163735237803e+193+0i,512
9,3,1,0.00187243406153647,6.50205262178139e+16,2.29044915432322e+195+0i,5.83919559902382e+77+0i,5.72612288580804e+194+0i,513
3,7,3,0.26659518029548,5.70969930346895e+153,6.78800610850306e+197+0i,2.34488619562974e+168+0i,1.69700152712577e+197+0i,514
12,6,7,0.00258357988745669,5.40044571212168e+35,2.17430946829512e+198+0i,1.14744341345141e+29+0i,5.43577367073781e+197+0i,515
10,7,2,0.0261097510584002,1.05810180356971e+24,8.54353378055895e+48+0i,2.52634745476152e+198+0i,6.31586863690379e+197+0i,516
6,7,2,0.00296482678534995,3.42684138118703e+21,2.15806355243442e+135+0i,3.39631467909397e+198+0i,8.49078669773492e+197+0i,517
8,7,2,0.0130973119597706,6.1357994587194e+19,7.87639588164321e+198+0i,1.22349649996179e+141+0i,1.9690989704108e+198+0i,518
8,6,1,0.00380732844202077,7.85540021923771e+17,2.28057947043358e+148+0i,8.05420971750738e+199+0i,2.01355242937685e+199+0i,519
5,3,4,0.00239037085364585,6.21534783944114e+200,0.133611505416006+0i,0.379142937200506+0i,1.55383695986029e+200+0i,520
5,7,5,0.00429117205898367,2.0419602843624e+201,3.70412113351912+0i,19778773902846.8+0i,5.10490071090599e+200+0i,521
14,7,7,0.00437066383455525,5.6660056911578e+44,2.1090397883464e+153+0i,3.59706838447884e+201+0i,8.9926709611971e+200+0i,522
5,1,6,0.00147051035796452,2.80660768539589e+202,0.00545307846629701+0i,0.00511208519183919+0i,7.01651921348974e+201+0i,523
10,2,5,0.00313680654961992,1.46853386612513e+204,0.0676209267508956+0i,0.31850519111293+0i,3.67133466531283e+203+0i,524
3,7,5,0.00087050490203373,2.25294317239705e+204,0.588064120300434+0i,8.69185056186903e+27+0i,5.63235793099264e+203+0i,525
4,5,1,0.0020633776732507,0.0472459804404928,4.44153182614598e+205+0i,7.97110084016277e+184+0i,1.1103829565365e+205+0i,526
11,6,1,0.00161175933850352,4.95795906890463e+70,4.71553070328365e+206+0i,1.18670734895939e+60+0i,1.17888267582091e+206+0i,527
0,3,4,0.124512411334006,61083623586.169,6.32100981006492e+206+0i,7.7453420910761e+197+0i,1.58025245445257e+206+0i,528
8,3,4,0.00392925210418429,31186496091144.2,1.20647466769748e+208+0i,2.00901266866864e+148+0i,3.01618666924371e+207+0i,529
5,1,3,0.00319280038980415,1.29406859482257e+208,0.0077255830946558+0i,0.00494568358242941+0i,3.23517148705643e+207+0i,530
9,4,7,0.00232100353343961,2.99041565440147e+17,4.09916280102455e+208+0i,12.9759299239231+0i,1.02479070025614e+208+0i,531
5,2,1,0.00328684372907714,5.58900361647114e+208,0.030687284725862+0i,11492.9966056414+0i,1.39725090411778e+208+0i,532
5,1,7,0.0013891651486064,5.27454426927189e+209,0.00536461464573547+0i,0.00506208714831515+0i,1.31863606731797e+209+0i,533
13,6,1,0.00438573496292892,2.83201039234341e+210,5.54043205666068e+31+0i,8.20331855979628e+53+0i,7.08002598085851e+209+0i,534
4,1,3,0.0019394097006837,1.27934855475766e+212,0.00971083610312844+0i,0.00757078604682043+0i,3.19837138689415e+211+0i,535
5,5,3,0.00919720747591609,6.97103517348567e+212,7.42765255591055e+20+0i,10806502626778.1+0i,1.74275879337142e+212+0i,536
9,5,5,0.00205774206194733,1.08466963036651e+186,9.31667886685354e+212+0i,2.72885228034776e+21+0i,2.32916971671339e+212+0i,537
5,3,1,0.00426813044687572,1.00295738122915e+166,1.90775299899827e+213+0i,67055682926462.7+0i,4.76938249749566e+212+0i,538
1,7,3,1.16163933856696e+194,0.0465388783766586,2.36189902618953e+213+0i,0.134172742224786+0i,5.90474756547383e+212+0i,539
4,1,2,0.00197955217918796,3.00880619925121e+213,0.00769434877654125+0i,0.00741274680222231+0i,7.52201549812803e+212+0i,540
12,3,1,0.00317192496430318,9.68602572697752e+121,4.4691605977982e+117+0i,2.64616108327188e+215+0i,6.61540270817971e+214+0i,541
6,6,3,0.00290282527742438,8.50355261587551e+18,2.98981662379463e+215+0i,6.48270929933975e+183+0i,7.47454155948659e+214+0i,542
11,7,2,0.00282011702276972,5.19121669188594e+70,2.15515900085797e+69+0i,7.11095199026991e+215+0i,1.77773799756748e+215+0i,543
8,7,1,0.00397385519114813,8.57524380641507e+16,4.1556639072782e+129+0i,5.39282516825669e+216+0i,1.34820629206417e+216+0i,544
3,7,7,0.00177805705835777,2.14542977661984e+217,0.0099836984536456+0i,0.0100713602455109+0i,5.3635744415496e+216+0i,545
14,5,6,0.00428312973456773,1.06666099823568e+38,5.28321537188174e+41+0i,5.15107011833364e+218+0i,1.28776752958341e+218+0i,546
10,5,2,0.003263165109853,7.34515231283329e+218,1.06339188348041e+154+0i,8.72137039702354e+38+0i,1.83628807820832e+218+0i,547
6,6,1,0.00275846738876397,1.26704962230834e+19,1.02607498979317e+179+0i,3.98696312064359e+220+0i,9.96740780160897e+219+0i,548
10,3,1,0.0016730451353118,730038215102.877,4.17963672686597e+220+0i,4.03146338609628e+115+0i,1.04490918171649e+220+0i,549
8,6,4,0.00429887518340235,7.3723389991701e+17,5.25766691219403e+220+0i,3.26932602461187e+210+0i,1.31441672813024e+220+0i,550
2,5,3,0.0377436474204135,0.0341945598995663,7.05808368114081e+220+0i,8.46178056888121e+20+0i,1.7645209202852e+220+0i,551
5,4,5,0.435546683871339,2.6996691296104e+221,0.00955577437793239+0i,0.00548329092011887+0i,6.74917282402599e+220+0i,552
13,7,7,0.00402482412421111,2.96670020018389e+35,1.46969946369648e+222+0i,2.68434932058129e+114+0i,3.67424865924121e+221+0i,553
12,3,2,0.00322737600437937,1.08569671222845e+28,3.00285022179549e+223+0i,1.12199371383152e+18+0i,7.50712555448874e+222+0i,554
13,5,1,0.00414442009865666,1.855258478287e+37,9.0445950819308e+224+0i,1.08776454805124e+51+0i,2.2611487704827e+224+0i,555
6,7,1,0.0028061706396924,3.61370756188524e+85,5.09814980083143e+195+0i,6.17209310098394e+225+0i,1.54302327524598e+225+0i,556
4,7,1,0.0020905390468173,2.1101580990571e+125,1.24144135660673e+228+0i,2.85347646840114e+157+0i,3.10360339151682e+227+0i,557
10,7,5,0.0087800921476387,1.20180678572756e+24,1.46249756515161e+65+0i,1.26076670660719e+228+0i,3.15191676651798e+227+0i,558
5,5,5,5.39535541710715,7.22480034954889e+228,0.00960055110599676+0i,0.00559541571886692+0i,1.80620008738722e+228+0i,559
10,6,6,0.00222576067577419,7.96628475815619e+17,1.92531744312375e+229+0i,69.7312108507822+0i,4.81329360780938e+228+0i,560
11,4,7,0.00162220300912118,2.31738874706068e+70,0.482466623411235+0i,2.05612968135433e+229+0i,5.14032420338582e+228+0i,561
4,4,2,0.00346820396094921,0.0473539069780994,2.10600681407242e+229+0i,20969.2959791919+0i,5.26501703518105e+228+0i,562
5,3,5,0.0685743423024467,7.80239499053948e+229,0.0094169540276742+0i,0.00537893983326347+0i,1.95059874763487e+229+0i,563
9,5,4,0.00207948144175328,1.31531901896191e+20,7.40008541267507e+231+0i,328286074953.791+0i,1.85002135316877e+231+0i,564
12,4,1,0.00317089265960369,1.89502237709513e+29,7.67378531543029e+181+0i,1.08014768027709e+232+0i,2.70036920069272e+231+0i,565
8,7,6,0.0041001888200196,3.87993460714117e+19,1.13564327892062e+232+0i,3.78217771812589e+110+0i,2.83910819730154e+231+0i,566
12,5,7,0.0035379697704461,2.7923762545614e+21,1.17452575711146e+232+0i,682426049.800884+0i,2.93631439277865e+231+0i,567
2,7,4,2036.42837949587,0.0351123392768685,1.17817091284754e+81+0i,4.2266370514618e+232+0i,1.05665926286545e+232+0i,568
9,1,1,0.0017626088579268,5.85374642276577e+232,0.0140928913170095+0i,0.00958443862521591+0i,1.46343660569144e+232+0i,569
14,3,1,0.00421950205546047,1.05070766727191e+38,3.36036383161788e+103+0i,3.95551528630686e+233+0i,9.88878821576716e+232+0i,570
8,7,4,0.00440275468911157,2.36557483212076e+19,7.37717945479843e+233+0i,7.48502996409198e+180+0i,1.84429486369961e+233+0i,571
10,3,2,0.00171564228931653,2.27216505073875e+19,1.43142047816937e+234+0i,3435942.4792939+0i,3.57855119542343e+233+0i,572
0,3,3,0.126109863457476,7501.49835698045,1.4076210946453e+200+0i,2.6649747316961e+234+0i,6.66243682924024e+233+0i,573
2,6,1,1.17032924693264e+105,0.0344306375893729,4.5815165580966e+234+0i,9.37410142430276e+133+0i,1.14537913952415e+234+0i,574
11,3,1,0.00153400128355182,3.39071358951602e+70,1.95638667160592e+235+0i,9.77741418570136e+161+0i,4.8909666790148e+234+0i,575
12,7,1,0.00329166337819367,9.10942323779988e+33,2.68347811868075e+236+0i,4.09246937937685e+58+0i,6.70869529670188e+235+0i,576
12,6,4,0.00239276155361706,4.9938325754269e+36,7.13596843185692+0i,2.7285959885213e+236+0i,6.82148997130325e+235+0i,577
12,7,3,0.00547571988244212,1.117562795177e+34,1.77632173715944e+176+0i,1.18727106933911e+237+0i,2.96817767334777e+236+0i,578
4,4,3,0.00211718928753399,1.61495449259937e+237,3.3889762067907+0i,4.7775417178305+0i,4.03738623149844e+236+0i,579
8,4,1,0.00389712471236399,437622001921207,6.70702954263364e+77+0i,2.54888530621507e+237+0i,6.37221326553768e+236+0i,580
4,5,7,0.00235320412948884,9.11156743923097e+237,0.00655715730154856+0i,0.00647209617379957+0i,2.27789185980774e+237+0i,581
10,4,4,0.00171972000989218,2.03614949861537e+19,2.19067435645504e+239+0i,0.0980163399044223+0i,5.4766858911376e+238+0i,582
6,5,3,0.00289232549650484,4.55268170446862e+17,6.07840132300969e+239+0i,6.06232034059451e+208+0i,1.51960033075242e+239+0i,583
9,7,3,0.00197802816269593,1.04353997393345e+23,42936201769.079+0i,6.7348107135185e+239+0i,1.68370267837963e+239+0i,584
14,5,4,0.00458663533163973,5.48190604280448e+41,8.7219580015341e+239+0i,6.34815682003569e+86+0i,2.18048950038352e+239+0i,585
14,7,3,0.00826656058862622,1.16917993827588e+44,1.62438784194887e+240+0i,4.44797842562226e+160+0i,4.06096960487216e+239+0i,586
5,5,2,0.85807407860164,5.53780909958332e+240,1.84170240801376e+63+0i,3.224112225782e+179+0i,1.38445227489583e+240+0i,587
4,3,2,0.00206054780227039,7.47492519546926e+240,4.95751291328008e+229+0i,2184.42607947709+0i,1.86873129887971e+240+0i,588
5,1,2,0.00126267288270921,2.26445140258306e+241,0.00695118170234184+0i,0.00481600511403453+0i,5.66112850645764e+240+0i,589
12,7,4,0.00611754144817065,5.54576761977975e+34,56932.5790631039+0i,8.60960425312135e+241+0i,2.15240106328034e+241+0i,590
8,5,4,0.00417052699290184,3.29150897877679e+122,2.52740462564507e+208+0i,9.61441728511531e+241+0i,2.40360432127883e+241+0i,591
10,5,3,0.00183897619805052,5.51180019013478e+22,2.37847457288761e+242+0i,2.3789888738066e+90+0i,5.94618643221903e+241+0i,592
3,6,1,2951555298651.27,1.06172864686543e+51,1.96242641886122e+145+0i,1.17644313396328e+244+0i,2.94110783490821e+243+0i,593
11,3,3,0.00153703443641672,2.90045909145921e+70,4.21876079169389e+244+0i,1.30071749851425e+24+0i,1.05469019792347e+244+0i,594
4,4,1,0.0020841890161759,5.49692871726937e+244,1.15066216541211e+208+0i,2.22405867628006e+165+0i,1.37423217931734e+244+0i,595
5,4,3,0.00438369263466437,4.82605629637016e+228,1.21445681113614e+245+0i,10293069249.1717+0i,3.03614202784035e+244+0i,596
6,6,2,0.00304885747372794,7.83986427831182e+18,1.5779537791363e+245+0i,6.71894698189634e+81+0i,3.94488444784076e+244+0i,597
9,5,3,0.00216051552534343,5.16588465391962e+18,8.57046518558696e+246+0i,23074465.3847837+0i,2.14261629639674e+246+0i,598
3,7,4,0.00683208207902977,9.23024851129148e+175,2.16607851321996e+247+0i,1.97053258838397e+184+0i,5.41519628304991e+246+0i,599
11,7,7,0.00176890791418285,3.97065910377645e+70,2.82223975006963e+247+0i,1.25768206362622e+22+0i,7.05559937517407e+246+0i,600
12,6,6,0.00272149229494619,6.29062919385368e+36,2.71648762080255e+248+0i,7.8517401948261e+39+0i,6.79121905200637e+247+0i,601
0,7,6,2.32108314028359e+119,5.49361791241603e+15,4.12015817860101e+190+0i,7.21087343011025e+248+0i,1.80271835752756e+248+0i,602
8,6,5,0.00426895650481924,7.29864870410883e+17,2.33932828043167e+97+0i,1.02360503075183e+249+0i,2.55901257687957e+248+0i,603
5,4,4,0.00309652942074174,1.03361052056031e+249,0.133068794518229+0i,0.391666243628708+0i,2.58402630140077e+248+0i,604
7,5,1,0.00132894465656421,3.07163741809855e+85,1.68369434701686e+249+0i,2.57033006565664e+56+0i,4.20923586754215e+248+0i,605
9,6,5,0.00179988616185854,1.9170210933752e+20,1.54026639858583e+250+0i,5.29336612522474e+18+0i,3.85066599646458e+249+0i,606
3,5,1,0.0024626856978716,3.71583437077384e+50,1.62707787682901e+250+0i,4.00622656616988e+194+0i,4.06769469207253e+249+0i,607
11,7,1,0.00164117969729939,5.65233427428729e+70,4.65065645135425e+236+0i,8.21839499481523e+250+0i,2.05459874870382e+250+0i,608
10,4,3,0.00170771606933858,3.80505127290719e+16,1.7264930892534e+252+0i,0.0852587202152518+0i,4.31623272313349e+251+0i,609
3,4,6,0.00121380784112483,2.19404124407398e+252,0.00594014096984765+0i,0.00589728370300643+0i,5.48510311018494e+251+0i,610
14,7,6,0.00441740409604601,1.96137065253622e+46,6.26367076585557e+123+0i,1.08600293896992e+253+0i,2.7150073474248e+252+0i,611
8,3,2,0.00382064474219606,1355154241124.89,2.12170344693326e+253+0i,1.43033829696983e+75+0i,5.30425861733316e+252+0i,612
8,6,6,0.00413346948235822,6.99252327619914e+17,2.54047603892881e+253+0i,9.50946515500582e+127+0i,6.35119009732202e+252+0i,613
5,5,1,0.00209118336972044,7.92251424734635e+133,2.98900492719581e+253+0i,6.92109623013557e+53+0i,7.47251231798952e+252+0i,614
3,4,2,0.00073665566643278,1.11810798973347e+206,2.16806393686698e+254+0i,8.25200723639099e+20+0i,5.42015984216745e+253+0i,615
0,5,6,0.118824267373845,1.71584645725252e+16,4.28091073033252e+154+0i,3.5069586404502e+255+0i,8.7673966011255e+254+0i,616
6,7,4,0.00388567151134726,4.42744988296813e+103,4.22200323811632e+255+0i,2.00035875337938e+169+0i,1.05550080952908e+255+0i,617
3,4,4,0.00160735867409873,8.87782422509762e+255,0.00872020019085659+0i,0.0078463771250982+0i,2.21945605627441e+255+0i,618
0,2,2,0.105246436764441,0.20952524539879,1.88215860741672e+169+0i,1.02357766467962e+256+0i,2.55894416169906e+255+0i,619
5,6,1,0.00122010635434149,2.61075208472836e+52,1.7867956715387e+257+0i,9.48757745388896e+137+0i,4.46698917884676e+256+0i,620
14,3,7,0.00413649223952272,1.5278559826667e+36,2.36921738719603e+257+0i,8.5354138708833e+74+0i,5.92304346799006e+256+0i,621
4,4,4,0.00188769001192223,7.87990691685059e+257,0.011104838984892+0i,0.00794929597171586+0i,1.96997672921265e+257+0i,622
2,4,2,0.0243611695350332,0.0337683625840628,3.39524543548764e+258+0i,2.61003193135817e+16+0i,8.48811358871909e+257+0i,623
8,3,5,0.00398926377874,9571192207805.33,3.48262250478492e+258+0i,1.50338160931576e+170+0i,8.7065562619623e+257+0i,624
10,5,6,0.00212450463319183,2.19661803614933e+22,1.38657974427394e+259+0i,16.4092184873259+0i,3.46644936068484e+258+0i,625
10,5,5,0.00194901169734003,6.32625290936767e+20,3.44334918031331e+213+0i,3.38676001060962e+259+0i,8.46690002652405e+258+0i,626
13,6,4,0.00549214652472095,1.334091635295e+34,0.181899583222231+0i,4.37972166174522e+259+0i,1.0949304154363e+259+0i,627
9,6,4,0.00236962603245859,1.62092314973411e+21,0.219098267135771+0i,7.94451619035218e+259+0i,1.98612904758804e+259+0i,628
10,6,5,0.0097310262455596,6.81385556407585e+23,2.94297732644939e+79+0i,1.4165314205371e+260+0i,3.54132855134276e+259+0i,629
4,1,1,0.00204465444033016,1.1968755509144e+262,0.00627377820022014+0i,0.00733496098358168+0i,2.992188877286e+261+0i,630
1,3,1,0.045699426872103,0.0346675520275172,5.79586195492394e+224+0i,3.15672228361563e+262+0i,7.89180570903907e+261+0i,631
12,4,7,0.0028286110789673,2.01169427200901e+29,0.688062170662734+0i,5.62774037827422e+263+0i,1.40693509456856e+263+0i,632
10,3,4,0.00173710622563844,1.52132945527214e+264,6.68006975470103e+250+0i,9.53269844690877e+17+0i,3.80332363818052e+263+0i,633
7,3,2,0.00144470223113341,1.51194299489306e+17,2.03638927281268e+264+0i,10412.9924453166+0i,5.09097318203169e+263+0i,634
6,4,3,0.00284715504959819,1.64783256644537e+16,7.83286365680021e+264+0i,4.85749755519874e+234+0i,1.95821591420005e+264+0i,635
4,1,4,0.00192408723951553,3.76710554229149e+265,0.0113589788633649+0i,0.00771982860736897+0i,9.41776385572873e+264+0i,636
8,7,3,0.00528735871132539,3.7413844063513e+19,6.86935583484725e+265+0i,4.62107586298192e+125+0i,1.71733895871181e+265+0i,637
2,7,2,4.82693774840529e+217,0.0350318723811466,6.38316385277309e+96+0i,1.80363170143735e+266+0i,4.50907925359337e+265+0i,638
11,5,3,0.00172321679023727,3.6951780022304e+70,4.60433903247685e+266+0i,1.61423328334101e+111+0i,1.15108475811921e+266+0i,639
2,6,3,1437.98150623778,0.0345710691353361,5.33543347481097e+75+0i,4.63164455288024e+266+0i,1.15791113822006e+266+0i,640
13,6,5,0.0054251965540948,2.51256272269165e+267,0.194391139570315+0i,1.7039922612401e+32+0i,6.28140680672912e+266+0i,641
14,3,2,0.00433947196142921,7.27967629824755e+36,4.16012825164036e+267+0i,1.28160094530471e+35+0i,1.04003206291009e+267+0i,642
13,7,6,0.00413554640565645,2.54393845546427e+40,1.34453986710927e+269+0i,5.57884634595303e+113+0i,3.36134966777317e+268+0i,643
0,5,4,8.94273893725933e+108,914949927.116973,2.71794414601037e+229+0i,3.61174172940905e+269+0i,9.02935432352261e+268+0i,644
0,2,5,0.126944323299756,3.35832015790278e+20,7.26103071894925e+212+0i,7.58374309874107e+269+0i,1.89593577468527e+269+0i,645
1,7,5,34056458850250.2,0.0353351263664024,6.08863630226117e+136+0i,1.71777969890602e+270+0i,4.29444924726504e+269+0i,646
13,4,7,0.00409373987140997,1.79685381617855e+32,12.6353641209152+0i,4.68497504617359e+270+0i,1.1712437615434e+270+0i,647
8,4,3,0.00385063475805056,274085023605738,8.1529633463623e+270+0i,7.90581998063336e+15+0i,2.03824083659058e+270+0i,648
9,7,4,0.00250133101038422,9.37505043094696e+21,0.222247476216344+0i,1.05242794662062e+272+0i,2.63106986655154e+271+0i,649
11,5,6,0.00184874265009294,2.84707156946341e+70,5.32997732907519e+272+0i,6.74280651780489e+35+0i,1.3324943322688e+272+0i,650
0,5,7,0.231114410420262,2.98728666887167e+16,5.97373077022347e+272+0i,4.05365978291664e+249+0i,1.49343269255587e+272+0i,651
8,5,6,0.00422670649947854,2.66573750190382e+16,2.00274993538247e+273+0i,1.3746252278988e+146+0i,5.00687483845618e+272+0i,652
0,4,3,1.24414478976646e+109,26528126.7217879,2.90013787409601e+37+0i,3.79147716530657e+273+0i,9.47869291326642e+272+0i,653
0,2,7,0.127116259916796,6.65815006722842e+25,1.98865696808612e+252+0i,8.12387857553347e+273+0i,2.03096964388337e+273+0i,654
10,3,6,0.00177556254379551,3.41506427132348e+274,6.46507735020556e+179+0i,1.72072412488542e+23+0i,8.5376606783087e+273+0i,655
0,5,3,8.09803554231629e+274,1689012120.53044,139228915.994565+0i,145487.163841118+0i,2.02450888557907e+274+0i,656
6,4,1,0.00284483900951725,1.70379060168072e+16,2.69265487349662e+92+0i,3.42989157291319e+275+0i,8.57472893228298e+274+0i,657
0,6,7,0.144942872294604,1.49735784258464e+16,8.33502778610336e+255+0i,4.61841040209339e+275+0i,1.15460260052335e+275+0i,658
2,4,1,0.0365720344571012,0.0336409744185208,7.59591993302356e+93+0i,5.08206957435815e+275+0i,1.27051739358954e+275+0i,659
10,7,6,0.00214785023210489,8.77043991057539e+21,3.74383086792758e+197+0i,7.50608820830749e+275+0i,1.87652205207687e+275+0i,660
4,6,3,0.00207312867916839,6.34123006535687e+187,1.86061815519218e+129+0i,8.63965309561673e+275+0i,2.15991327390418e+275+0i,661
5,7,2,0.00108447310925894,3.07430844593664e+52,8.71077279091827e+275+0i,1.00157317490431e+254+0i,2.17769319772957e+275+0i,662
5,7,1,0.000877966740133488,8.16800069163406e+141,3.26004629743072e+276+0i,2.44225772076153e+232+0i,8.15011574357681e+275+0i,663
2,6,4,0.0191422583707439,0.0347523550725699,3.47535356429365e+276+0i,5.88782495630175e+26+0i,8.68838391073412e+275+0i,664
1,5,3,127605512781.492,0.0352087187216695,1.95362775845873e+112+0i,1.00741529092676e+277+0i,2.51853822731689e+276+0i,665
8,4,4,0.00393190638786965,1.53724553143186e+15,4.54249188299186e+277+0i,4.1563601321166e+70+0i,1.13562297074796e+277+0i,666
3,6,2,0.217504108644632,1.06171346709902e+51,3.03796390251028e+166+0i,4.68631108390437e+277+0i,1.17157777097609e+277+0i,667
10,7,7,0.00173074469464061,7.78283695137453e+21,3.04824782225338e+27+0i,7.30764625185848e+278+0i,1.82691156296462e+278+0i,668
0,3,5,0.149897233260753,451341168668566,7.98104551641429e+278+0i,1.27744597799024e+216+0i,1.99526137910357e+278+0i,669
12,5,3,0.00334002499492788,1.24482397505511e+33,2.11188096792794e+279+0i,7.60955662739924e+55+0i,5.27970241981984e+278+0i,670
10,7,1,0.00195998336883318,2.82714087727329e+25,2.72534734193105e+204+0i,2.41771432478243e+279+0i,6.04428581195608e+278+0i,671
10,6,2,0.00616490385270872,1.79858193834376e+22,3.37968283613935e+279+0i,8.67071100417209e+76+0i,8.44920709034837e+278+0i,672
0,7,7,0.117369485252217,2.99056158362758e+18,1.86498517454933e+176+0i,5.63869026863107e+279+0i,1.40967256715777e+279+0i,673
0,3,6,0.147329282617503,9.65021942536713e+15,1.19643748124452e+280+0i,9.79601530265191e+253+0i,2.99109370311131e+279+0i,674
6,1,1,0.0162633754371104,1.77406198587914e+280,0.00660246808391081+0i,0.00805275410428056+0i,4.43515496469784e+279+0i,675
0,3,7,0.170581579476472,5.50422409868096e+19,3.06642197470914e+231+0i,8.9723473844409e+280+0i,2.24308684611022e+280+0i,676
11,6,7,0.00180260590956019,3.20913795290671e+70,2.91246458698984e+281+0i,2.19561772242402e+21+0i,7.28116146747459e+280+0i,677
10,6,1,0.00181125456532634,5.97450095859664e+23,4.29719633322088e+151+0i,4.17832506847089e+281+0i,1.04458126711772e+281+0i,678
6,3,2,0.00302177168214654,969428204494080,9.58670104117477e+281+0i,114663511333416+0i,2.39667526029369e+281+0i,679
1,6,2,0.0384902035046578,0.0451901610135906,1.76821376714241e+283+0i,0.133537963696749+0i,4.42053441785603e+282+0i,680
4,5,2,0.00212221228482758,1.8948968624337e+283,6.39695699532497e+100+0i,2.42628664480795e+210+0i,4.73724215608426e+282+0i,681
10,5,1,0.00172768840115071,1.60919406529919e+24,8.39324665229785e+69+0i,3.95673830250171e+283+0i,9.89184575625427e+282+0i,682
0,2,4,0.120697431517964,43169650349268.3,8.1126922560724e+207+0i,1.20318519225329e+284+0i,3.00796298063323e+283+0i,683
12,5,6,0.00278449245068477,6.92151869563464e+23,1.93613715731138e+284+0i,152606080405511+0i,4.84034289327845e+283+0i,684
0,4,6,0.149817181749866,1.21410994812557e+19,3.95360782604807e+219+0i,2.02520041134056e+284+0i,5.06300102835141e+283+0i,685
13,7,5,0.00876681568892906,1.05096033193724e+42,5.10724535294195e+284+0i,4.80130233807646e+117+0i,1.27681133823549e+284+0i,686
4,2,5,0.00238757781507512,2.43132586355444e+285,0.0064364106603307+0i,0.00635761886758672+0i,6.07831465888611e+284+0i,687
4,2,7,0.00234566942417611,4.67431038105813e+285,0.00646650559926002+0i,0.00634726974223237+0i,1.16857759526453e+285+0i,688
11,6,5,0.00794343182387617,3.51435364314488e+70,0.196586594994493+0i,6.71261575526471e+285+0i,1.67815393881618e+285+0i,689
0,2,6,0.12287105824316,2.46774501875209e+25,1.25467427055017e+262+0i,8.57440320019802e+285+0i,2.14360080004951e+285+0i,690
0,4,7,0.243450593735237,6.07980792145277e+20,2.01007242962431e+286+0i,5.70710138961329e+279+0i,5.02518250083613e+285+0i,691
3,7,2,1.76543267940781e+76,6.81546499074959e+147,3.10071013354093e+286+0i,2.70111671230302e+93+0i,7.75177533385233e+285+0i,692
11,3,2,0.00155241772205426,3.13866737052297e+70,6.13322412665451e+287+0i,3.16486465235749e+16+0i,1.53330603166363e+287+0i,693
4,1,7,0.00234371614030292,7.42422594200595e+287,0.00644282611261795+0i,0.00632040783335262+0i,1.85605648550149e+287+0i,694
4,5,3,0.00207567465178027,0.0476676681440975,4.40480757060304e+288+0i,29628.5701100472+0i,1.10120189265076e+288+0i,695
10,1,5,0.00203213818393693,8.37729489940182e+288,0.00842718557336991+0i,0.0096991396352767+0i,2.09432372485046e+288+0i,696
4,2,6,0.00237049288764287,2.59540294226537e+289,0.00645378232745619+0i,0.00634605291880053+0i,6.48850735566343e+288+0i,697
1,4,2,11011370779.549,0.0351671905875183,2.87301009113616e+114+0i,9.94631262060536e+289+0i,2.48657815515134e+289+0i,698
9,5,2,0.00195674860068483,1.49304393732889e+19,1.17420768557393e+290+0i,220607707.997671+0i,2.93551921393483e+289+0i,699
5,4,2,0.00914562720287442,1.18347201507676e+115,2.78813109327041e+290+0i,5.89210906814059e+176+0i,6.97032773317603e+289+0i,700
8,4,6,0.00417999683813583,7.66181861282583e+208,1.29675234628748e+291+0i,8.78417200037449e+164+0i,3.24188086571871e+290+0i,701
1,7,4,2.53917392277117e+212,0.0407512569646345,2.21442452460583e+259+0i,1.46594554780821e+291+0i,3.66486386952052e+290+0i,702
9,7,5,0.00213741218056392,1.54863901653101e+22,1.9184502190058e+291+0i,1.11796836004968e+15+0i,4.79612554751451e+290+0i,703
6,5,2,0.00296795836226729,3.57919146404681e+17,2.60238495054167e+291+0i,1.53568849118281e+93+0i,6.50596237635417e+290+0i,704
2,5,1,790183.619366328,0.0340736435098275,1.60624605992377e+223+0i,2.66308672062254e+291+0i,6.65771680155636e+290+0i,705
8,7,5,0.00417681629718515,3.13598267987327e+19,1.29012259402508e+292+0i,5.1488205891062e+198+0i,3.2253064850627e+291+0i,706
1,5,2,2927.79818085949,0.0399504906455744,3.23424867543703e+282+0i,1.50673641426791e+292+0i,3.76684103647835e+291+0i,707
4,4,6,0.00236907094058439,2.68905568763031e+292,0.00650316577317313+0i,0.00641227598688+0i,6.72263921907578e+291+0i,708
4,4,5,0.0023903414745217,2.0708683452413e+293,0.00647048288855554+0i,0.00640807183684192+0i,5.17717086310325e+292+0i,709
1,6,4,1848110839005.34,0.0352678864448809,1.64681384789332e+123+0i,6.04764611459752e+293+0i,1.51191152864938e+293+0i,710
4,1,5,0.00238289590032817,9.77819157931185e+293,0.00642463427890454+0i,0.00634176459371015+0i,2.44454789482796e+293+0i,711
1,4,1,4.77307901289314e+44,0.0384819343565646,1.24842355320832e+294+0i,8.62599713237393e+196+0i,3.12105888302081e+293+0i,712
0,2,3,0.106962871834538,23542.6929086769,1.35719543090582e+230+0i,2.10524380504168e+294+0i,5.26310951260421e+293+0i,713
14,6,7,0.00443686101100739,4.99182828776156e+40,1.19360506995886e+128+0i,3.73018545898378e+294+0i,9.32546364745944e+293+0i,714
11,5,5,0.00184075048701309,3.11189687437119e+70,8534260924271.67+0i,5.14182069326304e+294+0i,1.28545517331576e+294+0i,715
0,7,1,0.0968378630796157,0.361943610748704,5.81610216094836e+294-0.00267911050634111i,8.82817429618627e+180-0.021585556196845i,1.45402554023709e+294-0.00606616667579654i,716
0,5,5,0.113011152113419,7.19579646261715e+16,1.0563212235839e+179+0i,1.08444090700301e+295+0i,2.71110226750753e+294+0i,717
0,6,5,7.00282196957456e+103,23270969766416.3,8.94212819150617e+205+0i,1.24872911285162e+295+0i,3.12182278212905e+294+0i,718
0,6,1,9.07949089935308e+137,0.107956446367389,1.36031520342175e+295-0.0233766524382235i,-5.1320288876188e+208-0.0385372507515363i,3.40078800855437e+294-0.0154784757974399i,719
0,4,5,0.122193955568055,6.11501730312956e+18,6.87717659011154e+263+0i,3.01414039929304e+295+0i,7.53535099823261e+294+0i,720
0,3,2,7.66794173628418e+64,523923.536617899,1.27844810859146e+165+0i,1.16805385759737e+296+0i,2.92013464399342e+295+0i,721
2,6,2,2.08579641659034e+158,0.0345512191899307,2.34950089483986e+296+0i,2.75718811249106e+286+0i,5.87375223778895e+295+0i,722
7,7,2,0.00450884962644745,3.85134404623453e+70,1.27030202531288e+297+0i,8.78840338155189e+80+0i,3.1757550632822e+296+0i,723
4,2,3,0.00209479009896439,2.86771118561184e+297,2.72398914108608+0i,4.49813380886582+0i,7.16927796402959e+296+0i,724
8,6,3,0.0053893973347245,2.02015618063857e+18,4.76500972857039e+297+0i,4.06178489245697e+144+0i,1.1912524321426e+297+0i,725
2,5,2,966.609519368123,0.0342075529480953,1.63747753895557e+71+0i,9.23812170721875e+297+0i,2.30953042680469e+297+0i,726
10,3,5,0.00174299713661284,8.53650665298557e+22,2.80130124177057e+298+0i,1.50051032621527e+21+0i,7.00325310442641e+297+0i,727
1,6,3,7.24421757046634e+298,0.0406584278526882,2.94003051744453e+238+0i,1.07390432973598e+291+0i,1.81105441946419e+298+0i,728
2,7,3,2.44096689939013e+106,0.0350315124358982,1.17267665785075e+229+0i,8.74855917257845e+298+0i,2.18713979314461e+298+0i,729
3,7,1,5.42997827115181e+23,1.24070702838036e+286,1.26962113323789e+241+0i,1.4973812612534e+299+0i,3.74345315313382e+298+0i,730
4,7,2,0.00281030597359218,1.63294808158041e+89,2.5904078495403e+299+0i,8.68980305092954e+254+0i,6.47601962385075e+298+0i,731
0,4,4,0.1135654302508,125513436398323,1.30617310697653e+162+0i,4.63547878617913e+299+0i,1.15886969654478e+299+0i,732
13,6,7,0.0040502782544519,7.63850948904853e+37,1.23337436686802e+301+0i,1.08849749573605e+166+0i,3.08343591717006e+300+0i,733
0,6,6,0.11580634109896,4.80011876449661e+20,8.60759690923707e+281+0i,1.83394076240173e+301+0i,4.58485190600432e+300+0i,734
6,2,7,0.00243389506305506,2.24670303022604e+301,0.00686630562908334+0i,0.00644851147426677+0i,5.61675757556511e+300+0i,735
