Scenario,ScenarioName,Model,ExoMode,ForecastArtifact,ResultSource,WindowDay,WindowDayIdx,WindowWIS,WindowRMSE,WindowMAE,MeanWISMedianComponent,MeanWISDispersionComponent,MeanWISUnderpredictionComponent,MeanWISOverpredictionComponent,MeanCoverage,MeanCalibrationBias,MeanAbsoluteCalibrationError,MeanIntervalWidth,IsValid,IntervalMethod,IntervalStatus,RecordedStatus,AICC
A1,Seasonal Forcing,ARX,I,/home/kaahin/degree_project/hybrid-epidemic-forecasting/results/partA/forecasts/partA_03_forecast_A1_ARX_I.mat,forecast_results,49,50,0.000950646967661328,0.00143459686309217,0.0010229726834915,0.000113663631499055,1.65211844991008e-05,0.000820462151663172,0,0,-0.7875,0.7875,0.000233328578362414,1,closed_loop_monte_carlo,ok,ok,-1093.46938630291
A1,Seasonal Forcing,ARX,I,/home/kaahin/degree_project/hybrid-epidemic-forecasting/results/partA/forecasts/partA_03_forecast_A1_ARX_I.mat,forecast_results,56,57,0.000779822959309486,0.00117724119040587,0.00085535020799007,9.50389119988967e-05,1.69233615156997e-05,0.00066786068579489,0,0,-0.7875,0.7875,0.000248180572555244,1,closed_loop_monte_carlo,ok,ok,-1231.85179273178
A1,Seasonal Forcing,ARX,I,/home/kaahin/degree_project/hybrid-epidemic-forecasting/results/partA/forecasts/partA_03_forecast_A1_ARX_I.mat,forecast_results,63,64,0.00049524033159462,0.000782438371925236,0.000583160354993157,6.47955949992397e-05,1.88252087782532e-05,0.000411619527817128,0,0,-0.7875,0.7875,0.000291022944204443,1,closed_loop_monte_carlo,ok,ok,-1375.0067426419
A1,Seasonal Forcing,ARX,I,/home/kaahin/degree_project/hybrid-epidemic-forecasting/results/partA/forecasts/partA_03_forecast_A1_ARX_I.mat,forecast_results,70,71,9.18203749969416e-05,0.000182060346807035,0.000156567966008159,1.73964406675732e-05,1.47159573927058e-05,5.97079769366626e-05,0,0.142857142857143,-0.644642857142857,0.667857142857143,0.000218742575099993,1,closed_loop_monte_carlo,ok,ok,-1524.21126963542
A1,Seasonal Forcing,ARX,I,/home/kaahin/degree_project/hybrid-epidemic-forecasting/results/partA/forecasts/partA_03_forecast_A1_ARX_I.mat,forecast_results,77,78,0.000436010069222425,0.000774018046057425,0.000543646503068833,6.04051670076482e-05,1.65029582322246e-05,0,0.000359101943982552,0.214285714285714,-0.573214285714286,0.628571428571428,0.000238685928369318,1,closed_loop_monte_carlo,ok,ok,-1680.54303390658
A1,Seasonal Forcing,ARX,I,/home/kaahin/degree_project/hybrid-epidemic-forecasting/results/partA/forecasts/partA_03_forecast_A1_ARX_I.mat,forecast_results,84,85,0.00117540379687141,0.00172601344272493,0.00127630521216934,0.000141811690241038,1.59877123744592e-05,0,0.00101760439425591,0.0178571428571429,-0.769642857142857,0.771428571428572,0.000234935302213686,1,closed_loop_monte_carlo,ok,ok,-1810.02692120836
A1,Seasonal Forcing,ARX,I,/home/kaahin/degree_project/hybrid-epidemic-forecasting/results/partA/forecasts/partA_03_forecast_A1_ARX_I.mat,forecast_results,91,92,0.00189169503163162,0.00274111851558148,0.00204513483821841,0.00022723720424649,2.34690344403735e-05,0,0.00164098879294476,0,-0.7875,0.7875,0.000325713203430904,1,closed_loop_monte_carlo,ok,ok,-1884.17589356372
A1,Seasonal Forcing,ARX,I,/home/kaahin/degree_project/hybrid-epidemic-forecasting/results/partA/forecasts/partA_03_forecast_A1_ARX_I.mat,forecast_results,98,99,0.00283783123916161,0.00413767345134414,0.00309988003719955,0.000344431115244395,3.44366733997689e-05,0,0.00245896345051745,0,-0.7875,0.7875,0.000510260304394605,1,closed_loop_monte_carlo,ok,ok,-1935.92983989358
A1,Seasonal Forcing,ARX,I,/home/kaahin/degree_project/hybrid-epidemic-forecasting/results/partA/forecasts/partA_03_forecast_A1_ARX_I.mat,forecast_results,105,106,0.00425616659966229,0.00602548203922495,0.00454553321860384,0.000505059246511538,4.717911760927e-05,0,0.00370392823554148,0,-0.7875,0.7875,0.000675943184768859,1,closed_loop_monte_carlo,ok,ok,-1969.59393101031
A1,Seasonal Forcing,ARX,I,/home/kaahin/degree_project/hybrid-epidemic-forecasting/results/partA/forecasts/partA_03_forecast_A1_ARX_I.mat,forecast_results,112,113,0.00590131761518781,0.00848541202434391,0.00646216276721007,0.000718018085245564,8.37562970455644e-05,0,0.00509954323289668,0,-0.7875,0.7875,0.00124478425632905,1,closed_loop_monte_carlo,ok,ok,-1992.36140491848
A1,Seasonal Forcing,ARX,I,/home/kaahin/degree_project/hybrid-epidemic-forecasting/results/partA/forecasts/partA_03_forecast_A1_ARX_I.mat,forecast_results,119,120,0.00767088544662771,0.0111402563200268,0.00852221880331917,0.000946913200368796,0.000136134193545827,0,0.00658783805271308,0,-0.7875,0.7875,0.00192240335403964,1,closed_loop_monte_carlo,ok,ok,-2013.64716925356
A1,Seasonal Forcing,ARX,I,/home/kaahin/degree_project/hybrid-epidemic-forecasting/results/partA/forecasts/partA_03_forecast_A1_ARX_I.mat,forecast_results,126,127,0.00883106853390761,0.0131017619122569,0.010077510504924,0.001119723389436,0.000183077237811415,0,0.00752826790666019,0,-0.7875,0.7875,0.0027460645159783,1,closed_loop_monte_carlo,ok,ok,-2042.37471296036
A1,Seasonal Forcing,ARX,I,/home/kaahin/degree_project/hybrid-epidemic-forecasting/results/partA/forecasts/partA_03_forecast_A1_ARX_I.mat,forecast_results,133,134,0.00913099009574697,0.0133830364292538,0.0103253507339939,0.00114726119266599,0.000220528153305888,0,0.00776320074977509,0,-0.7875,0.7875,0.00315119748963162,1,closed_loop_monte_carlo,ok,ok,-2087.52885898851
A1,Seasonal Forcing,ARX,I,/home/kaahin/degree_project/hybrid-epidemic-forecasting/results/partA/forecasts/partA_03_forecast_A1_ARX_I.mat,forecast_results,140,141,0.00719797026004587,0.0109673899735077,0.00852393182849024,0.000947103536498915,0.000249119920806344,0,0.00600174680274061,0,-0.7875,0.7875,0.00359348322738224,1,closed_loop_monte_carlo,ok,ok,-2155.79174691168
A1,Seasonal Forcing,ARX,I,/home/kaahin/degree_project/hybrid-epidemic-forecasting/results/partA/forecasts/partA_03_forecast_A1_ARX_I.mat,forecast_results,147,148,0.00405276243443278,0.00664798088720836,0.00519549932744338,0.000577277703049265,0.000238776291009677,0,0.00323670844037384,0,-0.7875,0.7875,0.00371969931272133,1,closed_loop_monte_carlo,ok,ok,-2246.77991569162
A1,Seasonal Forcing,ARX,I,/home/kaahin/degree_project/hybrid-epidemic-forecasting/results/partA/forecasts/partA_03_forecast_A1_ARX_I.mat,forecast_results,154,155,0.000713347840210036,0.00232888482406204,0.0019074221834213,0.000211935798157922,0.000268773901026209,0,0.000232638141025905,0.625,-0.1625,0.2875,0.00397536234692276,1,closed_loop_monte_carlo,ok,ok,-2353.10581534568
A1,Seasonal Forcing,ARX,I,/home/kaahin/degree_project/hybrid-epidemic-forecasting/results/partA/forecasts/partA_03_forecast_A1_ARX_I.mat,forecast_results,161,162,0.000387989921805767,0.00134837175944481,0.00085860403601704,9.54004484463377e-05,0.000271104399993522,2.14850733659078e-05,0,0.964285714285714,0.176785714285714,0.2125,0.00407998380683989,1,closed_loop_monte_carlo,ok,ok,-2466.02604188561
A1,Seasonal Forcing,ARX,I,/home/kaahin/degree_project/hybrid-epidemic-forecasting/results/partA/forecasts/partA_03_forecast_A1_ARX_I.mat,forecast_results,168,169,0.000940173914313845,0.00310468738425452,0.00236128372066507,0.000262364857851674,0.000323658320961764,0.000354150735500407,0,0.607142857142857,-0.180357142857143,0.325,0.00453464931195485,1,closed_loop_monte_carlo,ok,ok,-2579.9514759837
A1,Seasonal Forcing,ARX,I,/home/kaahin/degree_project/hybrid-epidemic-forecasting/results/partA/forecasts/partA_03_forecast_A1_ARX_I.mat,forecast_results,175,176,0.00134436735675455,0.00400474170791926,0.00306962849091235,0.000341069832323594,0.000333108357079046,0.000670189167351911,0,0.517857142857143,-0.269642857142857,0.358928571428571,0.00504959503577835,1,closed_loop_monte_carlo,ok,ok,-2693.08681504538
A1,Seasonal Forcing,ARX,I,/home/kaahin/degree_project/hybrid-epidemic-forecasting/results/partA/forecasts/partA_03_forecast_A1_ARX_I.mat,forecast_results,182,183,0.0010470383341863,0.00370639923269191,0.00288736828088979,0.000320818697876643,0.000328325970068097,0.00039789366624156,0,0.607142857142857,-0.180357142857143,0.298214285714286,0.00489989249985848,1,closed_loop_monte_carlo,ok,ok,-2805.85162681217
A1,Seasonal Forcing,ARX,I,/home/kaahin/degree_project/hybrid-epidemic-forecasting/results/partA/forecasts/partA_03_forecast_A1_ARX_I.mat,forecast_results,189,190,0.000876910714212061,0.00273946750508721,0.00215350563637632,0.000239278404041813,0.000330232303950565,0.000307400006219683,0,0.696428571428571,-0.0910714285714286,0.276785714285714,0.00488131245498812,1,closed_loop_monte_carlo,ok,ok,-2919.16014720709
A1,Seasonal Forcing,ARX,I,/home/kaahin/degree_project/hybrid-epidemic-forecasting/results/partA/forecasts/partA_03_forecast_A1_ARX_I.mat,forecast_results,196,197,0.000416092441009226,0.000766304788067618,0.000661607368386496,7.35119298207218e-05,0.000342580511188504,0,0,1,0.2125,0.2125,0.00488625718751709,1,closed_loop_monte_carlo,ok,ok,-3033.48505917873
A1,Seasonal Forcing,ARX,I,/home/kaahin/degree_project/hybrid-epidemic-forecasting/results/partA/forecasts/partA_03_forecast_A1_ARX_I.mat,forecast_results,203,204,0.000403707106833178,0.00081997466047859,0.00053722460577483,5.969162286387e-05,0.000344015483969308,0,0,1,0.2125,0.2125,0.00518427104597257,1,closed_loop_monte_carlo,ok,ok,-3148.65369529815
A1,Seasonal Forcing,ARX,I,/home/kaahin/degree_project/hybrid-epidemic-forecasting/results/partA/forecasts/partA_03_forecast_A1_ARX_I.mat,forecast_results,210,211,0.000669523924938605,0.00222329863521169,0.00163427780724492,0.000181586423027213,0.000410201297898766,0,7.77362040126262e-05,0.857142857142857,0.0696428571428571,0.2125,0.00567781669140604,1,closed_loop_monte_carlo,ok,ok,-3264.06274677132
A1,Seasonal Forcing,ARX,I,/home/kaahin/degree_project/hybrid-epidemic-forecasting/results/partA/forecasts/partA_03_forecast_A1_ARX_I.mat,forecast_results,217,218,0.00119789271626423,0.00394711825766964,0.00291008701315627,0.000323343001461807,0.000399963603034157,0,0.00047458611176827,0.607142857142857,-0.180357142857143,0.351785714285714,0.00579596577535556,1,closed_loop_monte_carlo,ok,ok,-3379.06376198047
A1,Seasonal Forcing,ARX,I,/home/kaahin/degree_project/hybrid-epidemic-forecasting/results/partA/forecasts/partA_03_forecast_A1_ARX_I.mat,forecast_results,224,225,0.00179624038924,0.00427747273594013,0.00327265996753604,0.000363628885281782,0.000327456538164348,0,0.00110515496579387,0.410714285714286,-0.376785714285714,0.473214285714286,0.00486878678557781,1,closed_loop_monte_carlo,ok,ok,-3493.31172294786
A1,Seasonal Forcing,ARX,I,/home/kaahin/degree_project/hybrid-epidemic-forecasting/results/partA/forecasts/partA_03_forecast_A1_ARX_I.mat,forecast_results,231,232,0.00194509800272218,0.00489386676366876,0.00377439512118135,0.000419377235686817,0.000396603105607776,0,0.00112911766142759,0.357142857142857,-0.430357142857143,0.505357142857143,0.00568935178515445,1,closed_loop_monte_carlo,ok,ok,-3606.90148118685
A1,Seasonal Forcing,ARX,I,/home/kaahin/degree_project/hybrid-epidemic-forecasting/results/partA/forecasts/partA_03_forecast_A1_ARX_I.mat,forecast_results,238,239,0.00160547408952178,0.00440783794180878,0.00344660039531384,0.000382955599479316,0.00035703720755598,0,0.000865481282486481,0.428571428571429,-0.358928571428571,0.442857142857143,0.00539741621644572,1,closed_loop_monte_carlo,ok,ok,-3720.25216254723
A1,Seasonal Forcing,ARX,I,/home/kaahin/degree_project/hybrid-epidemic-forecasting/results/partA/forecasts/partA_03_forecast_A1_ARX_I.mat,forecast_results,245,246,0.00122390683241321,0.00369426304127173,0.00287332207235838,0.00031925800803982,0.00038594599182619,0,0.000518702832547199,0.428571428571429,-0.358928571428571,0.458928571428571,0.00543722444675845,1,closed_loop_monte_carlo,ok,ok,-3833.85766682795
A1,Seasonal Forcing,ARX,I,/home/kaahin/degree_project/hybrid-epidemic-forecasting/results/partA/forecasts/partA_03_forecast_A1_ARX_I.mat,forecast_results,252,253,0.00117046116797937,0.00315240075282999,0.00242794466659046,0.000269771629621163,0.000306715002139544,0,0.000593974536218667,0.392857142857143,-0.394642857142857,0.473214285714286,0.00435999989258141,1,closed_loop_monte_carlo,ok,ok,-3948.0643531102
A1,Seasonal Forcing,ARX,I,/home/kaahin/degree_project/hybrid-epidemic-forecasting/results/partA/forecasts/partA_03_forecast_A1_ARX_I.mat,forecast_results,259,260,0.000975957928445734,0.00292124485713642,0.00224698120126551,0.00024966457791839,0.000279808601215306,0,0.000446484749312038,0.464285714285714,-0.323214285714286,0.405357142857143,0.00418650131074398,1,closed_loop_monte_carlo,ok,ok,-4062.96842303812
A1,Seasonal Forcing,ARX,I,/home/kaahin/degree_project/hybrid-epidemic-forecasting/results/partA/forecasts/partA_03_forecast_A1_ARX_I.mat,forecast_results,266,267,0.000759243541482826,0.00252326284610215,0.00194688515974503,0.000216320573305003,0.000275146361039169,0,0.000267776607138653,0.660714285714286,-0.126785714285714,0.269642857142857,0.00424317642363663,1,closed_loop_monte_carlo,ok,ok,-4178.4335479342
A1,Seasonal Forcing,ARX,I,/home/kaahin/degree_project/hybrid-epidemic-forecasting/results/partA/forecasts/partA_03_forecast_A1_ARX_I.mat,forecast_results,273,274,0.000701223376024786,0.00252526848619953,0.00188691542848678,0.000209657269831865,0.000248705333979737,0,0.000242860772213184,0.642857142857143,-0.144642857142857,0.310714285714286,0.00349433306542043,1,closed_loop_monte_carlo,ok,ok,-4294.14989236976
A1,Seasonal Forcing,ARX,I,/home/kaahin/degree_project/hybrid-epidemic-forecasting/results/partA/forecasts/partA_03_forecast_A1_ARX_I.mat,forecast_results,280,281,0.00137288838535707,0.00335164346679666,0.00255491096900977,0.000283878996556642,0.000215322296375034,0,0.000873687092425389,0.392857142857143,-0.394642857142857,0.475,0.00320024172067244,1,closed_loop_monte_carlo,ok,ok,-4409.58410004186
A1,Seasonal Forcing,ARX,I,/home/kaahin/degree_project/hybrid-epidemic-forecasting/results/partA/forecasts/partA_03_forecast_A1_ARX_I.mat,forecast_results,287,288,0.00235620400539102,0.00502874828476417,0.00383411661928898,0.000426012957698776,0.000236654904204855,0,0.00169353614348739,0.142857142857143,-0.644642857142857,0.669642857142857,0.00349169603607229,1,closed_loop_monte_carlo,ok,ok,-4523.67462629773
A1,Seasonal Forcing,ARX,I,/home/kaahin/degree_project/hybrid-epidemic-forecasting/results/partA/forecasts/partA_03_forecast_A1_ARX_I.mat,forecast_results,294,295,0.00346871443339786,0.00611289707632385,0.0046604709349603,0.000517830103884478,0.000226526601198525,0,0.00272435772831486,0.0892857142857143,-0.698214285714286,0.714285714285714,0.0033603665497318,1,closed_loop_monte_carlo,ok,ok,-4634.40647707
A1,Seasonal Forcing,ARX,I,/home/kaahin/degree_project/hybrid-epidemic-forecasting/results/partA/forecasts/partA_03_forecast_A1_ARX_I.mat,forecast_results,301,302,0.00472897831484249,0.00769304228042933,0.00587578230329304,0.000652864700365893,0.000217756698052062,0,0.00385835691642454,0.0357142857142857,-0.751785714285714,0.757142857142857,0.0032880602075422,1,closed_loop_monte_carlo,ok,ok,-4739.04580122422
A1,Seasonal Forcing,ARX,I,/home/kaahin/degree_project/hybrid-epidemic-forecasting/results/partA/forecasts/partA_03_forecast_A1_ARX_I.mat,forecast_results,308,309,0.00537689889082641,0.00813824341940377,0.00626176416998876,0.000695751574443196,0.000207026007329773,0,0.00447412130905345,0,-0.7875,0.7875,0.00302850975711957,1,closed_loop_monte_carlo,ok,ok,-4836.03761285859
A1,Seasonal Forcing,ARX,I,/home/kaahin/degree_project/hybrid-epidemic-forecasting/results/partA/forecasts/partA_03_forecast_A1_ARX_I.mat,forecast_results,315,316,0.00529780440997135,0.00857515299156696,0.00660077938197969,0.000733419931331077,0.000218326796346702,0,0.00434605768229357,0,-0.7875,0.7875,0.00329722321033124,1,closed_loop_monte_carlo,ok,ok,-4927.69011556315
A1,Seasonal Forcing,ARX,I,/home/kaahin/degree_project/hybrid-epidemic-forecasting/results/partA/forecasts/partA_03_forecast_A1_ARX_I.mat,forecast_results,322,323,0.00459901476689182,0.00751549490947516,0.00581139077508736,0.000645710086120817,0.000238715094769074,0,0.00371458958600193,0,-0.7875,0.7875,0.00344677933723719,1,closed_loop_monte_carlo,ok,ok,-5020.17392702083
A1,Seasonal Forcing,ARX,I,/home/kaahin/degree_project/hybrid-epidemic-forecasting/results/partA/forecasts/partA_03_forecast_A1_ARX_I.mat,forecast_results,329,330,0.00287458886662539,0.00508493249020717,0.0039976060875397,0.000444178454171078,0.000237080471561397,0,0.00219332994089291,0,-0.7875,0.7875,0.00363880401761901,1,closed_loop_monte_carlo,ok,ok,-5119.52977655033
A1,Seasonal Forcing,ARX,I,/home/kaahin/degree_project/hybrid-epidemic-forecasting/results/partA/forecasts/partA_03_forecast_A1_ARX_I.mat,forecast_results,336,337,0.000763925721328271,0.00221651387450902,0.00178380006861224,0.000198200007623583,0.000275633682002794,0,0.000290092031701894,0.321428571428571,-0.466071428571429,0.508928571428571,0.00409397589230005,1,closed_loop_monte_carlo,ok,ok,-5227.55598535913
A1,Seasonal Forcing,ARX,I,/home/kaahin/degree_project/hybrid-epidemic-forecasting/results/partA/forecasts/partA_03_forecast_A1_ARX_I.mat,forecast_results,343,344,0.000303005112780853,0.000342567769444962,0.000182853914117368,2.03171015685964e-05,0.000282688011212257,0,0,1,0.2125,0.2125,0.00408818049470605,1,closed_loop_monte_carlo,ok,ok,-5341.54807759796
A1,Seasonal Forcing,ARX,I,/home/kaahin/degree_project/hybrid-epidemic-forecasting/results/partA/forecasts/partA_03_forecast_A1_ARX_I.mat,forecast_results,350,351,0.000616202562657297,0.00209123645043647,0.00156354230639155,0.000173726922932395,0.00027162923534201,0.000170846404382892,0,0.714285714285714,-0.0732142857142857,0.233928571428571,0.00407205506495133,1,closed_loop_monte_carlo,ok,ok,-5457.42201971224
A2,Policy Intervention,ARX,I,/home/kaahin/degree_project/hybrid-epidemic-forecasting/results/partA/forecasts/partA_03_forecast_A2_ARX_I.mat,forecast_results,49,50,3.61298292870872e-14,6.7279567636584e-14,3.61298292870872e-14,4.01442547634303e-15,0,3.21154038107442e-14,0,0.0714285714285714,-0.716071428571429,0.746428571428572,0,1,closed_loop_monte_carlo,persistence_fallback,ok,Inf
A2,Policy Intervention,ARX,I,/home/kaahin/degree_project/hybrid-epidemic-forecasting/results/partA/forecasts/partA_03_forecast_A2_ARX_I.mat,forecast_results,56,57,1.19816854850439e-12,2.22856486924912e-12,1.19816854850439e-12,1.3312983872271e-13,0,1.06503870978168e-12,0,0,-0.7875,0.7875,0,1,closed_loop_monte_carlo,persistence_fallback,ok,Inf
A2,Policy Intervention,ARX,I,/home/kaahin/degree_project/hybrid-epidemic-forecasting/results/partA/forecasts/partA_03_forecast_A2_ARX_I.mat,forecast_results,63,64,3.96757388847797e-11,7.37989075060521e-11,3.96757388847797e-11,4.40841543164219e-12,0,3.52673234531375e-11,0,0,-0.7875,0.7875,0,1,closed_loop_monte_carlo,persistence_fallback,ok,Inf
A2,Policy Intervention,ARX,I,/home/kaahin/degree_project/hybrid-epidemic-forecasting/results/partA/forecasts/partA_03_forecast_A2_ARX_I.mat,forecast_results,70,71,1.31388032200062e-09,2.4438852668814e-09,1.31388032200062e-09,1.45986702444514e-10,0,1.16789361955611e-09,0,0,-0.7875,0.7875,0,1,closed_loop_monte_carlo,persistence_fallback,ok,Inf
A2,Policy Intervention,ARX,I,/home/kaahin/degree_project/hybrid-epidemic-forecasting/results/partA/forecasts/partA_03_forecast_A2_ARX_I.mat,forecast_results,77,78,4.35097311513033e-08,8.09303501354723e-08,4.35097311513033e-08,4.83441457236703e-09,0,3.86753165789363e-08,0,0,-0.7875,0.7875,0,1,closed_loop_monte_carlo,persistence_fallback,ok,Inf
A2,Policy Intervention,ARX,I,/home/kaahin/degree_project/hybrid-epidemic-forecasting/results/partA/forecasts/partA_03_forecast_A2_ARX_I.mat,forecast_results,84,85,1.4408380575632e-06,2.68002974126829e-06,1.4408380575632e-06,1.60093117507022e-07,0,1.28074494005618e-06,0,0,-0.7875,0.7875,0,1,closed_loop_monte_carlo,persistence_fallback,ok,Inf
A2,Policy Intervention,ARX,I,/home/kaahin/degree_project/hybrid-epidemic-forecasting/results/partA/forecasts/partA_03_forecast_A2_ARX_I.mat,forecast_results,91,92,4.93579467341834e-09,1.25856601518152e-08,4.93598263849395e-09,5.48442515388216e-10,2.76613828844127e-14,0,4.38732449664724e-09,0,-0.7875,0.7875,4.61464200185446e-13,1,closed_loop_monte_carlo,ok,ok,-6348.52919758856
A2,Policy Intervention,ARX,I,/home/kaahin/degree_project/hybrid-epidemic-forecasting/results/partA/forecasts/partA_03_forecast_A2_ARX_I.mat,forecast_results,98,99,5.36340827278157e-06,1.3659640271117e-05,5.36341513443109e-06,5.95935014936788e-07,1.16391809770436e-11,0,4.76746161866381e-06,0,-0.7875,0.7875,2.44984009269343e-10,1,closed_loop_monte_carlo,ok,ok,-5517.01755158929
A2,Policy Intervention,ARX,I,/home/kaahin/degree_project/hybrid-epidemic-forecasting/results/partA/forecasts/partA_03_forecast_A2_ARX_I.mat,forecast_results,105,106,0.00455069473005353,0.0111378805182534,0.00455075350104855,0.000505639277894283,1.56047626348025e-08,0,0.00404503984739661,0,-0.7875,0.7875,3.04557329577904e-07,1,closed_loop_monte_carlo,ok,ok,-4430.8866123617
A2,Policy Intervention,ARX,I,/home/kaahin/degree_project/hybrid-epidemic-forecasting/results/partA/forecasts/partA_03_forecast_A2_ARX_I.mat,forecast_results,112,113,0.241995873149361,0.390036989551847,0.241997700992772,0.0268886334436414,1.58083353717381e-06,0,0.215105658872182,0,-0.7875,0.7875,2.88893532498806e-05,1,closed_loop_monte_carlo,ok,ok,-3151.67217259879
A2,Policy Intervention,ARX,I,/home/kaahin/degree_project/hybrid-epidemic-forecasting/results/partA/forecasts/partA_03_forecast_A2_ARX_I.mat,forecast_results,119,120,0.499002270744611,0.569918369670214,0.498994774020482,0.0554438637800535,5.70035638222086e-05,0,0.443501403400735,0,-0.7875,0.7875,0.00111124700085969,1,closed_loop_monte_carlo,ok,ok,-1754.70753682564
A2,Policy Intervention,ARX,I,/home/kaahin/degree_project/hybrid-epidemic-forecasting/results/partA/forecasts/partA_03_forecast_A2_ARX_I.mat,forecast_results,126,127,0.186483573418139,0.251384182412921,0.219669755886004,0.0244077506540005,0.00447068590693483,0,0.157605136857203,0,-0.7875,0.7875,0.0794788748261544,1,closed_loop_monte_carlo,ok,ok,-1015.29743021999
A2,Policy Intervention,ARX,I,/home/kaahin/degree_project/hybrid-epidemic-forecasting/results/partA/forecasts/partA_03_forecast_A2_ARX_I.mat,forecast_results,133,134,0.0292432260587051,0.0843091159556932,0.0644960892703986,0.0071662321411554,0.00787660094386269,0.014200392973687,0,0.517857142857143,-0.269642857142857,0.358928571428571,0.126260885415213,1,closed_loop_monte_carlo,ok,ok,-1039.50449505238
A2,Policy Intervention,ARX,I,/home/kaahin/degree_project/hybrid-epidemic-forecasting/results/partA/forecasts/partA_03_forecast_A2_ARX_I.mat,forecast_results,140,141,0.02328585980143,0.0753206312730086,0.0597932879430967,0.00664369866034408,0.00844837162097816,0.00819378952010772,0,0.678571428571429,-0.108928571428571,0.255357142857143,0.141111496803842,1,closed_loop_monte_carlo,ok,ok,-1100.45923229048
A2,Policy Intervention,ARX,I,/home/kaahin/degree_project/hybrid-epidemic-forecasting/results/partA/forecasts/partA_03_forecast_A2_ARX_I.mat,forecast_results,147,148,0.0183410440875516,0.0672186939358056,0.0520818997283387,0.00578687774759319,0.00690629407092328,0.00564787226903511,0,0.732142857142857,-0.0553571428571429,0.223214285714286,0.112463934004217,1,closed_loop_monte_carlo,ok,ok,-1161.51431296779
A2,Policy Intervention,ARX,I,/home/kaahin/degree_project/hybrid-epidemic-forecasting/results/partA/forecasts/partA_03_forecast_A2_ARX_I.mat,forecast_results,154,155,0.0158707683965283,0.0540106825909353,0.0427805125310737,0.00475339028123041,0.00764067175130794,0.00347670636398996,0,0.75,-0.0375,0.2125,0.123622756386814,1,closed_loop_monte_carlo,ok,ok,-1223.15594342677
A2,Policy Intervention,ARX,I,/home/kaahin/degree_project/hybrid-epidemic-forecasting/results/partA/forecasts/partA_03_forecast_A2_ARX_I.mat,forecast_results,161,162,0.0144627210296637,0.0457430929755314,0.0367174665526876,0.00407971850585417,0.00636216914772277,0.00402083337608676,0,0.714285714285714,-0.0732142857142857,0.233928571428571,0.110833998121532,1,closed_loop_monte_carlo,ok,ok,-1285.30710868793
A2,Policy Intervention,ARX,I,/home/kaahin/degree_project/hybrid-epidemic-forecasting/results/partA/forecasts/partA_03_forecast_A2_ARX_I.mat,forecast_results,168,169,0.0145109812674633,0.0419064163295419,0.0324967612244669,0.00361075124716299,0.00726057124278179,0.00363965877751847,0,0.75,-0.0375,0.2125,0.121593594935522,1,closed_loop_monte_carlo,ok,ok,-1347.87689824946
A2,Policy Intervention,ARX,I,/home/kaahin/degree_project/hybrid-epidemic-forecasting/results/partA/forecasts/partA_03_forecast_A2_ARX_I.mat,forecast_results,175,176,0.012504287841441,0.0387748132802693,0.0303486345819294,0.00337207050910327,0.00705660770851589,0.00207560962382179,0,0.767857142857143,-0.0196428571428571,0.2125,0.118294288247365,1,closed_loop_monte_carlo,ok,ok,-1410.80693033897
A2,Policy Intervention,ARX,I,/home/kaahin/degree_project/hybrid-epidemic-forecasting/results/partA/forecasts/partA_03_forecast_A2_ARX_I.mat,forecast_results,182,183,0.0113164283581858,0.0389237240751924,0.0305929199340217,0.00339921332600241,0.00621210099944312,0.00170511403274026,0,0.75,-0.0375,0.223214285714286,0.101533145658503,1,closed_loop_monte_carlo,ok,ok,-1474.05901633331
A2,Policy Intervention,ARX,I,/home/kaahin/degree_project/hybrid-epidemic-forecasting/results/partA/forecasts/partA_03_forecast_A2_ARX_I.mat,forecast_results,189,190,0.0134427246734419,0.0353600326843049,0.0268950148514512,0.00298833498349458,0.00742711109233148,0.00302727859761583,0,0.767857142857143,-0.0196428571428571,0.2125,0.135141901752721,1,closed_loop_monte_carlo,ok,ok,-1537.6064345036
A2,Policy Intervention,ARX,I,/home/kaahin/degree_project/hybrid-epidemic-forecasting/results/partA/forecasts/partA_03_forecast_A2_ARX_I.mat,forecast_results,196,197,0.0104699227913539,0.0332093650382275,0.0263704242901173,0.00293004714334637,0.00517199876617206,0.00236787688183549,0,0.75,-0.0375,0.2125,0.0869221658218458,1,closed_loop_monte_carlo,ok,ok,-1601.42927428911
A2,Policy Intervention,ARX,I,/home/kaahin/degree_project/hybrid-epidemic-forecasting/results/partA/forecasts/partA_03_forecast_A2_ARX_I.mat,forecast_results,203,204,0.0117039570371342,0.0350312836838384,0.0269014392262951,0.00298904880292168,0.00584669674094114,0.00286821149327142,0,0.767857142857143,-0.0196428571428571,0.2125,0.110092586376061,1,closed_loop_monte_carlo,ok,ok,-1665.51191066838
A2,Policy Intervention,ARX,I,/home/kaahin/degree_project/hybrid-epidemic-forecasting/results/partA/forecasts/partA_03_forecast_A2_ARX_I.mat,forecast_results,210,211,0.00910245220659664,0.0280097502133986,0.0219693054500906,0.00244103393889896,0.00434643187743228,0.0023149863902654,0,0.714285714285714,-0.0732142857142857,0.233928571428571,0.0759549582835806,1,closed_loop_monte_carlo,ok,ok,-1729.84156539378
A2,Policy Intervention,ARX,I,/home/kaahin/degree_project/hybrid-epidemic-forecasting/results/partA/forecasts/partA_03_forecast_A2_ARX_I.mat,forecast_results,217,218,0.0097625113748945,0.0271202658538006,0.0212831760039261,0.00236479733376957,0.00513817494117137,0.00225953909995356,0,0.75,-0.0375,0.2125,0.0880239337007061,1,closed_loop_monte_carlo,ok,ok,-1794.40744430254
A2,Policy Intervention,ARX,I,/home/kaahin/degree_project/hybrid-epidemic-forecasting/results/partA/forecasts/partA_03_forecast_A2_ARX_I.mat,forecast_results,224,225,0.00973813312132322,0.0276201287455251,0.0213043771752336,0.0023671530194704,0.00664050132333319,0.000730478778519624,0,0.785714285714286,-0.00178571428571429,0.2125,0.116622696012597,1,closed_loop_monte_carlo,ok,ok,-1859.20019494858
A2,Policy Intervention,ARX,I,/home/kaahin/degree_project/hybrid-epidemic-forecasting/results/partA/forecasts/partA_03_forecast_A2_ARX_I.mat,forecast_results,231,232,0.00883368319326107,0.0255340161382377,0.0200706966125021,0.00223007740138912,0.00596759400003528,0.000636011791836657,0,0.767857142857143,-0.0196428571428571,0.2125,0.106048862061856,1,closed_loop_monte_carlo,ok,ok,-1924.2115509518
A2,Policy Intervention,ARX,I,/home/kaahin/degree_project/hybrid-epidemic-forecasting/results/partA/forecasts/partA_03_forecast_A2_ARX_I.mat,forecast_results,238,239,0.00992987654895437,0.0281915472720383,0.0218069696813724,0.0024229966312636,0.00498871067500143,0.00251816924268933,0,0.75,-0.0375,0.2125,0.0899419740416531,1,closed_loop_monte_carlo,ok,ok,-1989.43409004568
A2,Policy Intervention,ARX,I,/home/kaahin/degree_project/hybrid-epidemic-forecasting/results/partA/forecasts/partA_03_forecast_A2_ARX_I.mat,forecast_results,245,246,0.00932543890123715,0.0225956234851802,0.0174930269316206,0.00194366965906895,0.00547962213849439,0.0019021471036738,0,0.75,-0.0375,0.2125,0.107382370439911,1,closed_loop_monte_carlo,ok,ok,-2054.86106413018
A2,Policy Intervention,ARX,I,/home/kaahin/degree_project/hybrid-epidemic-forecasting/results/partA/forecasts/partA_03_forecast_A2_ARX_I.mat,forecast_results,252,253,0.0106729407283999,0.0295703761152717,0.0225718526324617,0.00250798362582908,0.00541258753408579,0.002752369568485,0,0.625,-0.1625,0.2875,0.0980560348614636,1,closed_loop_monte_carlo,ok,ok,-2120.48627652812
A2,Policy Intervention,ARX,I,/home/kaahin/degree_project/hybrid-epidemic-forecasting/results/partA/forecasts/partA_03_forecast_A2_ARX_I.mat,forecast_results,259,260,0.00974377379823856,0.0218410866075775,0.016989448911853,0.00188771654576144,0.00682572678054408,0.00103033047193304,0,0.732142857142857,-0.0553571428571429,0.223214285714286,0.12252112357881,1,closed_loop_monte_carlo,ok,ok,-2186.30399112614
A2,Policy Intervention,ARX,I,/home/kaahin/degree_project/hybrid-epidemic-forecasting/results/partA/forecasts/partA_03_forecast_A2_ARX_I.mat,forecast_results,266,267,0.00907183273297055,0.0215455976970104,0.0164909007824392,0.00183232230915991,0.00556057663366035,0.00167893379015029,0,0.696428571428571,-0.0910714285714286,0.244642857142857,0.102706100417969,1,closed_loop_monte_carlo,ok,ok,-2252.30886361346
A2,Policy Intervention,ARX,I,/home/kaahin/degree_project/hybrid-epidemic-forecasting/results/partA/forecasts/partA_03_forecast_A2_ARX_I.mat,forecast_results,273,274,0.0108451084328862,0.0234627814799679,0.0181384401161059,0.00201538223512288,0.0066423422200702,0.00218738397769311,0,0.714285714285714,-0.0732142857142857,0.233928571428571,0.124757360886623,1,closed_loop_monte_carlo,ok,ok,-2318.49588837771
A2,Policy Intervention,ARX,I,/home/kaahin/degree_project/hybrid-epidemic-forecasting/results/partA/forecasts/partA_03_forecast_A2_ARX_I.mat,forecast_results,280,281,0.00718267748518739,0.0200594794802478,0.0155701300714223,0.00173001445238026,0.00336783584704305,0.00208482718576408,0,0.571428571428571,-0.216071428571429,0.326785714285714,0.0659495917843298,1,closed_loop_monte_carlo,ok,ok,-2384.86035670968
A2,Policy Intervention,ARX,I,/home/kaahin/degree_project/hybrid-epidemic-forecasting/results/partA/forecasts/partA_03_forecast_A2_ARX_I.mat,forecast_results,287,288,0.00870470403475333,0.0222658413322016,0.0168357121327701,0.00187063468141889,0.00465919177058405,0.00217487758275039,0,0.732142857142857,-0.0553571428571429,0.223214285714286,0.0882454081225051,1,closed_loop_monte_carlo,ok,ok,-2451.39782331643
A2,Policy Intervention,ARX,I,/home/kaahin/degree_project/hybrid-epidemic-forecasting/results/partA/forecasts/partA_03_forecast_A2_ARX_I.mat,forecast_results,294,295,0.00716384894300536,0.0188345636687208,0.0147746936876791,0.00164163263196435,0.00441732518016983,0.00110489113087118,0,0.660714285714286,-0.126785714285714,0.269642857142857,0.0863088583545545,1,closed_loop_monte_carlo,ok,ok,-2518.10407903437
A2,Policy Intervention,ARX,I,/home/kaahin/degree_project/hybrid-epidemic-forecasting/results/partA/forecasts/partA_03_forecast_A2_ARX_I.mat,forecast_results,301,302,0.00553722002484147,0.0177348478652023,0.013905111165798,0.00154501235175533,0.00322050492024097,0.000771702752845161,0,0.696428571428571,-0.0910714285714286,0.248214285714286,0.0584955203446911,1,closed_loop_monte_carlo,ok,ok,-2584.9751282374
A2,Policy Intervention,ARX,I,/home/kaahin/degree_project/hybrid-epidemic-forecasting/results/partA/forecasts/partA_03_forecast_A2_ARX_I.mat,forecast_results,308,309,0.00755176309239723,0.0202213439803994,0.0157141479205869,0.00174601643562077,0.00253117538847558,0.00327457126830089,0,0.482142857142857,-0.305357142857143,0.376785714285714,0.051125868077195,1,closed_loop_monte_carlo,ok,ok,-2652.0071698509
A2,Policy Intervention,ARX,I,/home/kaahin/degree_project/hybrid-epidemic-forecasting/results/partA/forecasts/partA_03_forecast_A2_ARX_I.mat,forecast_results,315,316,0.00696647815570165,0.0180902879719572,0.0142138684512897,0.00157931871680996,0.00432891758435543,0.00105824185453626,0,0.696428571428571,-0.0910714285714286,0.248214285714286,0.0826519007003018,1,closed_loop_monte_carlo,ok,ok,-2719.19658117452
A2,Policy Intervention,ARX,I,/home/kaahin/degree_project/hybrid-epidemic-forecasting/results/partA/forecasts/partA_03_forecast_A2_ARX_I.mat,forecast_results,322,323,0.00773075976498268,0.0190669808514364,0.0151419346410064,0.00168243718233404,0.0048003812477538,0.00124794133489484,0,0.714285714285714,-0.0732142857142857,0.248214285714286,0.0906526731728342,1,closed_loop_monte_carlo,ok,ok,-2786.53990392318
A2,Policy Intervention,ARX,I,/home/kaahin/degree_project/hybrid-epidemic-forecasting/results/partA/forecasts/partA_03_forecast_A2_ARX_I.mat,forecast_results,329,330,0.00796395588840555,0.0208884540491094,0.0161370830988644,0.00179300923320716,0.00405828773779304,0.00211265891740535,0,0.607142857142857,-0.180357142857143,0.310714285714286,0.0781493547135137,1,closed_loop_monte_carlo,ok,ok,-2854.03383204481
A2,Policy Intervention,ARX,I,/home/kaahin/degree_project/hybrid-epidemic-forecasting/results/partA/forecasts/partA_03_forecast_A2_ARX_I.mat,forecast_results,336,337,0.00745174739587111,0.0198480839987923,0.0153373719320572,0.00170415243689525,0.00359197767048652,0.00215561728848934,0,0.607142857142857,-0.180357142857143,0.310714285714286,0.0702917772788576,1,closed_loop_monte_carlo,ok,ok,-2921.67520098036
A2,Policy Intervention,ARX,I,/home/kaahin/degree_project/hybrid-epidemic-forecasting/results/partA/forecasts/partA_03_forecast_A2_ARX_I.mat,forecast_results,343,344,0.00817400986965268,0.0197090795809676,0.0150661950325244,0.00167402167028049,0.00431602588242822,0.00218396231694397,0,0.625,-0.1625,0.2875,0.0868406161317545,1,closed_loop_monte_carlo,ok,ok,-2989.46097811123
A2,Policy Intervention,ARX,I,/home/kaahin/degree_project/hybrid-epidemic-forecasting/results/partA/forecasts/partA_03_forecast_A2_ARX_I.mat,forecast_results,350,351,0.00723790123443318,0.0160043689766841,0.0126503223795935,0.00140559137551039,0.00427345311667168,0.00155885674225111,0,0.696428571428571,-0.0910714285714286,0.244642857142857,0.085339898665092,1,closed_loop_monte_carlo,ok,ok,-3057.38825419637
A3,Damping Resurgence,ARX,I,/home/kaahin/degree_project/hybrid-epidemic-forecasting/results/partA/forecasts/partA_03_forecast_A3_ARX_I.mat,forecast_results,49,50,0.0382755332733932,0.0591296727726895,0.0429552698537834,0.00477280776153149,0.000845819675486372,0.0326569058363754,0,0,-0.7875,0.7875,0.0131119124060559,1,closed_loop_monte_carlo,ok,ok,-694.171552258203
A3,Damping Resurgence,ARX,I,/home/kaahin/degree_project/hybrid-epidemic-forecasting/results/partA/forecasts/partA_03_forecast_A3_ARX_I.mat,forecast_results,56,57,0.0135006635637281,0.0230958698184518,0.0182903332209051,0.00203225924676724,0.00111285579379873,0.0103555485231622,0,0,-0.7875,0.7875,0.0157982474284765,1,closed_loop_monte_carlo,ok,ok,-772.535052178768
A3,Damping Resurgence,ARX,I,/home/kaahin/degree_project/hybrid-epidemic-forecasting/results/partA/forecasts/partA_03_forecast_A3_ARX_I.mat,forecast_results,63,64,0.0114139393707005,0.0257351972549503,0.0167738258176748,0.00186375842418609,0.00113573001218728,0,0.00841445093432716,0.517857142857143,-0.269642857142857,0.453571428571429,0.016751409770236,1,closed_loop_monte_carlo,ok,ok,-870.212620492973
A3,Damping Resurgence,ARX,I,/home/kaahin/degree_project/hybrid-epidemic-forecasting/results/partA/forecasts/partA_03_forecast_A3_ARX_I.mat,forecast_results,70,71,0.0503737426463769,0.0765541516666135,0.0561862691896527,0.00624291879885029,0.00104669214339741,0,0.0430841317041292,0.0178571428571429,-0.769642857142857,0.771428571428572,0.0144793292648267,1,closed_loop_monte_carlo,ok,ok,-968.319679722375
A3,Damping Resurgence,ARX,I,/home/kaahin/degree_project/hybrid-epidemic-forecasting/results/partA/forecasts/partA_03_forecast_A3_ARX_I.mat,forecast_results,77,78,0.0721961484418151,0.103199271591578,0.0786122834051976,0.00873469815613307,0.00102679644760286,0,0.0624346538380791,0,-0.7875,0.7875,0.0151046240758798,1,closed_loop_monte_carlo,ok,ok,-1034.72334627926
A3,Damping Resurgence,ARX,I,/home/kaahin/degree_project/hybrid-epidemic-forecasting/results/partA/forecasts/partA_03_forecast_A3_ARX_I.mat,forecast_results,84,85,0.0676824249354259,0.0969762750670113,0.0749141295141543,0.00832379216823937,0.00122314545324322,0,0.0581354873139433,0,-0.7875,0.7875,0.0179992797685263,1,closed_loop_monte_carlo,ok,ok,-1080.80020923803
A3,Damping Resurgence,ARX,I,/home/kaahin/degree_project/hybrid-epidemic-forecasting/results/partA/forecasts/partA_03_forecast_A3_ARX_I.mat,forecast_results,91,92,0.0606621412910195,0.0869354226654534,0.0670827730918147,0.00745364145464608,0.00110704762888143,0,0.052101452207492,0,-0.7875,0.7875,0.0168112289421168,1,closed_loop_monte_carlo,ok,ok,-1130.07442181255
A3,Damping Resurgence,ARX,I,/home/kaahin/degree_project/hybrid-epidemic-forecasting/results/partA/forecasts/partA_03_forecast_A3_ARX_I.mat,forecast_results,98,99,0.0651737882878921,0.0930964918010363,0.0716380877949785,0.00795978753277539,0.00109585353973282,0,0.0561181472153839,0,-0.7875,0.7875,0.0165580514911435,1,closed_loop_monte_carlo,ok,ok,-1180.30378935727
A3,Damping Resurgence,ARX,I,/home/kaahin/degree_project/hybrid-epidemic-forecasting/results/partA/forecasts/partA_03_forecast_A3_ARX_I.mat,forecast_results,105,106,0.0668568121586103,0.0979529619061715,0.075616466661032,0.00840182962900356,0.00152496052540259,0,0.0569300220042041,0,-0.7875,0.7875,0.0226550520439275,1,closed_loop_monte_carlo,ok,ok,-1221.40311978348
A3,Damping Resurgence,ARX,I,/home/kaahin/degree_project/hybrid-epidemic-forecasting/results/partA/forecasts/partA_03_forecast_A3_ARX_I.mat,forecast_results,112,113,0.0360217667089686,0.0632261871730964,0.0500765912471183,0.00556406569412426,0.0022076694288802,0,0.0282500315859642,0.0357142857142857,-0.751785714285714,0.757142857142857,0.0319700519375217,1,closed_loop_monte_carlo,ok,ok,-1267.27966702686
A3,Damping Resurgence,ARX,I,/home/kaahin/degree_project/hybrid-epidemic-forecasting/results/partA/forecasts/partA_03_forecast_A3_ARX_I.mat,forecast_results,119,120,0.0110552999277032,0.0335691736629059,0.0204647673750487,0.00227386304167207,0.0026536870632724,0.00612774982275877,0,0.678571428571429,-0.108928571428571,0.357142857142857,0.0377929156438557,1,closed_loop_monte_carlo,ok,ok,-1341.50449263158
A3,Damping Resurgence,ARX,I,/home/kaahin/degree_project/hybrid-epidemic-forecasting/results/partA/forecasts/partA_03_forecast_A3_ARX_I.mat,forecast_results,126,127,0.0694336024563201,0.12186004659913,0.0873974166677135,0.00971082407419039,0.00327104323668648,0.0564517351454432,0,0.0892857142857143,-0.698214285714286,0.716071428571429,0.0481239572418312,1,closed_loop_monte_carlo,ok,ok,-1425.51878534454
A3,Damping Resurgence,ARX,I,/home/kaahin/degree_project/hybrid-epidemic-forecasting/results/partA/forecasts/partA_03_forecast_A3_ARX_I.mat,forecast_results,133,134,0.104889654814107,0.171410417757026,0.12563523797195,0.0139594708857722,0.00388025488624574,0.0870499290420891,0,0,-0.7875,0.7875,0.05784377155783,1,closed_loop_monte_carlo,ok,ok,-1498.6553544279
A3,Damping Resurgence,ARX,I,/home/kaahin/degree_project/hybrid-epidemic-forecasting/results/partA/forecasts/partA_03_forecast_A3_ARX_I.mat,forecast_results,140,141,0.127288811874162,0.199155584496518,0.146844408800916,0.016316045422324,0.0045994408872656,0.106373325564572,0,0,-0.7875,0.7875,0.0660441003370117,1,closed_loop_monte_carlo,ok,ok,-1563.53284020245
A3,Damping Resurgence,ARX,I,/home/kaahin/degree_project/hybrid-epidemic-forecasting/results/partA/forecasts/partA_03_forecast_A3_ARX_I.mat,forecast_results,147,148,0.103914729021068,0.166108494738372,0.125764785857642,0.0139738650952936,0.0042287062364871,0.0857121576892869,0,0,-0.7875,0.7875,0.0598173099949306,1,closed_loop_monte_carlo,ok,ok,-1626.74839915618
A3,Damping Resurgence,ARX,I,/home/kaahin/degree_project/hybrid-epidemic-forecasting/results/partA/forecasts/partA_03_forecast_A3_ARX_I.mat,forecast_results,154,155,0.0305753338163287,0.0589330688168409,0.046792450924136,0.00519916121379289,0.00352068628081488,0.0218554863217209,0,0.0714285714285714,-0.716071428571429,0.725,0.0508267990186268,1,closed_loop_monte_carlo,ok,ok,-1698.73997330633
A3,Damping Resurgence,ARX,I,/home/kaahin/degree_project/hybrid-epidemic-forecasting/results/partA/forecasts/partA_03_forecast_A3_ARX_I.mat,forecast_results,161,162,0.00429111250532986,0.0137692799050604,0.00905822856168725,0.00100646984018747,0.0028930375332248,0,0.000391605131917587,0.928571428571429,0.141071428571429,0.2125,0.0448228571650602,1,closed_loop_monte_carlo,ok,ok,-1780.58119496388
A3,Damping Resurgence,ARX,I,/home/kaahin/degree_project/hybrid-epidemic-forecasting/results/partA/forecasts/partA_03_forecast_A3_ARX_I.mat,forecast_results,168,169,0.0184271074605986,0.0444374228294837,0.0329915886743033,0.00366573207492258,0.00241767653951932,0,0.0123436988461567,0.392857142857143,-0.394642857142857,0.494642857142857,0.0346205575083482,1,closed_loop_monte_carlo,ok,ok,-1864.84316105435
A3,Damping Resurgence,ARX,I,/home/kaahin/degree_project/hybrid-epidemic-forecasting/results/partA/forecasts/partA_03_forecast_A3_ARX_I.mat,forecast_results,175,176,0.039458816826141,0.0680982221558125,0.0522080256985966,0.00580089174428851,0.0020173384482628,0,0.0316405866335897,0.0714285714285714,-0.716071428571429,0.726785714285714,0.0298074423221447,1,closed_loop_monte_carlo,ok,ok,-1945.22308301776
A3,Damping Resurgence,ARX,I,/home/kaahin/degree_project/hybrid-epidemic-forecasting/results/partA/forecasts/partA_03_forecast_A3_ARX_I.mat,forecast_results,182,183,0.0334973131018356,0.0634766664801384,0.0499337490189112,0.00554819433543458,0.00246207446514601,0,0.025487044301255,0.0535714285714286,-0.733928571428571,0.741071428571429,0.0358067950894439,1,closed_loop_monte_carlo,ok,ok,-2016.76981884339
A3,Damping Resurgence,ARX,I,/home/kaahin/degree_project/hybrid-epidemic-forecasting/results/partA/forecasts/partA_03_forecast_A3_ARX_I.mat,forecast_results,189,190,0.00344579726394649,0.00703003052562637,0.00618984352090267,0.000687760391211408,0.00258496414035472,0,0.00017307273238036,0.875,0.0875,0.2125,0.0363137655542572,1,closed_loop_monte_carlo,ok,ok,-2090.95564139312
A3,Damping Resurgence,ARX,I,/home/kaahin/degree_project/hybrid-epidemic-forecasting/results/partA/forecasts/partA_03_forecast_A3_ARX_I.mat,forecast_results,196,197,0.0307429789875147,0.0673470227583483,0.0483907085454382,0.00537674539393758,0.00369558264378709,0.0216706509497901,0,0.267857142857143,-0.519642857142857,0.592857142857143,0.052313553757002,1,closed_loop_monte_carlo,ok,ok,-2174.51282295183
A3,Damping Resurgence,ARX,I,/home/kaahin/degree_project/hybrid-epidemic-forecasting/results/partA/forecasts/partA_03_forecast_A3_ARX_I.mat,forecast_results,203,204,0.0448060008479184,0.0813790336717983,0.0616474566478795,0.00684971740531994,0.00368178684474911,0.0342744965978493,0,0.0714285714285714,-0.716071428571429,0.726785714285714,0.0528794420429874,1,closed_loop_monte_carlo,ok,ok,-2254.66798245241
A3,Damping Resurgence,ARX,I,/home/kaahin/degree_project/hybrid-epidemic-forecasting/results/partA/forecasts/partA_03_forecast_A3_ARX_I.mat,forecast_results,210,211,0.0380876287116626,0.0727661168179165,0.0554200481989101,0.00615778313321223,0.00414290893234173,0.0277869366461086,0,0.107142857142857,-0.680357142857143,0.7,0.0590555749819154,1,closed_loop_monte_carlo,ok,ok,-2331.79282620732
A3,Damping Resurgence,ARX,I,/home/kaahin/degree_project/hybrid-epidemic-forecasting/results/partA/forecasts/partA_03_forecast_A3_ARX_I.mat,forecast_results,217,218,0.0236719991364937,0.0526141977474112,0.0410636946922149,0.00456263274357943,0.00402990205394549,0.0150794643389688,0,0.214285714285714,-0.573214285714286,0.632142857142857,0.0588411880767002,1,closed_loop_monte_carlo,ok,ok,-2410.78724227566
A3,Damping Resurgence,ARX,I,/home/kaahin/degree_project/hybrid-epidemic-forecasting/results/partA/forecasts/partA_03_forecast_A3_ARX_I.mat,forecast_results,224,225,0.0172377848573661,0.0400032090392903,0.0316754865766991,0.00351949850852212,0.0031227713647433,0.0105955149841007,0,0.232142857142857,-0.555357142857143,0.617857142857143,0.0460283598206819,1,closed_loop_monte_carlo,ok,ok,-2491.08651478184
A3,Damping Resurgence,ARX,I,/home/kaahin/degree_project/hybrid-epidemic-forecasting/results/partA/forecasts/partA_03_forecast_A3_ARX_I.mat,forecast_results,231,232,0.00769081759155144,0.0225941842122305,0.0190276781752499,0.00211418646391665,0.00247284842723497,0.00310378270039981,0,0.625,-0.1625,0.298214285714286,0.0373466737258739,1,closed_loop_monte_carlo,ok,ok,-2572.54607106371
A3,Damping Resurgence,ARX,I,/home/kaahin/degree_project/hybrid-epidemic-forecasting/results/partA/forecasts/partA_03_forecast_A3_ARX_I.mat,forecast_results,238,239,0.00411126136301548,0.0146074598196472,0.00925220938376153,0.00102802326486239,0.00233766142876373,0,0.000745576669389353,0.928571428571429,0.141071428571429,0.2125,0.03363751009479,1,closed_loop_monte_carlo,ok,ok,-2656.10051519014
A3,Damping Resurgence,ARX,I,/home/kaahin/degree_project/hybrid-epidemic-forecasting/results/partA/forecasts/partA_03_forecast_A3_ARX_I.mat,forecast_results,245,246,0.0264774109754145,0.0494999762852881,0.037645629411887,0.00418284771243189,0.00175854370852459,0,0.020536019554458,0.160714285714286,-0.626785714285714,0.653571428571428,0.0277052995203718,1,closed_loop_monte_carlo,ok,ok,-2740.57864262981
A3,Damping Resurgence,ARX,I,/home/kaahin/degree_project/hybrid-epidemic-forecasting/results/partA/forecasts/partA_03_forecast_A3_ARX_I.mat,forecast_results,252,253,0.0401446804286707,0.0679818993081368,0.0525369728440727,0.00583744142711918,0.00216010391039079,0,0.0321471350911608,0.0714285714285714,-0.716071428571429,0.730357142857143,0.0301087226313323,1,closed_loop_monte_carlo,ok,ok,-2815.39588578092
A3,Damping Resurgence,ARX,I,/home/kaahin/degree_project/hybrid-epidemic-forecasting/results/partA/forecasts/partA_03_forecast_A3_ARX_I.mat,forecast_results,259,260,0.0316569301004246,0.0555140396348542,0.044339635345538,0.00492662614950422,0.00219758098745278,0,0.0245327229634676,0,-0.7875,0.7875,0.0333030104737569,1,closed_loop_monte_carlo,ok,ok,-2879.01943633712
A3,Damping Resurgence,ARX,I,/home/kaahin/degree_project/hybrid-epidemic-forecasting/results/partA/forecasts/partA_03_forecast_A3_ARX_I.mat,forecast_results,266,267,0.00373460576922288,0.0064473858152114,0.00558178043180113,0.000620197825755681,0.00303600909729617,0,7.83988461710246e-05,0.875,0.0875,0.2125,0.0455762409846798,1,closed_loop_monte_carlo,ok,ok,-2953.28343493794
A3,Damping Resurgence,ARX,I,/home/kaahin/degree_project/hybrid-epidemic-forecasting/results/partA/forecasts/partA_03_forecast_A3_ARX_I.mat,forecast_results,273,274,0.0140069283317506,0.0400118749237873,0.0291306192323121,0.0032367354702569,0.00325140833302184,0.00751878452847187,0,0.517857142857143,-0.269642857142857,0.417857142857143,0.0455688127665092,1,closed_loop_monte_carlo,ok,ok,-3037.40053119773
A3,Damping Resurgence,ARX,I,/home/kaahin/degree_project/hybrid-epidemic-forecasting/results/partA/forecasts/partA_03_forecast_A3_ARX_I.mat,forecast_results,280,281,0.0214272500427895,0.0506367620084347,0.0395227699512681,0.00439141888347423,0.00375755373472216,0.0132782774245931,0,0.285714285714286,-0.501785714285714,0.557142857142857,0.0526935514305937,1,closed_loop_monte_carlo,ok,ok,-3120.44483763462
A3,Damping Resurgence,ARX,I,/home/kaahin/degree_project/hybrid-epidemic-forecasting/results/partA/forecasts/partA_03_forecast_A3_ARX_I.mat,forecast_results,287,288,0.021508087182017,0.0500276737123207,0.0384744217538238,0.00427493575042487,0.00307528893033002,0.0141578625012621,0,0.339285714285714,-0.448214285714286,0.525,0.0453878943779789,1,closed_loop_monte_carlo,ok,ok,-3201.91206595607
A3,Damping Resurgence,ARX,I,/home/kaahin/degree_project/hybrid-epidemic-forecasting/results/partA/forecasts/partA_03_forecast_A3_ARX_I.mat,forecast_results,294,295,0.0212566560148134,0.0461278668370437,0.0362943870656965,0.00403270967396628,0.00293053149448398,0.0142934148463632,0,0.214285714285714,-0.573214285714286,0.617857142857143,0.041133196593866,1,closed_loop_monte_carlo,ok,ok,-3283.24940669779
A3,Damping Resurgence,ARX,I,/home/kaahin/degree_project/hybrid-epidemic-forecasting/results/partA/forecasts/partA_03_forecast_A3_ARX_I.mat,forecast_results,301,302,0.0139016661136994,0.0375725505840941,0.0296253295596661,0.00329170328440734,0.00241595563454865,0.00819400719474339,0,0.410714285714286,-0.376785714285714,0.467857142857143,0.0355047223702865,1,closed_loop_monte_carlo,ok,ok,-3364.60043528091
A3,Damping Resurgence,ARX,I,/home/kaahin/degree_project/hybrid-epidemic-forecasting/results/partA/forecasts/partA_03_forecast_A3_ARX_I.mat,forecast_results,308,309,0.0104779032230504,0.0254664843224597,0.0203206653330724,0.00225785170367471,0.00214493256140039,0.00607511895797534,0,0.267857142857143,-0.519642857142857,0.571428571428571,0.0300170761040609,1,closed_loop_monte_carlo,ok,ok,-3446.07008396227
A3,Damping Resurgence,ARX,I,/home/kaahin/degree_project/hybrid-epidemic-forecasting/results/partA/forecasts/partA_03_forecast_A3_ARX_I.mat,forecast_results,315,316,0.00507473407676765,0.0170344474442052,0.0134905125895639,0.00149894584328488,0.00197746070902035,0.00159832752446242,0,0.732142857142857,-0.0553571428571429,0.233928571428571,0.0301285015514288,1,closed_loop_monte_carlo,ok,ok,-3528.5450943292
A3,Damping Resurgence,ARX,I,/home/kaahin/degree_project/hybrid-epidemic-forecasting/results/partA/forecasts/partA_03_forecast_A3_ARX_I.mat,forecast_results,322,323,0.00471853708315385,0.0165274130829903,0.0124370824980218,0.00138189805533575,0.00156180517803834,0.00177483384977976,0,0.678571428571429,-0.108928571428571,0.280357142857143,0.0237977456866661,1,closed_loop_monte_carlo,ok,ok,-3612.50578982715
A3,Damping Resurgence,ARX,I,/home/kaahin/degree_project/hybrid-epidemic-forecasting/results/partA/forecasts/partA_03_forecast_A3_ARX_I.mat,forecast_results,329,330,0.0110459360116304,0.0265873999563387,0.0197075375735706,0.0021897263970634,0.00162622770218759,0.0072299819123794,0,0.375,-0.4125,0.505357142857143,0.025386731898642,1,closed_loop_monte_carlo,ok,ok,-3696.62217431259
A3,Damping Resurgence,ARX,I,/home/kaahin/degree_project/hybrid-epidemic-forecasting/results/partA/forecasts/partA_03_forecast_A3_ARX_I.mat,forecast_results,336,337,0.0276294601982292,0.0474721201235956,0.0361738351990385,0.00401931502211539,0.00146927364101874,0.0221408715350951,0,0.0535714285714286,-0.733928571428571,0.741071428571429,0.0215092265846434,1,closed_loop_monte_carlo,ok,ok,-3776.8383327291
A3,Damping Resurgence,ARX,I,/home/kaahin/degree_project/hybrid-epidemic-forecasting/results/partA/forecasts/partA_03_forecast_A3_ARX_I.mat,forecast_results,343,344,0.0341388487064261,0.0568033033942001,0.0432957402499629,0.00481063780555143,0.00183282937666719,0.0274953815242075,0,0,-0.7875,0.7875,0.0264918670146083,1,closed_loop_monte_carlo,ok,ok,-3846.96912501305
A3,Damping Resurgence,ARX,I,/home/kaahin/degree_project/hybrid-epidemic-forecasting/results/partA/forecasts/partA_03_forecast_A3_ARX_I.mat,forecast_results,350,351,0.0380279949956584,0.0592014518449207,0.0452562731091052,0.00502847478990058,0.00136421158591858,0.0316353086198392,0,0,-0.7875,0.7875,0.0204300585091056,1,closed_loop_monte_carlo,ok,ok,-3908.56371736809
A4,Amplifying Resurgence,ARX,I,/home/kaahin/degree_project/hybrid-epidemic-forecasting/results/partA/forecasts/partA_03_forecast_A4_ARX_I.mat,forecast_results,49,50,0.0366508891568452,0.0574566302082491,0.041213910148081,0.00457932334978677,0.000761544776539599,0.0313100210305189,0,0,-0.7875,0.7875,0.0112364644245477,1,closed_loop_monte_carlo,ok,ok,-703.069569748277
A4,Amplifying Resurgence,ARX,I,/home/kaahin/degree_project/hybrid-epidemic-forecasting/results/partA/forecasts/partA_03_forecast_A4_ARX_I.mat,forecast_results,56,57,0.0225894138191919,0.0382687712187931,0.0292388909123434,0.00324876565692704,0.00118953738750384,0.018151110774761,0,0,-0.7875,0.7875,0.0161011613355515,1,closed_loop_monte_carlo,ok,ok,-774.903638514271
A4,Amplifying Resurgence,ARX,I,/home/kaahin/degree_project/hybrid-epidemic-forecasting/results/partA/forecasts/partA_03_forecast_A4_ARX_I.mat,forecast_results,63,64,0.00194874964143005,0.00570784048764295,0.00505429743573742,0.000561588603970825,0.00110694161978394,0.000280219417675286,0,0.75,-0.0375,0.244642857142857,0.0154563124772833,1,closed_loop_monte_carlo,ok,ok,-864.668033208539
A4,Amplifying Resurgence,ARX,I,/home/kaahin/degree_project/hybrid-epidemic-forecasting/results/partA/forecasts/partA_03_forecast_A4_ARX_I.mat,forecast_results,70,71,0.0156535737648364,0.0294152665870262,0.0209489350166793,0.0023276594462977,0.000891043640764762,0,0.012434870677774,0.285714285714286,-0.501785714285714,0.5875,0.0135359865575386,1,closed_loop_monte_carlo,ok,ok,-966.43201663971
A4,Amplifying Resurgence,ARX,I,/home/kaahin/degree_project/hybrid-epidemic-forecasting/results/partA/forecasts/partA_03_forecast_A4_ARX_I.mat,forecast_results,77,78,0.0361930773450512,0.0547768207163264,0.041274616056474,0.00458606845071934,0.000905330395610204,0,0.0307016784987217,0,-0.7875,0.7875,0.012740292906361,1,closed_loop_monte_carlo,ok,ok,-1060.35007492642
A4,Amplifying Resurgence,ARX,I,/home/kaahin/degree_project/hybrid-epidemic-forecasting/results/partA/forecasts/partA_03_forecast_A4_ARX_I.mat,forecast_results,84,85,0.0455152721041116,0.065255420272229,0.0498980058424623,0.0055442228713847,0.000776586926144241,0,0.0391944623065826,0,-0.7875,0.7875,0.0115330581853202,1,closed_loop_monte_carlo,ok,ok,-1127.14543716967
A4,Amplifying Resurgence,ARX,I,/home/kaahin/degree_project/hybrid-epidemic-forecasting/results/partA/forecasts/partA_03_forecast_A4_ARX_I.mat,forecast_results,91,92,0.0521815464495607,0.0738896884122473,0.0568387637714793,0.00631541819683103,0.000884204920813038,0,0.0449819233319167,0,-0.7875,0.7875,0.0120609189198184,1,closed_loop_monte_carlo,ok,ok,-1174.27496968711
A4,Amplifying Resurgence,ARX,I,/home/kaahin/degree_project/hybrid-epidemic-forecasting/results/partA/forecasts/partA_03_forecast_A4_ARX_I.mat,forecast_results,98,99,0.0609507013438805,0.0903005129829894,0.0696720942739235,0.00774134380821372,0.0012302451499039,0,0.0519791123857628,0,-0.7875,0.7875,0.01795612110708,1,closed_loop_monte_carlo,ok,ok,-1208.01091503734
A4,Amplifying Resurgence,ARX,I,/home/kaahin/degree_project/hybrid-epidemic-forecasting/results/partA/forecasts/partA_03_forecast_A4_ARX_I.mat,forecast_results,105,106,0.074182850807783,0.106980115283903,0.0830993412680213,0.00923326014089125,0.00140792312011563,0,0.0635416675467762,0,-0.7875,0.7875,0.0198565971550662,1,closed_loop_monte_carlo,ok,ok,-1227.79065762203
A4,Amplifying Resurgence,ARX,I,/home/kaahin/degree_project/hybrid-epidemic-forecasting/results/partA/forecasts/partA_03_forecast_A4_ARX_I.mat,forecast_results,112,113,0.0591424583799794,0.0948866272719275,0.0742644478496304,0.0082516053166256,0.00211121085543543,0,0.0487796422079183,0,-0.7875,0.7875,0.0300602011933375,1,closed_loop_monte_carlo,ok,ok,-1254.84928065778
A4,Amplifying Resurgence,ARX,I,/home/kaahin/degree_project/hybrid-epidemic-forecasting/results/partA/forecasts/partA_03_forecast_A4_ARX_I.mat,forecast_results,119,120,0.00821415795313762,0.0263790436342033,0.0224221663078774,0.00249135181198637,0.00280887931137353,0,0.00291392682977772,0.553571428571429,-0.233928571428571,0.333928571428571,0.0397081185145009,1,closed_loop_monte_carlo,ok,ok,-1315.45536758771
A4,Amplifying Resurgence,ARX,I,/home/kaahin/degree_project/hybrid-epidemic-forecasting/results/partA/forecasts/partA_03_forecast_A4_ARX_I.mat,forecast_results,126,127,0.0209854928725832,0.0559634131366255,0.0390025503770569,0.00433361670856188,0.00346362505399637,0.013188251110025,0,0.482142857142857,-0.305357142857143,0.448214285714286,0.0506925873697649,1,closed_loop_monte_carlo,ok,ok,-1397.997308188
A4,Amplifying Resurgence,ARX,I,/home/kaahin/degree_project/hybrid-epidemic-forecasting/results/partA/forecasts/partA_03_forecast_A4_ARX_I.mat,forecast_results,133,134,0.0495272630074612,0.0934025957411404,0.0694701160186448,0.00771890177984942,0.00433924288511028,0.0374691183425015,0,0.107142857142857,-0.680357142857143,0.7,0.0619184662978904,1,closed_loop_monte_carlo,ok,ok,-1480.04777631492
A4,Amplifying Resurgence,ARX,I,/home/kaahin/degree_project/hybrid-epidemic-forecasting/results/partA/forecasts/partA_03_forecast_A4_ARX_I.mat,forecast_results,140,141,0.0568294124294538,0.0991057044880657,0.0746062748354108,0.00828958609282342,0.00361813822709494,0.0449216881095355,0,0.0357142857142857,-0.751785714285714,0.757142857142857,0.0516823200319021,1,closed_loop_monte_carlo,ok,ok,-1558.07583911496
A4,Amplifying Resurgence,ARX,I,/home/kaahin/degree_project/hybrid-epidemic-forecasting/results/partA/forecasts/partA_03_forecast_A4_ARX_I.mat,forecast_results,147,148,0.0375646939476236,0.0701269725781529,0.0543077721912629,0.00603419691014032,0.00350168169747426,0.0280288153400091,0,0.0535714285714286,-0.733928571428571,0.741071428571429,0.0527296249290662,1,closed_loop_monte_carlo,ok,ok,-1635.46593320858
A4,Amplifying Resurgence,ARX,I,/home/kaahin/degree_project/hybrid-epidemic-forecasting/results/partA/forecasts/partA_03_forecast_A4_ARX_I.mat,forecast_results,154,155,0.005970163881454,0.0162540305377954,0.0137695775377055,0.00152995305974505,0.00325268584049661,0.00118752498121234,0,0.767857142857143,-0.0196428571428571,0.2125,0.0441327355546628,1,closed_loop_monte_carlo,ok,ok,-1716.24795591911
A4,Amplifying Resurgence,ARX,I,/home/kaahin/degree_project/hybrid-epidemic-forecasting/results/partA/forecasts/partA_03_forecast_A4_ARX_I.mat,forecast_results,161,162,0.00799426611486517,0.0250349931759039,0.0181470924346975,0.00201634360385528,0.00226048616119582,0,0.00371743634981407,0.678571428571429,-0.108928571428571,0.335714285714286,0.0319312322818522,1,closed_loop_monte_carlo,ok,ok,-1800.82930660008
A4,Amplifying Resurgence,ARX,I,/home/kaahin/degree_project/hybrid-epidemic-forecasting/results/partA/forecasts/partA_03_forecast_A4_ARX_I.mat,forecast_results,168,169,0.0249771645869236,0.0525521303806036,0.039178867165118,0.00435320746279088,0.00235801118381842,0,0.0182659459403143,0.25,-0.5375,0.5875,0.0332204175181811,1,closed_loop_monte_carlo,ok,ok,-1885.29796068343
A4,Amplifying Resurgence,ARX,I,/home/kaahin/degree_project/hybrid-epidemic-forecasting/results/partA/forecasts/partA_03_forecast_A4_ARX_I.mat,forecast_results,175,176,0.0421361769686491,0.0725999345229257,0.0553358970577709,0.00614843300641898,0.0022600469173562,0,0.0337276970448739,0.107142857142857,-0.680357142857143,0.7,0.0311755951659169,1,closed_loop_monte_carlo,ok,ok,-1963.84443065527
A4,Amplifying Resurgence,ARX,I,/home/kaahin/degree_project/hybrid-epidemic-forecasting/results/partA/forecasts/partA_03_forecast_A4_ARX_I.mat,forecast_results,182,183,0.033544068565015,0.0672528954211544,0.0527409283368838,0.00586010314854264,0.00250386088410708,0,0.0251801045323653,0.0714285714285714,-0.716071428571429,0.730357142857143,0.0364973696670373,1,closed_loop_monte_carlo,ok,ok,-2032.12099939128
A4,Amplifying Resurgence,ARX,I,/home/kaahin/degree_project/hybrid-epidemic-forecasting/results/partA/forecasts/partA_03_forecast_A4_ARX_I.mat,forecast_results,189,190,0.00356910680190635,0.0073145457224669,0.00655035882718116,0.000727817647464573,0.00272694080945448,0,0.000114348344987298,0.892857142857143,0.105357142857143,0.2125,0.041007789647926,1,closed_loop_monte_carlo,ok,ok,-2104.89400137143
A4,Amplifying Resurgence,ARX,I,/home/kaahin/degree_project/hybrid-epidemic-forecasting/results/partA/forecasts/partA_03_forecast_A4_ARX_I.mat,forecast_results,196,197,0.0305023947963341,0.0749869568169276,0.0529559393459737,0.00588399326066374,0.00397943019433084,0.0206389713413396,0,0.285714285714286,-0.501785714285714,0.571428571428571,0.0589663863963055,1,closed_loop_monte_carlo,ok,ok,-2188.82324728805
A4,Amplifying Resurgence,ARX,I,/home/kaahin/degree_project/hybrid-epidemic-forecasting/results/partA/forecasts/partA_03_forecast_A4_ARX_I.mat,forecast_results,203,204,0.0814133863400407,0.13796246310782,0.100494088888228,0.0111660098764698,0.0043682085653767,0.0658791678981942,0,0.0535714285714286,-0.733928571428571,0.746428571428572,0.0621929381142783,1,closed_loop_monte_carlo,ok,ok,-2268.70557882507
A4,Amplifying Resurgence,ARX,I,/home/kaahin/degree_project/hybrid-epidemic-forecasting/results/partA/forecasts/partA_03_forecast_A4_ARX_I.mat,forecast_results,210,211,0.107591795203355,0.176637567995029,0.129476268116531,0.0143862520129478,0.00433555022652688,0.0888699929638801,0,0.0357142857142857,-0.751785714285714,0.757142857142857,0.0683013072141011,1,closed_loop_monte_carlo,ok,ok,-2340.29966285382
A4,Amplifying Resurgence,ARX,I,/home/kaahin/degree_project/hybrid-epidemic-forecasting/results/partA/forecasts/partA_03_forecast_A4_ARX_I.mat,forecast_results,217,218,0.121494115827931,0.196802765063035,0.147660886593702,0.016406765177078,0.00467736509843759,0.100409985552415,0,0,-0.7875,0.7875,0.0663034692963396,1,closed_loop_monte_carlo,ok,ok,-2405.18871774471
A4,Amplifying Resurgence,ARX,I,/home/kaahin/degree_project/hybrid-epidemic-forecasting/results/partA/forecasts/partA_03_forecast_A4_ARX_I.mat,forecast_results,224,225,0.0725123627377088,0.114659125445533,0.0903185927402508,0.0100353991933612,0.00342739486357718,0.0590495686807704,0,0.0357142857142857,-0.751785714285714,0.757142857142857,0.0519425678857604,1,closed_loop_monte_carlo,ok,ok,-2469.62325614224
A4,Amplifying Resurgence,ARX,I,/home/kaahin/degree_project/hybrid-epidemic-forecasting/results/partA/forecasts/partA_03_forecast_A4_ARX_I.mat,forecast_results,231,232,0.0048307743054305,0.0144345130727952,0.0124830477349316,0.00138700530388129,0.00252537998816781,0.000918389013381401,0,0.696428571428571,-0.0910714285714286,0.244642857142857,0.039638401753374,1,closed_loop_monte_carlo,ok,ok,-2544.32600958953
A4,Amplifying Resurgence,ARX,I,/home/kaahin/degree_project/hybrid-epidemic-forecasting/results/partA/forecasts/partA_03_forecast_A4_ARX_I.mat,forecast_results,238,239,0.00813436524162152,0.0274593378928234,0.0194101712760267,0.0021566856973363,0.002435577859915,0,0.00354210168437021,0.696428571428571,-0.0910714285714286,0.330357142857143,0.0349010828352609,1,closed_loop_monte_carlo,ok,ok,-2627.40647773115
A4,Amplifying Resurgence,ARX,I,/home/kaahin/degree_project/hybrid-epidemic-forecasting/results/partA/forecasts/partA_03_forecast_A4_ARX_I.mat,forecast_results,245,246,0.0417952284544895,0.0714387056985676,0.0547416257955569,0.00608240286617299,0.00209435640821094,0,0.0336184691801056,0.125,-0.6625,0.685714285714286,0.0296658987042804,1,closed_loop_monte_carlo,ok,ok,-2709.31429551135
A4,Amplifying Resurgence,ARX,I,/home/kaahin/degree_project/hybrid-epidemic-forecasting/results/partA/forecasts/partA_03_forecast_A4_ARX_I.mat,forecast_results,252,253,0.0625502356314138,0.0985566310356511,0.0765857321499833,0.00850952579444259,0.00210138603490968,0,0.0519393238020615,0,-0.7875,0.7875,0.0314467079833598,1,closed_loop_monte_carlo,ok,ok,-2775.1663228538
A4,Amplifying Resurgence,ARX,I,/home/kaahin/degree_project/hybrid-epidemic-forecasting/results/partA/forecasts/partA_03_forecast_A4_ARX_I.mat,forecast_results,259,260,0.0522090607471363,0.08425716320593,0.0663178868095863,0.00736865408995403,0.00276267245065743,0,0.0420777342065249,0,-0.7875,0.7875,0.0404436757304961,1,closed_loop_monte_carlo,ok,ok,-2826.73540846495
A4,Amplifying Resurgence,ARX,I,/home/kaahin/degree_project/hybrid-epidemic-forecasting/results/partA/forecasts/partA_03_forecast_A4_ARX_I.mat,forecast_results,266,267,0.00875639007980387,0.0275092493935863,0.0232147433561211,0.0025794159284579,0.00354573168592102,0,0.00263124246542496,0.571428571428571,-0.216071428571429,0.323214285714286,0.0506201020729998,1,closed_loop_monte_carlo,ok,ok,-2893.53194325993
A4,Amplifying Resurgence,ARX,I,/home/kaahin/degree_project/hybrid-epidemic-forecasting/results/partA/forecasts/partA_03_forecast_A4_ARX_I.mat,forecast_results,273,274,0.00503923466643767,0.0121645919936566,0.00847901251992459,0.000942112502213843,0.00409712216422382,0,0,1,0.2125,0.2125,0.0615131782010374,1,closed_loop_monte_carlo,ok,ok,-2974.80552124797
A4,Amplifying Resurgence,ARX,I,/home/kaahin/degree_project/hybrid-epidemic-forecasting/results/partA/forecasts/partA_03_forecast_A4_ARX_I.mat,forecast_results,280,281,0.00601997823864227,0.0174024124922029,0.0127874103952835,0.00142082337725372,0.00454252819303827,5.66266683502804e-05,0,0.964285714285714,0.176785714285714,0.2125,0.0645996287533567,1,closed_loop_monte_carlo,ok,ok,-3057.96465827081
A4,Amplifying Resurgence,ARX,I,/home/kaahin/degree_project/hybrid-epidemic-forecasting/results/partA/forecasts/partA_03_forecast_A4_ARX_I.mat,forecast_results,287,288,0.00777492121545306,0.0278880850219564,0.0216796638576216,0.00240885153973573,0.00477610531181046,0.000589964363906878,0,0.910714285714286,0.123214285714286,0.2125,0.0671729030106608,1,closed_loop_monte_carlo,ok,ok,-3140.91905932493
A4,Amplifying Resurgence,ARX,I,/home/kaahin/degree_project/hybrid-epidemic-forecasting/results/partA/forecasts/partA_03_forecast_A4_ARX_I.mat,forecast_results,294,295,0.00511215138357902,0.0134628076475046,0.0106380355803408,0.0011820039533712,0.00393014743020781,0,0,1,0.2125,0.2125,0.0598669162415203,1,closed_loop_monte_carlo,ok,ok,-3224.09014782083
A4,Amplifying Resurgence,ARX,I,/home/kaahin/degree_project/hybrid-epidemic-forecasting/results/partA/forecasts/partA_03_forecast_A4_ARX_I.mat,forecast_results,301,302,0.00538906630619355,0.0161457937925965,0.0130830028491669,0.00145366698324077,0.00322618867631379,0.000709210646638996,0,0.839285714285714,0.0517857142857143,0.2125,0.0498635241337586,1,closed_loop_monte_carlo,ok,ok,-3307.43263512625
A4,Amplifying Resurgence,ARX,I,/home/kaahin/degree_project/hybrid-epidemic-forecasting/results/partA/forecasts/partA_03_forecast_A4_ARX_I.mat,forecast_results,308,309,0.00345175603227165,0.00736743998838249,0.00603997002763662,0.000671107780848513,0.00278064825142314,0,0,1,0.2125,0.2125,0.0390640427530592,1,closed_loop_monte_carlo,ok,ok,-3390.87181655903
A4,Amplifying Resurgence,ARX,I,/home/kaahin/degree_project/hybrid-epidemic-forecasting/results/partA/forecasts/partA_03_forecast_A4_ARX_I.mat,forecast_results,315,316,0.00201834591025568,0.000819428212541719,0.000689833407703114,7.66481564114571e-05,0.00194169775384423,0,0,1,0.2125,0.2125,0.0275394378525064,1,closed_loop_monte_carlo,ok,ok,-3474.64804117388
A4,Amplifying Resurgence,ARX,I,/home/kaahin/degree_project/hybrid-epidemic-forecasting/results/partA/forecasts/partA_03_forecast_A4_ARX_I.mat,forecast_results,322,323,0.00202260195621925,0.0025343488506951,0.00150583674466631,0.000167315193851812,0.00185528676236744,0,0,1,0.2125,0.2125,0.026857406509126,1,closed_loop_monte_carlo,ok,ok,-3558.87741282469
A4,Amplifying Resurgence,ARX,I,/home/kaahin/degree_project/hybrid-epidemic-forecasting/results/partA/forecasts/partA_03_forecast_A4_ARX_I.mat,forecast_results,329,330,0.00584879990094519,0.0171780502925963,0.0121390265413003,0.00134878072681114,0.00153295872046967,0.00296706045366437,0,0.589285714285714,-0.198214285714286,0.3875,0.0219110506331014,1,closed_loop_monte_carlo,ok,ok,-3643.27153633716
A4,Amplifying Resurgence,ARX,I,/home/kaahin/degree_project/hybrid-epidemic-forecasting/results/partA/forecasts/partA_03_forecast_A4_ARX_I.mat,forecast_results,336,337,0.0180586466271315,0.03384534895332,0.0249608207571621,0.00277342452857357,0.00160656267529872,0.0136786594232592,0,0.196428571428571,-0.591071428571429,0.633928571428571,0.0230101633369233,1,closed_loop_monte_carlo,ok,ok,-3726.23699496775
A4,Amplifying Resurgence,ARX,I,/home/kaahin/degree_project/hybrid-epidemic-forecasting/results/partA/forecasts/partA_03_forecast_A4_ARX_I.mat,forecast_results,343,344,0.0293346889208198,0.0506615472699315,0.0381202622652406,0.00423558469613785,0.00177619381268049,0.0233229104120014,0,0.0178571428571429,-0.769642857142857,0.771428571428572,0.0244134452838654,1,closed_loop_monte_carlo,ok,ok,-3802.0884347272
A4,Amplifying Resurgence,ARX,I,/home/kaahin/degree_project/hybrid-epidemic-forecasting/results/partA/forecasts/partA_03_forecast_A4_ARX_I.mat,forecast_results,350,351,0.0331153640464024,0.056419416947379,0.0430991652435749,0.00478879613817499,0.0017106175842323,0.0266159503239951,0,0.0178571428571429,-0.769642857142857,0.771428571428572,0.024755471790015,1,closed_loop_monte_carlo,ok,ok,-3869.43956551415
