StrategyID,StrategyName,OrderTreatment,ParameterTreatment,DataSource,CountryCode,CountryName,Scenario,ScenarioName,Model,ExoMode,ForecastArtifact,ResultSource,WindowDay,WindowDate,WindowDayIdx,WindowWIS,WindowRawScaleWIS,WindowRMSE,WindowMAE,MeanWISMedianComponent,MeanWISDispersionComponent,MeanWISUnderpredictionComponent,MeanWISOverpredictionComponent,MeanCoverage,MeanCalibrationBias,MeanAbsoluteCalibrationError,MeanIntervalWidth,IsValid,IntervalMethod,IntervalStatus,RecordedStatus,AICC
fixed_parameters,Fixed-parameter transfer,Part A-selected order,Fit once on initial real-data calibration segment,WHO-derived COVID-19 daily cases,SE,Sweden,real,Sweden,AR,None,/home/kaahin/degree_project/hybrid-epidemic-forecasting/results/partC/forecasts/partC_forecast_fixed_parameters_AR_None.mat,forecast_results,812,2022-06-12,813,0.057983577399795,0.057983577399795,0.173858259845668,0.134149118142942,0.014905457571438,0.0330486034643518,0.000718211130784182,0.00931130523322102,0.821428571428571,0.0339285714285714,0.233928571428571,0.485234049465484,1,fixed_parameter_log_normal,fixed_parameter_log_normal,ok,-2324.58424782691
fixed_parameters,Fixed-parameter transfer,Part A-selected order,Fit once on initial real-data calibration segment,WHO-derived COVID-19 daily cases,SE,Sweden,real,Sweden,AR,None,/home/kaahin/degree_project/hybrid-epidemic-forecasting/results/partC/forecasts/partC_forecast_fixed_parameters_AR_None.mat,forecast_results,819,2022-06-19,820,0.0834315629059869,0.0834315629059869,0.208206960193644,0.181936744792142,0.0202151938657935,0.0302627173879521,0,0.0329536516522413,0.660714285714286,-0.126785714285714,0.360714285714286,0.444366527812754,1,fixed_parameter_log_normal,fixed_parameter_log_normal,ok,-2324.58424782691
fixed_parameters,Fixed-parameter transfer,Part A-selected order,Fit once on initial real-data calibration segment,WHO-derived COVID-19 daily cases,SE,Sweden,real,Sweden,AR,None,/home/kaahin/degree_project/hybrid-epidemic-forecasting/results/partC/forecasts/partC_forecast_fixed_parameters_AR_None.mat,forecast_results,826,2022-06-26,827,0.0389541163049601,0.0389541163049601,0.0780510495331051,0.0557458660726111,0.00619398511917901,0.031115258535438,0,0.00164487265034309,0.946428571428571,0.158928571428571,0.2125,0.456870293322343,1,fixed_parameter_log_normal,fixed_parameter_log_normal,ok,-2324.58424782691
fixed_parameters,Fixed-parameter transfer,Part A-selected order,Fit once on initial real-data calibration segment,WHO-derived COVID-19 daily cases,SE,Sweden,real,Sweden,AR,None,/home/kaahin/degree_project/hybrid-epidemic-forecasting/results/partC/forecasts/partC_forecast_fixed_parameters_AR_None.mat,forecast_results,833,2022-07-03,834,0.0415581730403251,0.0415581730403251,0.0920079316977221,0.0813927465429675,0.00904363850477416,0.0320974916047143,0.000365453149403399,5.15897814332418e-05,0.964285714285714,0.176785714285714,0.2125,0.471283678406199,1,fixed_parameter_log_normal,fixed_parameter_log_normal,ok,-2324.58424782691
fixed_parameters,Fixed-parameter transfer,Part A-selected order,Fit once on initial real-data calibration segment,WHO-derived COVID-19 daily cases,SE,Sweden,real,Sweden,AR,None,/home/kaahin/degree_project/hybrid-epidemic-forecasting/results/partC/forecasts/partC_forecast_fixed_parameters_AR_None.mat,forecast_results,840,2022-07-10,841,0.0486695794494276,0.0486695794494276,0.130732049616591,0.117934046109536,0.0131037829010596,0.0292384503164727,0,0.00632734623189523,0.839285714285714,0.0517857142857143,0.223214285714286,0.429337628637881,1,fixed_parameter_log_normal,fixed_parameter_log_normal,ok,-2324.58424782691
fixed_parameters,Fixed-parameter transfer,Part A-selected order,Fit once on initial real-data calibration segment,WHO-derived COVID-19 daily cases,SE,Sweden,real,Sweden,AR,None,/home/kaahin/degree_project/hybrid-epidemic-forecasting/results/partC/forecasts/partC_forecast_fixed_parameters_AR_None.mat,forecast_results,847,2022-07-17,848,0.0370041010689222,0.0370041010689222,0.0569138997088711,0.0482203627876895,0.00535781808752105,0.0316462829814011,0,0,1,0.2125,0.2125,0.464663733210431,1,fixed_parameter_log_normal,fixed_parameter_log_normal,ok,-2324.58424782691
fixed_parameters,Fixed-parameter transfer,Part A-selected order,Fit once on initial real-data calibration segment,WHO-derived COVID-19 daily cases,SE,Sweden,real,Sweden,AR,None,/home/kaahin/degree_project/hybrid-epidemic-forecasting/results/partC/forecasts/partC_forecast_fixed_parameters_AR_None.mat,forecast_results,854,2022-07-24,855,0.0344101923688725,0.0344101923688725,0.0464818066289067,0.0418902382143812,0.00465447091270902,0.0296971578417102,5.85636144533242e-05,0,0.982142857142857,0.194642857142857,0.2125,0.436067251522803,1,fixed_parameter_log_normal,fixed_parameter_log_normal,ok,-2324.58424782691
fixed_parameters,Fixed-parameter transfer,Part A-selected order,Fit once on initial real-data calibration segment,WHO-derived COVID-19 daily cases,SE,Sweden,real,Sweden,AR,None,/home/kaahin/degree_project/hybrid-epidemic-forecasting/results/partC/forecasts/partC_forecast_fixed_parameters_AR_None.mat,forecast_results,861,2022-07-31,862,0.0341713455202073,0.0341713455202073,0.0534487945983397,0.0485223892300739,0.00539137658111932,0.0287799689390879,0,0,1,0.2125,0.2125,0.422611391290335,1,fixed_parameter_log_normal,fixed_parameter_log_normal,ok,-2324.58424782691
fixed_parameters,Fixed-parameter transfer,Part A-selected order,Fit once on initial real-data calibration segment,WHO-derived COVID-19 daily cases,SE,Sweden,real,Sweden,AR,None,/home/kaahin/degree_project/hybrid-epidemic-forecasting/results/partC/forecasts/partC_forecast_fixed_parameters_AR_None.mat,forecast_results,868,2022-08-07,869,0.0324075152739803,0.0324075152739803,0.0263121350336113,0.0233679171296077,0.00259643523662308,0.0298110800373573,0,0,1,0.2125,0.2125,0.437739272473883,1,fixed_parameter_log_normal,fixed_parameter_log_normal,ok,-2324.58424782691
fixed_parameters,Fixed-parameter transfer,Part A-selected order,Fit once on initial real-data calibration segment,WHO-derived COVID-19 daily cases,SE,Sweden,real,Sweden,AR,None,/home/kaahin/degree_project/hybrid-epidemic-forecasting/results/partC/forecasts/partC_forecast_fixed_parameters_AR_None.mat,forecast_results,875,2022-08-14,876,0.0434379396953292,0.0434379396953292,0.115424372177616,0.0824466748741304,0.00916074165268115,0.0297725398079558,0.00450465823469224,0,0.928571428571429,0.141071428571429,0.2125,0.437173793156125,1,fixed_parameter_log_normal,fixed_parameter_log_normal,ok,-2324.58424782691
fixed_parameters,Fixed-parameter transfer,Part A-selected order,Fit once on initial real-data calibration segment,WHO-derived COVID-19 daily cases,SE,Sweden,real,Sweden,AR,None,/home/kaahin/degree_project/hybrid-epidemic-forecasting/results/partC/forecasts/partC_forecast_fixed_parameters_AR_None.mat,forecast_results,882,2022-08-21,883,0.0426913226977827,0.0426913226977827,0.100501667866617,0.0821825368789541,0.00913139298655045,0.0282654175718652,0.00529451213936705,0,0.857142857142857,0.0696428571428571,0.233928571428571,0.41506012181927,1,fixed_parameter_log_normal,fixed_parameter_log_normal,ok,-2324.58424782691
fixed_parameters,Fixed-parameter transfer,Part A-selected order,Fit once on initial real-data calibration segment,WHO-derived COVID-19 daily cases,SE,Sweden,real,Sweden,AR,None,/home/kaahin/degree_project/hybrid-epidemic-forecasting/results/partC/forecasts/partC_forecast_fixed_parameters_AR_None.mat,forecast_results,889,2022-08-28,890,0.0329129124066004,0.0329129124066004,0.0613605028396612,0.0568448015410679,0.00631608906011866,0.0263262169314165,0,0.000270606415065221,0.982142857142857,0.194642857142857,0.2125,0.386608338613798,1,fixed_parameter_log_normal,fixed_parameter_log_normal,ok,-2324.58424782691
fixed_parameters,Fixed-parameter transfer,Part A-selected order,Fit once on initial real-data calibration segment,WHO-derived COVID-19 daily cases,SE,Sweden,real,Sweden,AR,None,/home/kaahin/degree_project/hybrid-epidemic-forecasting/results/partC/forecasts/partC_forecast_fixed_parameters_AR_None.mat,forecast_results,896,2022-09-04,897,0.032424410478005,0.032424410478005,0.0433358834528928,0.0372940171887027,0.00414377968763364,0.0282806307903714,0,0,1,0.2125,0.2125,0.415284971947047,1,fixed_parameter_log_normal,fixed_parameter_log_normal,ok,-2324.58424782691
fixed_parameters,Fixed-parameter transfer,Part A-selected order,Fit once on initial real-data calibration segment,WHO-derived COVID-19 daily cases,SE,Sweden,real,Sweden,AR,None,/home/kaahin/degree_project/hybrid-epidemic-forecasting/results/partC/forecasts/partC_forecast_fixed_parameters_AR_None.mat,forecast_results,903,2022-09-11,904,0.0335992284568346,0.0335992284568346,0.0327960363093106,0.0308224282894338,0.00342471425438153,0.0300691670858048,0.000105347116648223,0,0.982142857142857,0.194642857142857,0.2125,0.441527035769889,1,fixed_parameter_log_normal,fixed_parameter_log_normal,ok,-2324.58424782691
fixed_parameters,Fixed-parameter transfer,Part A-selected order,Fit once on initial real-data calibration segment,WHO-derived COVID-19 daily cases,SE,Sweden,real,Sweden,AR,None,/home/kaahin/degree_project/hybrid-epidemic-forecasting/results/partC/forecasts/partC_forecast_fixed_parameters_AR_None.mat,forecast_results,910,2022-09-18,911,0.226158154240486,0.226158154240486,0.635680172753741,0.254071808634366,0.0282302009593741,0.0289771213204832,0,0.168950831960628,0.857142857142857,0.0696428571428571,0.294642857142857,0.425503326627688,1,fixed_parameter_log_normal,fixed_parameter_log_normal,ok,-2324.58424782691
fixed_parameters,Fixed-parameter transfer,Part A-selected order,Fit once on initial real-data calibration segment,WHO-derived COVID-19 daily cases,SE,Sweden,real,Sweden,AR,None,/home/kaahin/degree_project/hybrid-epidemic-forecasting/results/partC/forecasts/partC_forecast_fixed_parameters_AR_None.mat,forecast_results,917,2022-09-25,918,0.455067418342879,0.455067418342879,0.829310593669514,0.567351066043476,0.063039007338164,0.0284960336121994,0.0545227234021834,0.309009653990332,0.482142857142857,-0.305357142857143,0.5,0.418444699004813,1,fixed_parameter_log_normal,fixed_parameter_log_normal,ok,-2324.58424782691
fixed_parameters,Fixed-parameter transfer,Part A-selected order,Fit once on initial real-data calibration segment,WHO-derived COVID-19 daily cases,SE,Sweden,real,Sweden,AR,None,/home/kaahin/degree_project/hybrid-epidemic-forecasting/results/partC/forecasts/partC_forecast_fixed_parameters_AR_None.mat,forecast_results,924,2022-10-02,925,0.609257834715639,0.609257834715639,0.894038477382254,0.822224655961842,0.0913582951068713,0.0459020198790157,0.471997519729752,0,0.0535714285714286,-0.733928571428571,0.746428571428572,0.673769111520741,1,fixed_parameter_log_normal,fixed_parameter_log_normal,ok,-2324.58424782691
fixed_parameters,Fixed-parameter transfer,Part A-selected order,Fit once on initial real-data calibration segment,WHO-derived COVID-19 daily cases,SE,Sweden,real,Sweden,AR,None,/home/kaahin/degree_project/hybrid-epidemic-forecasting/results/partC/forecasts/partC_forecast_fixed_parameters_AR_None.mat,forecast_results,931,2022-10-09,932,0.0853144970174775,0.0853144970174775,0.205053323550133,0.179732493914204,0.0199702771015783,0.0173906934113379,0,0.0479535265045614,0.375,-0.4125,0.514285714285714,0.255471214998872,1,fixed_parameter_log_normal,fixed_parameter_log_normal,ok,-2324.58424782691
fixed_parameters,Fixed-parameter transfer,Part A-selected order,Fit once on initial real-data calibration segment,WHO-derived COVID-19 daily cases,SE,Sweden,real,Sweden,AR,None,/home/kaahin/degree_project/hybrid-epidemic-forecasting/results/partC/forecasts/partC_forecast_fixed_parameters_AR_None.mat,forecast_results,938,2022-10-16,939,0.0322929151772292,0.0322929151772292,0.0543592496870247,0.0486858752588508,0.00540954169542787,0.0268833734818013,0,0,1,0.2125,0.2125,0.39478585917224,1,fixed_parameter_log_normal,fixed_parameter_log_normal,ok,-2324.58424782691
fixed_parameters,Fixed-parameter transfer,Part A-selected order,Fit once on initial real-data calibration segment,WHO-derived COVID-19 daily cases,SE,Sweden,real,Sweden,AR,None,/home/kaahin/degree_project/hybrid-epidemic-forecasting/results/partC/forecasts/partC_forecast_fixed_parameters_AR_None.mat,forecast_results,945,2022-10-23,946,0.0323500217477033,0.0323500217477033,0.0464045002956399,0.0353479190076175,0.00392754655640195,0.0284224751913014,0,0,1,0.2125,0.2125,0.417365754981805,1,fixed_parameter_log_normal,fixed_parameter_log_normal,ok,-2324.58424782691
fixed_parameters,Fixed-parameter transfer,Part A-selected order,Fit once on initial real-data calibration segment,WHO-derived COVID-19 daily cases,SE,Sweden,real,Sweden,AR,None,/home/kaahin/degree_project/hybrid-epidemic-forecasting/results/partC/forecasts/partC_forecast_fixed_parameters_AR_None.mat,forecast_results,952,2022-10-30,953,0.0346287169713194,0.0346287169713194,0.0456319396145352,0.0410797635370669,0.00456441817078521,0.0300642988005342,0,0,1,0.2125,0.2125,0.441455262261014,1,fixed_parameter_log_normal,fixed_parameter_log_normal,ok,-2324.58424782691
fixed_parameters,Fixed-parameter transfer,Part A-selected order,Fit once on initial real-data calibration segment,WHO-derived COVID-19 daily cases,SE,Sweden,real,Sweden,AR,None,/home/kaahin/degree_project/hybrid-epidemic-forecasting/results/partC/forecasts/partC_forecast_fixed_parameters_AR_None.mat,forecast_results,959,2022-11-06,960,0.034080684447482,0.034080684447482,0.0547863191510535,0.0456319056642258,0.00507021174046954,0.0287241731857459,0,0.000286299521266595,0.964285714285714,0.176785714285714,0.2125,0.421792379712492,1,fixed_parameter_log_normal,fixed_parameter_log_normal,ok,-2324.58424782691
fixed_parameters,Fixed-parameter transfer,Part A-selected order,Fit once on initial real-data calibration segment,WHO-derived COVID-19 daily cases,SE,Sweden,real,Sweden,AR,None,/home/kaahin/degree_project/hybrid-epidemic-forecasting/results/partC/forecasts/partC_forecast_fixed_parameters_AR_None.mat,forecast_results,966,2022-11-13,967,0.0352399149429421,0.0352399149429421,0.0664435350647265,0.0520242744560886,0.0057804749395654,0.0294594400033767,0,0,1,0.2125,0.2125,0.432579351784309,1,fixed_parameter_log_normal,fixed_parameter_log_normal,ok,-2324.58424782691
fixed_parameters,Fixed-parameter transfer,Part A-selected order,Fit once on initial real-data calibration segment,WHO-derived COVID-19 daily cases,SE,Sweden,real,Sweden,AR,None,/home/kaahin/degree_project/hybrid-epidemic-forecasting/results/partC/forecasts/partC_forecast_fixed_parameters_AR_None.mat,forecast_results,973,2022-11-20,974,0.0685628337870878,0.0685628337870878,0.217159540158931,0.172829323362458,0.0192032581513842,0.0290532597883968,0,0.0203063158473069,0.767857142857143,-0.0196428571428571,0.255357142857143,0.426621278961043,1,fixed_parameter_log_normal,fixed_parameter_log_normal,ok,-2324.58424782691
fixed_parameters,Fixed-parameter transfer,Part A-selected order,Fit once on initial real-data calibration segment,WHO-derived COVID-19 daily cases,SE,Sweden,real,Sweden,AR,None,/home/kaahin/degree_project/hybrid-epidemic-forecasting/results/partC/forecasts/partC_forecast_fixed_parameters_AR_None.mat,forecast_results,980,2022-11-27,981,0.0907984868090186,0.0907984868090186,0.255703778335654,0.236378473710061,0.0262642748566734,0.0308123745707862,0,0.033721837381559,0.553571428571429,-0.233928571428571,0.351785714285714,0.452429970988745,1,fixed_parameter_log_normal,fixed_parameter_log_normal,ok,-2324.58424782691
fixed_parameters,Fixed-parameter transfer,Part A-selected order,Fit once on initial real-data calibration segment,WHO-derived COVID-19 daily cases,SE,Sweden,real,Sweden,AR,None,/home/kaahin/degree_project/hybrid-epidemic-forecasting/results/partC/forecasts/partC_forecast_fixed_parameters_AR_None.mat,forecast_results,987,2022-12-04,988,0.0474533913333307,0.0474533913333307,0.120735752563198,0.112342525435262,0.0124825028261403,0.0335320085947218,0,0.00143887991246857,0.910714285714286,0.123214285714286,0.2125,0.492327864222609,1,fixed_parameter_log_normal,fixed_parameter_log_normal,ok,-2324.58424782691
fixed_parameters,Fixed-parameter transfer,Part A-selected order,Fit once on initial real-data calibration segment,WHO-derived COVID-19 daily cases,SE,Sweden,real,Sweden,AR,None,/home/kaahin/degree_project/hybrid-epidemic-forecasting/results/partC/forecasts/partC_forecast_fixed_parameters_AR_None.mat,forecast_results,994,2022-12-11,995,0.0376448787332053,0.0376448787332053,0.0568692775971642,0.0462627132684361,0.00514030147427068,0.0325045772589346,0,0,1,0.2125,0.2125,0.47725436234221,1,fixed_parameter_log_normal,fixed_parameter_log_normal,ok,-2324.58424782691
fixed_parameters,Fixed-parameter transfer,Part A-selected order,Fit once on initial real-data calibration segment,WHO-derived COVID-19 daily cases,SE,Sweden,real,Sweden,ARX,I,/home/kaahin/degree_project/hybrid-epidemic-forecasting/results/partC/forecasts/partC_forecast_fixed_parameters_ARX_I.mat,forecast_results,812,2022-06-12,813,0.0880407937937323,0.0880407937937323,0.172157658374106,0.134119525273665,0.0149021694748517,0.0128580677838001,0.00663931683137315,0.0536412397037073,0.410714285714286,-0.376785714285714,0.519642857142857,0.188034232731697,1,fixed_parameter_closed_loop_log_normal,fixed_parameter_log_normal,ok,-2321.52253724039
fixed_parameters,Fixed-parameter transfer,Part A-selected order,Fit once on initial real-data calibration segment,WHO-derived COVID-19 daily cases,SE,Sweden,real,Sweden,ARX,I,/home/kaahin/degree_project/hybrid-epidemic-forecasting/results/partC/forecasts/partC_forecast_fixed_parameters_ARX_I.mat,forecast_results,819,2022-06-19,820,0.122501357896403,0.122501357896403,0.208329510357144,0.182085727372521,0.0202317474858357,0.0115367700209974,0,0.0907328403895701,0.196428571428571,-0.591071428571429,0.641071428571429,0.168711795238271,1,fixed_parameter_closed_loop_log_normal,fixed_parameter_log_normal,ok,-2321.52253724039
fixed_parameters,Fixed-parameter transfer,Part A-selected order,Fit once on initial real-data calibration segment,WHO-derived COVID-19 daily cases,SE,Sweden,real,Sweden,ARX,I,/home/kaahin/degree_project/hybrid-epidemic-forecasting/results/partC/forecasts/partC_forecast_fixed_parameters_ARX_I.mat,forecast_results,826,2022-06-26,827,0.0302010306120771,0.0302010306120771,0.076722794589143,0.054407077659607,0.00604523085106744,0.0119657175022309,0,0.0121900822587788,0.732142857142857,-0.0553571428571429,0.346428571428571,0.174984651461471,1,fixed_parameter_closed_loop_log_normal,fixed_parameter_log_normal,ok,-2321.52253724039
fixed_parameters,Fixed-parameter transfer,Part A-selected order,Fit once on initial real-data calibration segment,WHO-derived COVID-19 daily cases,SE,Sweden,real,Sweden,ARX,I,/home/kaahin/degree_project/hybrid-epidemic-forecasting/results/partC/forecasts/partC_forecast_fixed_parameters_ARX_I.mat,forecast_results,833,2022-07-03,834,0.0376103800495349,0.0376103800495349,0.0926521051056593,0.0820335701749182,0.00911484113054647,0.0123662851800783,0.00557761686791007,0.0105516368710001,0.553571428571429,-0.233928571428571,0.373214285714286,0.180842486186534,1,fixed_parameter_closed_loop_log_normal,fixed_parameter_log_normal,ok,-2321.52253724039
fixed_parameters,Fixed-parameter transfer,Part A-selected order,Fit once on initial real-data calibration segment,WHO-derived COVID-19 daily cases,SE,Sweden,real,Sweden,ARX,I,/home/kaahin/degree_project/hybrid-epidemic-forecasting/results/partC/forecasts/partC_forecast_fixed_parameters_ARX_I.mat,forecast_results,840,2022-07-10,841,0.0669197016329044,0.0669197016329044,0.132988065040474,0.120259478723233,0.0133621643025815,0.0110738392642901,0,0.0424836980660329,0.303571428571429,-0.483928571428571,0.571428571428571,0.161941973278316,1,fixed_parameter_closed_loop_log_normal,fixed_parameter_log_normal,ok,-2321.52253724039
fixed_parameters,Fixed-parameter transfer,Part A-selected order,Fit once on initial real-data calibration segment,WHO-derived COVID-19 daily cases,SE,Sweden,real,Sweden,ARX,I,/home/kaahin/degree_project/hybrid-epidemic-forecasting/results/partC/forecasts/partC_forecast_fixed_parameters_ARX_I.mat,forecast_results,847,2022-07-17,848,0.0217746998976679,0.0217746998976679,0.0559848283726302,0.0476343114285939,0.00529270126984377,0.0121535155364496,0.00432848309137456,0,0.803571428571429,0.0160714285714286,0.258928571428571,0.177730978504274,1,fixed_parameter_closed_loop_log_normal,fixed_parameter_log_normal,ok,-2321.52253724039
fixed_parameters,Fixed-parameter transfer,Part A-selected order,Fit once on initial real-data calibration segment,WHO-derived COVID-19 daily cases,SE,Sweden,real,Sweden,ARX,I,/home/kaahin/degree_project/hybrid-epidemic-forecasting/results/partC/forecasts/partC_forecast_fixed_parameters_ARX_I.mat,forecast_results,854,2022-07-24,855,0.018314076923967,0.018314076923967,0.0468048970189857,0.0423671710332892,0.00470746344814324,0.0112719920714405,0.00154286534927532,0.000791756055107921,0.857142857142857,0.0696428571428571,0.2125,0.164839726788615,1,fixed_parameter_closed_loop_log_normal,fixed_parameter_log_normal,ok,-2321.52253724039
fixed_parameters,Fixed-parameter transfer,Part A-selected order,Fit once on initial real-data calibration segment,WHO-derived COVID-19 daily cases,SE,Sweden,real,Sweden,ARX,I,/home/kaahin/degree_project/hybrid-epidemic-forecasting/results/partC/forecasts/partC_forecast_fixed_parameters_ARX_I.mat,forecast_results,861,2022-07-31,862,0.0207726931249676,0.0207726931249676,0.0575414001756358,0.0525388343481868,0.00583764826090964,0.0108501239935569,0,0.00408492087050107,0.767857142857143,-0.0196428571428571,0.244642857142857,0.158670398575959,1,fixed_parameter_closed_loop_log_normal,fixed_parameter_log_normal,ok,-2321.52253724039
fixed_parameters,Fixed-parameter transfer,Part A-selected order,Fit once on initial real-data calibration segment,WHO-derived COVID-19 daily cases,SE,Sweden,real,Sweden,ARX,I,/home/kaahin/degree_project/hybrid-epidemic-forecasting/results/partC/forecasts/partC_forecast_fixed_parameters_ARX_I.mat,forecast_results,868,2022-08-07,869,0.0141972178920734,0.0141972178920734,0.0282609547968843,0.0251497281470288,0.00279441423855876,0.0113141222597393,0,8.86813937753048e-05,0.982142857142857,0.194642857142857,0.2125,0.165455831615934,1,fixed_parameter_closed_loop_log_normal,fixed_parameter_log_normal,ok,-2321.52253724039
fixed_parameters,Fixed-parameter transfer,Part A-selected order,Fit once on initial real-data calibration segment,WHO-derived COVID-19 daily cases,SE,Sweden,real,Sweden,ARX,I,/home/kaahin/degree_project/hybrid-epidemic-forecasting/results/partC/forecasts/partC_forecast_fixed_parameters_ARX_I.mat,forecast_results,875,2022-08-14,876,0.0522865901336111,0.0522865901336111,0.111887468369997,0.0799036833337349,0.00887818703708166,0.0112940152915724,0.0321143878049571,0,0.607142857142857,-0.180357142857143,0.398214285714286,0.165161790676393,1,fixed_parameter_closed_loop_log_normal,fixed_parameter_log_normal,ok,-2321.52253724039
fixed_parameters,Fixed-parameter transfer,Part A-selected order,Fit once on initial real-data calibration segment,WHO-derived COVID-19 daily cases,SE,Sweden,real,Sweden,ARX,I,/home/kaahin/degree_project/hybrid-epidemic-forecasting/results/partC/forecasts/partC_forecast_fixed_parameters_ARX_I.mat,forecast_results,882,2022-08-21,883,0.044792011075495,0.044792011075495,0.0967373111104532,0.0776581029961355,0.00862867811068173,0.0106343594737492,0.0255289734910641,0,0.517857142857143,-0.269642857142857,0.469642857142857,0.155515094325356,1,fixed_parameter_closed_loop_log_normal,fixed_parameter_log_normal,ok,-2321.52253724039
fixed_parameters,Fixed-parameter transfer,Part A-selected order,Fit once on initial real-data calibration segment,WHO-derived COVID-19 daily cases,SE,Sweden,real,Sweden,ARX,I,/home/kaahin/degree_project/hybrid-epidemic-forecasting/results/partC/forecasts/partC_forecast_fixed_parameters_ARX_I.mat,forecast_results,889,2022-08-28,890,0.0252678714587951,0.0252678714587951,0.0674927491085433,0.0629695894765794,0.00699662105295326,0.00976472645604165,0,0.00850652394980015,0.642857142857143,-0.144642857142857,0.294642857142857,0.142797726522332,1,fixed_parameter_closed_loop_log_normal,fixed_parameter_log_normal,ok,-2321.52253724039
fixed_parameters,Fixed-parameter transfer,Part A-selected order,Fit once on initial real-data calibration segment,WHO-derived COVID-19 daily cases,SE,Sweden,real,Sweden,ARX,I,/home/kaahin/degree_project/hybrid-epidemic-forecasting/results/partC/forecasts/partC_forecast_fixed_parameters_ARX_I.mat,forecast_results,896,2022-09-04,897,0.0177698523202799,0.0177698523202799,0.0471227900717908,0.04109953615914,0.00456661512879333,0.0106338576389651,0,0.00256937955252148,0.839285714285714,0.0517857142857143,0.223214285714286,0.155507755577405,1,fixed_parameter_closed_loop_log_normal,fixed_parameter_log_normal,ok,-2321.52253724039
fixed_parameters,Fixed-parameter transfer,Part A-selected order,Fit once on initial real-data calibration segment,WHO-derived COVID-19 daily cases,SE,Sweden,real,Sweden,ARX,I,/home/kaahin/degree_project/hybrid-epidemic-forecasting/results/partC/forecasts/partC_forecast_fixed_parameters_ARX_I.mat,forecast_results,903,2022-09-11,904,0.0149463079587967,0.0149463079587967,0.0304771698616247,0.0283001121311747,0.00314445690346385,0.0114241745687783,0.000377676486554556,0,0.964285714285714,0.176785714285714,0.2125,0.167065218176843,1,fixed_parameter_closed_loop_log_normal,fixed_parameter_log_normal,ok,-2321.52253724039
fixed_parameters,Fixed-parameter transfer,Part A-selected order,Fit once on initial real-data calibration segment,WHO-derived COVID-19 daily cases,SE,Sweden,real,Sweden,ARX,I,/home/kaahin/degree_project/hybrid-epidemic-forecasting/results/partC/forecasts/partC_forecast_fixed_parameters_ARX_I.mat,forecast_results,910,2022-09-18,911,0.24314153010891,0.24314153010891,0.637670726180511,0.255044234953864,0.0283382483282071,0.0109514439550353,0,0.203851837825668,0.821428571428571,0.0339285714285714,0.294642857142857,0.160152084746644,1,fixed_parameter_closed_loop_log_normal,fixed_parameter_log_normal,ok,-2321.52253724039
fixed_parameters,Fixed-parameter transfer,Part A-selected order,Fit once on initial real-data calibration segment,WHO-derived COVID-19 daily cases,SE,Sweden,real,Sweden,ARX,I,/home/kaahin/degree_project/hybrid-epidemic-forecasting/results/partC/forecasts/partC_forecast_fixed_parameters_ARX_I.mat,forecast_results,917,2022-09-25,918,0.523579832033989,0.523579832033989,0.830858594386833,0.569298191994794,0.0632553546660882,0.0107375203045669,0.0758744157362849,0.373712541327049,0.357142857142857,-0.430357142857143,0.551785714285714,0.157023701061371,1,fixed_parameter_closed_loop_log_normal,fixed_parameter_log_normal,ok,-2321.52253724039
fixed_parameters,Fixed-parameter transfer,Part A-selected order,Fit once on initial real-data calibration segment,WHO-derived COVID-19 daily cases,SE,Sweden,real,Sweden,ARX,I,/home/kaahin/degree_project/hybrid-epidemic-forecasting/results/partC/forecasts/partC_forecast_fixed_parameters_ARX_I.mat,forecast_results,924,2022-10-02,925,0.727616458162563,0.727616458162563,0.894259714404775,0.821098676914991,0.0912331863238879,0.0186996615070129,0.617683610331663,0,0.0535714285714286,-0.733928571428571,0.746428571428572,0.273460722321254,1,fixed_parameter_closed_loop_log_normal,fixed_parameter_log_normal,ok,-2321.52253724039
fixed_parameters,Fixed-parameter transfer,Part A-selected order,Fit once on initial real-data calibration segment,WHO-derived COVID-19 daily cases,SE,Sweden,real,Sweden,ARX,I,/home/kaahin/degree_project/hybrid-epidemic-forecasting/results/partC/forecasts/partC_forecast_fixed_parameters_ARX_I.mat,forecast_results,931,2022-10-09,932,0.160771948218446,0.160771948218446,0.219386434632382,0.192571261284617,0.0213968068094019,0.00598181402049129,0,0.133393327388553,0.160714285714286,-0.626785714285714,0.689285714285714,0.0874770477648212,1,fixed_parameter_closed_loop_log_normal,fixed_parameter_log_normal,ok,-2321.52253724039
fixed_parameters,Fixed-parameter transfer,Part A-selected order,Fit once on initial real-data calibration segment,WHO-derived COVID-19 daily cases,SE,Sweden,real,Sweden,ARX,I,/home/kaahin/degree_project/hybrid-epidemic-forecasting/results/partC/forecasts/partC_forecast_fixed_parameters_ARX_I.mat,forecast_results,938,2022-10-16,939,0.0217739897251776,0.0217739897251776,0.0595807939912978,0.0541793785993755,0.00601993095548617,0.00999256987400977,0,0.00576148889568169,0.714285714285714,-0.0732142857142857,0.269642857142857,0.146129670559412,1,fixed_parameter_closed_loop_log_normal,fixed_parameter_log_normal,ok,-2321.52253724039
fixed_parameters,Fixed-parameter transfer,Part A-selected order,Fit once on initial real-data calibration segment,WHO-derived COVID-19 daily cases,SE,Sweden,real,Sweden,ARX,I,/home/kaahin/degree_project/hybrid-epidemic-forecasting/results/partC/forecasts/partC_forecast_fixed_parameters_ARX_I.mat,forecast_results,945,2022-10-23,946,0.0182746322981855,0.0182746322981855,0.0484965953776617,0.0365429195229092,0.00406032439143435,0.0107121478884453,0,0.00350216001830587,0.839285714285714,0.0517857142857143,0.244642857142857,0.156652659091598,1,fixed_parameter_closed_loop_log_normal,fixed_parameter_log_normal,ok,-2321.52253724039
fixed_parameters,Fixed-parameter transfer,Part A-selected order,Fit once on initial real-data calibration segment,WHO-derived COVID-19 daily cases,SE,Sweden,real,Sweden,ARX,I,/home/kaahin/degree_project/hybrid-epidemic-forecasting/results/partC/forecasts/partC_forecast_fixed_parameters_ARX_I.mat,forecast_results,952,2022-10-30,953,0.0180320528847357,0.0180320528847357,0.0458115406679995,0.0412280461160629,0.00458089401289588,0.0114384394987686,0.00139611091385287,0.000616608459218328,0.839285714285714,0.0517857142857143,0.2125,0.167273826127182,1,fixed_parameter_closed_loop_log_normal,fixed_parameter_log_normal,ok,-2321.52253724039
fixed_parameters,Fixed-parameter transfer,Part A-selected order,Fit once on initial real-data calibration segment,WHO-derived COVID-19 daily cases,SE,Sweden,real,Sweden,ARX,I,/home/kaahin/degree_project/hybrid-epidemic-forecasting/results/partC/forecasts/partC_forecast_fixed_parameters_ARX_I.mat,forecast_results,959,2022-11-06,960,0.0204565706127451,0.0204565706127451,0.0555864843200525,0.0457886055886041,0.00508762284317824,0.010845753459184,0,0.00452319431038278,0.821428571428571,0.0339285714285714,0.255357142857143,0.158606484612271,1,fixed_parameter_closed_loop_log_normal,fixed_parameter_log_normal,ok,-2321.52253724039
fixed_parameters,Fixed-parameter transfer,Part A-selected order,Fit once on initial real-data calibration segment,WHO-derived COVID-19 daily cases,SE,Sweden,real,Sweden,ARX,I,/home/kaahin/degree_project/hybrid-epidemic-forecasting/results/partC/forecasts/partC_forecast_fixed_parameters_ARX_I.mat,forecast_results,966,2022-11-13,967,0.0256358538637223,0.0256358538637223,0.0675363866784189,0.0524144499130557,0.00582382776811729,0.0111835495768108,0.00128304432949834,0.00734543218929586,0.714285714285714,-0.0732142857142857,0.319642857142857,0.163546358539341,1,fixed_parameter_closed_loop_log_normal,fixed_parameter_log_normal,ok,-2321.52253724039
fixed_parameters,Fixed-parameter transfer,Part A-selected order,Fit once on initial real-data calibration segment,WHO-derived COVID-19 daily cases,SE,Sweden,real,Sweden,ARX,I,/home/kaahin/degree_project/hybrid-epidemic-forecasting/results/partC/forecasts/partC_forecast_fixed_parameters_ARX_I.mat,forecast_results,973,2022-11-20,974,0.126671971993802,0.126671971993802,0.219707280340723,0.175270258524139,0.0194744731693488,0.010985372627741,0,0.0962121261967125,0.303571428571429,-0.483928571428571,0.591071428571429,0.160648251981652,1,fixed_parameter_closed_loop_log_normal,fixed_parameter_log_normal,ok,-2321.52253724039
fixed_parameters,Fixed-parameter transfer,Part A-selected order,Fit once on initial real-data calibration segment,WHO-derived COVID-19 daily cases,SE,Sweden,real,Sweden,ARX,I,/home/kaahin/degree_project/hybrid-epidemic-forecasting/results/partC/forecasts/partC_forecast_fixed_parameters_ARX_I.mat,forecast_results,980,2022-11-27,981,0.176438196863758,0.176438196863758,0.256597058063996,0.237154869310966,0.0263505410345518,0.0117782092362657,0,0.138309446592941,0.160714285714286,-0.626785714285714,0.675,0.172242561941144,1,fixed_parameter_closed_loop_log_normal,fixed_parameter_log_normal,ok,-2321.52253724039
fixed_parameters,Fixed-parameter transfer,Part A-selected order,Fit once on initial real-data calibration segment,WHO-derived COVID-19 daily cases,SE,Sweden,real,Sweden,ARX,I,/home/kaahin/degree_project/hybrid-epidemic-forecasting/results/partC/forecasts/partC_forecast_fixed_parameters_ARX_I.mat,forecast_results,987,2022-12-04,988,0.0537670791154017,0.0537670791154017,0.12045490270894,0.112011315895956,0.0124457017662173,0.0130087795821475,0,0.0283125977670369,0.375,-0.4125,0.510714285714286,0.190238216863868,1,fixed_parameter_closed_loop_log_normal,fixed_parameter_log_normal,ok,-2321.52253724039
fixed_parameters,Fixed-parameter transfer,Part A-selected order,Fit once on initial real-data calibration segment,WHO-derived COVID-19 daily cases,SE,Sweden,real,Sweden,ARX,I,/home/kaahin/degree_project/hybrid-epidemic-forecasting/results/partC/forecasts/partC_forecast_fixed_parameters_ARX_I.mat,forecast_results,994,2022-12-11,995,0.0214054661054046,0.0214054661054046,0.0569017016384227,0.0468632323755681,0.00520702581950756,0.0125204973278012,0.000594008957885674,0.00308393400021011,0.821428571428571,0.0339285714285714,0.244642857142857,0.183097658842531,1,fixed_parameter_closed_loop_log_normal,fixed_parameter_log_normal,ok,-2321.52253724039
online_reestimate,Online parameter re-estimation,Part A-selected order,Re-estimate parameters at each forecast origin,WHO-derived COVID-19 daily cases,SE,Sweden,real,Sweden,AR,None,/home/kaahin/degree_project/hybrid-epidemic-forecasting/results/partC/forecasts/partC_forecast_online_reestimate_AR_None.mat,forecast_results,812,2022-06-12,813,0.0636757794563725,0.0636757794563725,0.173233297041653,0.135055662877003,0.0150061847641114,0.0328230418741263,0.0010442210661279,0.0148023317520069,0.785714285714286,-0.00178571428571429,0.255357142857143,0.587551107480213,1,closed_loop_monte_carlo,ok,ok,-2326.5158211365
online_reestimate,Online parameter re-estimation,Part A-selected order,Re-estimate parameters at each forecast origin,WHO-derived COVID-19 daily cases,SE,Sweden,real,Sweden,AR,None,/home/kaahin/degree_project/hybrid-epidemic-forecasting/results/partC/forecasts/partC_forecast_online_reestimate_AR_None.mat,forecast_results,819,2022-06-19,820,0.0887074378694728,0.0887074378694728,0.229299576719687,0.20459089065804,0.0227323211842267,0.0272259505562271,0,0.038749166129019,0.607142857142857,-0.180357142857143,0.330357142857143,0.423416797459242,1,closed_loop_monte_carlo,ok,ok,-2350.22237208235
online_reestimate,Online parameter re-estimation,Part A-selected order,Re-estimate parameters at each forecast origin,WHO-derived COVID-19 daily cases,SE,Sweden,real,Sweden,AR,None,/home/kaahin/degree_project/hybrid-epidemic-forecasting/results/partC/forecasts/partC_forecast_online_reestimate_AR_None.mat,forecast_results,826,2022-06-26,827,0.0373707731993585,0.0373707731993585,0.0582553492977083,0.0399692544105438,0.0044410282678382,0.0312449369426347,4.04037909682892e-05,0.00164440419791733,0.928571428571429,0.141071428571429,0.2125,0.527621260852449,1,closed_loop_monte_carlo,ok,ok,-2371.11815884506
online_reestimate,Online parameter re-estimation,Part A-selected order,Re-estimate parameters at each forecast origin,WHO-derived COVID-19 daily cases,SE,Sweden,real,Sweden,AR,None,/home/kaahin/degree_project/hybrid-epidemic-forecasting/results/partC/forecasts/partC_forecast_online_reestimate_AR_None.mat,forecast_results,833,2022-07-03,834,0.0458129639783606,0.0458129639783606,0.0954894262656587,0.0860584384143832,0.00956204871270924,0.0356382558026334,0.000612659463017951,0,0.928571428571429,0.141071428571429,0.2125,0.534854336031475,1,closed_loop_monte_carlo,ok,ok,-2395.35468819162
online_reestimate,Online parameter re-estimation,Part A-selected order,Re-estimate parameters at each forecast origin,WHO-derived COVID-19 daily cases,SE,Sweden,real,Sweden,AR,None,/home/kaahin/degree_project/hybrid-epidemic-forecasting/results/partC/forecasts/partC_forecast_online_reestimate_AR_None.mat,forecast_results,840,2022-07-10,841,0.0471854311852586,0.0471854311852586,0.126434202232512,0.114345445978277,0.0127050495531419,0.0272319816641696,0,0.0072483999679472,0.839285714285714,0.0517857142857143,0.223214285714286,0.419318985872943,1,closed_loop_monte_carlo,ok,ok,-2421.44133949007
online_reestimate,Online parameter re-estimation,Part A-selected order,Re-estimate parameters at each forecast origin,WHO-derived COVID-19 daily cases,SE,Sweden,real,Sweden,AR,None,/home/kaahin/degree_project/hybrid-epidemic-forecasting/results/partC/forecasts/partC_forecast_online_reestimate_AR_None.mat,forecast_results,847,2022-07-17,848,0.034988119791759,0.034988119791759,0.063602905562657,0.056514200714187,0.00627935563490967,0.0286148648836754,9.3899273173968e-05,0,0.964285714285714,0.176785714285714,0.2125,0.471082737406129,1,closed_loop_monte_carlo,ok,ok,-2446.93947100073
online_reestimate,Online parameter re-estimation,Part A-selected order,Re-estimate parameters at each forecast origin,WHO-derived COVID-19 daily cases,SE,Sweden,real,Sweden,AR,None,/home/kaahin/degree_project/hybrid-epidemic-forecasting/results/partC/forecasts/partC_forecast_online_reestimate_AR_None.mat,forecast_results,854,2022-07-24,855,0.0462881964908814,0.0462881964908814,0.0457286111834158,0.0374595282407808,0.0041621698045312,0.0421240639909359,1.96269541427376e-06,0,0.982142857142857,0.194642857142857,0.2125,0.845045959035066,1,closed_loop_monte_carlo,ok,ok,-2473.48299220612
online_reestimate,Online parameter re-estimation,Part A-selected order,Re-estimate parameters at each forecast origin,WHO-derived COVID-19 daily cases,SE,Sweden,real,Sweden,AR,None,/home/kaahin/degree_project/hybrid-epidemic-forecasting/results/partC/forecasts/partC_forecast_online_reestimate_AR_None.mat,forecast_results,861,2022-07-31,862,0.0381036584151831,0.0381036584151831,0.0404296342098477,0.0356259696137715,0.00395844106819683,0.0341452173469863,0,0,1,0.2125,0.2125,0.592321451644426,1,closed_loop_monte_carlo,ok,ok,-2499.77342770214
online_reestimate,Online parameter re-estimation,Part A-selected order,Re-estimate parameters at each forecast origin,WHO-derived COVID-19 daily cases,SE,Sweden,real,Sweden,AR,None,/home/kaahin/degree_project/hybrid-epidemic-forecasting/results/partC/forecasts/partC_forecast_online_reestimate_AR_None.mat,forecast_results,868,2022-08-07,869,0.033419912243227,0.033419912243227,0.0335364909088408,0.0226019614847581,0.00251132905386201,0.030908583189365,0,0,1,0.2125,0.2125,0.471819665812,1,closed_loop_monte_carlo,ok,ok,-2526.86986022906
online_reestimate,Online parameter re-estimation,Part A-selected order,Re-estimate parameters at each forecast origin,WHO-derived COVID-19 daily cases,SE,Sweden,real,Sweden,AR,None,/home/kaahin/degree_project/hybrid-epidemic-forecasting/results/partC/forecasts/partC_forecast_online_reestimate_AR_None.mat,forecast_results,875,2022-08-14,876,0.0473469284734713,0.0473469284734713,0.117523315001623,0.0848294327581631,0.00942549252868479,0.031792097728776,0.00612933821601045,0,0.892857142857143,0.105357142857143,0.233928571428571,0.523541503668191,1,closed_loop_monte_carlo,ok,ok,-2553.96023841173
online_reestimate,Online parameter re-estimation,Part A-selected order,Re-estimate parameters at each forecast origin,WHO-derived COVID-19 daily cases,SE,Sweden,real,Sweden,AR,None,/home/kaahin/degree_project/hybrid-epidemic-forecasting/results/partC/forecasts/partC_forecast_online_reestimate_AR_None.mat,forecast_results,882,2022-08-21,883,0.0428057005939699,0.0428057005939699,0.101154485834731,0.0857305878957811,0.00952562087730901,0.0262104174826548,0.00706966223400602,0,0.857142857142857,0.0696428571428571,0.244642857142857,0.419427248270252,1,closed_loop_monte_carlo,ok,ok,-2580.92623081793
online_reestimate,Online parameter re-estimation,Part A-selected order,Re-estimate parameters at each forecast origin,WHO-derived COVID-19 daily cases,SE,Sweden,real,Sweden,AR,None,/home/kaahin/degree_project/hybrid-epidemic-forecasting/results/partC/forecasts/partC_forecast_online_reestimate_AR_None.mat,forecast_results,889,2022-08-28,890,0.0352255008770211,0.0352255008770211,0.0538405790351047,0.0498519776800697,0.00553910863111886,0.0296863922459023,0,0,1,0.2125,0.2125,0.476802220073793,1,closed_loop_monte_carlo,ok,ok,-2605.65518393963
online_reestimate,Online parameter re-estimation,Part A-selected order,Re-estimate parameters at each forecast origin,WHO-derived COVID-19 daily cases,SE,Sweden,real,Sweden,AR,None,/home/kaahin/degree_project/hybrid-epidemic-forecasting/results/partC/forecasts/partC_forecast_online_reestimate_AR_None.mat,forecast_results,896,2022-09-04,897,0.0311082765684964,0.0311082765684964,0.0397122310629554,0.0317547608363465,0.00352830675959405,0.0275799698089023,0,0,1,0.2125,0.2125,0.449139130191695,1,closed_loop_monte_carlo,ok,ok,-2632.17031701242
online_reestimate,Online parameter re-estimation,Part A-selected order,Re-estimate parameters at each forecast origin,WHO-derived COVID-19 daily cases,SE,Sweden,real,Sweden,AR,None,/home/kaahin/degree_project/hybrid-epidemic-forecasting/results/partC/forecasts/partC_forecast_online_reestimate_AR_None.mat,forecast_results,903,2022-09-11,904,0.0282043703702794,0.0282043703702794,0.0372941356373675,0.0349847391281432,0.00388719323646035,0.0240609695242014,0.000256207609617634,0,0.982142857142857,0.194642857142857,0.2125,0.365901570183696,1,closed_loop_monte_carlo,ok,ok,-2658.17182522467
online_reestimate,Online parameter re-estimation,Part A-selected order,Re-estimate parameters at each forecast origin,WHO-derived COVID-19 daily cases,SE,Sweden,real,Sweden,AR,None,/home/kaahin/degree_project/hybrid-epidemic-forecasting/results/partC/forecasts/partC_forecast_online_reestimate_AR_None.mat,forecast_results,910,2022-09-18,911,0.199236069548329,0.199236069548329,0.623732010723581,0.26737605035472,0.0297084500394134,0.0366054523956594,0,0.132922167113256,0.857142857142857,0.0696428571428571,0.294642857142857,0.661390061569575,1,closed_loop_monte_carlo,ok,ok,-2683.90091670462
online_reestimate,Online parameter re-estimation,Part A-selected order,Re-estimate parameters at each forecast origin,WHO-derived COVID-19 daily cases,SE,Sweden,real,Sweden,AR,None,/home/kaahin/degree_project/hybrid-epidemic-forecasting/results/partC/forecasts/partC_forecast_online_reestimate_AR_None.mat,forecast_results,917,2022-09-25,918,0.460334976102508,0.460334976102508,0.829818866114901,0.571246588295097,0.0634718431438997,0.0294282670624856,0.0592648565584074,0.308170009337715,0.482142857142857,-0.305357142857143,0.5,0.415283598784933,1,closed_loop_monte_carlo,ok,ok,-2711.38295589652
online_reestimate,Online parameter re-estimation,Part A-selected order,Re-estimate parameters at each forecast origin,WHO-derived COVID-19 daily cases,SE,Sweden,real,Sweden,AR,None,/home/kaahin/degree_project/hybrid-epidemic-forecasting/results/partC/forecasts/partC_forecast_online_reestimate_AR_None.mat,forecast_results,924,2022-10-02,925,0.550320326696833,0.550320326696833,0.891892185102435,0.816604212088231,0.0907338013431368,0.0428171000862227,0.416769425267474,0,0.125,-0.6625,0.683928571428571,0.703444355181494,1,closed_loop_monte_carlo,ok,ok,-2457.18929131499
online_reestimate,Online parameter re-estimation,Part A-selected order,Re-estimate parameters at each forecast origin,WHO-derived COVID-19 daily cases,SE,Sweden,real,Sweden,AR,None,/home/kaahin/degree_project/hybrid-epidemic-forecasting/results/partC/forecasts/partC_forecast_online_reestimate_AR_None.mat,forecast_results,931,2022-10-09,932,0.0529680878397561,0.0529680878397561,0.139545153035282,0.12041789628346,0.0133797662537177,0.0161368475600435,0.000131461140577078,0.0233200128854178,0.553571428571429,-0.233928571428571,0.367857142857143,0.255677558270811,1,closed_loop_monte_carlo,ok,ok,-2164.11127368906
online_reestimate,Online parameter re-estimation,Part A-selected order,Re-estimate parameters at each forecast origin,WHO-derived COVID-19 daily cases,SE,Sweden,real,Sweden,AR,None,/home/kaahin/degree_project/hybrid-epidemic-forecasting/results/partC/forecasts/partC_forecast_online_reestimate_AR_None.mat,forecast_results,938,2022-10-16,939,0.0254642134394556,0.0254642134394556,0.0443144985956659,0.038648544717733,0.00429428274641478,0.0208878223649348,0,0.000282108328106012,0.946428571428571,0.158928571428571,0.2125,0.322149984407634,1,closed_loop_monte_carlo,ok,ok,-2185.01079621633
online_reestimate,Online parameter re-estimation,Part A-selected order,Re-estimate parameters at each forecast origin,WHO-derived COVID-19 daily cases,SE,Sweden,real,Sweden,AR,None,/home/kaahin/degree_project/hybrid-epidemic-forecasting/results/partC/forecasts/partC_forecast_online_reestimate_AR_None.mat,forecast_results,945,2022-10-23,946,0.0280041830558219,0.0280041830558219,0.0429417496044257,0.0337983512355863,0.00375537235950959,0.0242488106963123,0,0,1,0.2125,0.2125,0.381042614137851,1,closed_loop_monte_carlo,ok,ok,-2208.10767212647
online_reestimate,Online parameter re-estimation,Part A-selected order,Re-estimate parameters at each forecast origin,WHO-derived COVID-19 daily cases,SE,Sweden,real,Sweden,AR,None,/home/kaahin/degree_project/hybrid-epidemic-forecasting/results/partC/forecasts/partC_forecast_online_reestimate_AR_None.mat,forecast_results,952,2022-10-30,953,0.0325184999480574,0.0325184999480574,0.0500288361871223,0.0441308656511382,0.00490342951679314,0.0272100489940484,0.000405021437215832,0,0.964285714285714,0.176785714285714,0.2125,0.441760777706777,1,closed_loop_monte_carlo,ok,ok,-2231.19850797201
online_reestimate,Online parameter re-estimation,Part A-selected order,Re-estimate parameters at each forecast origin,WHO-derived COVID-19 daily cases,SE,Sweden,real,Sweden,AR,None,/home/kaahin/degree_project/hybrid-epidemic-forecasting/results/partC/forecasts/partC_forecast_online_reestimate_AR_None.mat,forecast_results,959,2022-11-06,960,0.0334713451836496,0.0334713451836496,0.0520185403692653,0.0458672386968994,0.00509635985521105,0.027915229687073,0,0.00045975564136558,0.964285714285714,0.176785714285714,0.2125,0.43713999486262,1,closed_loop_monte_carlo,ok,ok,-2254.19977664777
online_reestimate,Online parameter re-estimation,Part A-selected order,Re-estimate parameters at each forecast origin,WHO-derived COVID-19 daily cases,SE,Sweden,real,Sweden,AR,None,/home/kaahin/degree_project/hybrid-epidemic-forecasting/results/partC/forecasts/partC_forecast_online_reestimate_AR_None.mat,forecast_results,966,2022-11-13,967,0.0350841874521352,0.0350841874521352,0.0803408874598987,0.0651368620577948,0.00723742911753275,0.0255064132460261,0.000822599185321918,0.00151774590325438,0.892857142857143,0.105357142857143,0.2125,0.440280040120414,1,closed_loop_monte_carlo,ok,ok,-2276.86197262545
online_reestimate,Online parameter re-estimation,Part A-selected order,Re-estimate parameters at each forecast origin,WHO-derived COVID-19 daily cases,SE,Sweden,real,Sweden,AR,None,/home/kaahin/degree_project/hybrid-epidemic-forecasting/results/partC/forecasts/partC_forecast_online_reestimate_AR_None.mat,forecast_results,973,2022-11-20,974,0.101994147455004,0.101994147455004,0.230869292433504,0.187649339265222,0.0208499265850246,0.02443685342041,0,0.0567073674495694,0.553571428571429,-0.233928571428571,0.398214285714286,0.366638001775231,1,closed_loop_monte_carlo,ok,ok,-2299.98646470353
online_reestimate,Online parameter re-estimation,Part A-selected order,Re-estimate parameters at each forecast origin,WHO-derived COVID-19 daily cases,SE,Sweden,real,Sweden,AR,None,/home/kaahin/degree_project/hybrid-epidemic-forecasting/results/partC/forecasts/partC_forecast_online_reestimate_AR_None.mat,forecast_results,980,2022-11-27,981,0.119747862266362,0.119747862266362,0.261757513040426,0.241498828307714,0.0268332031453016,0.0312402218382026,0,0.0616744372828578,0.428571428571429,-0.358928571428571,0.442857142857143,0.646392867625185,1,closed_loop_monte_carlo,ok,ok,-2322.8942280795
online_reestimate,Online parameter re-estimation,Part A-selected order,Re-estimate parameters at each forecast origin,WHO-derived COVID-19 daily cases,SE,Sweden,real,Sweden,AR,None,/home/kaahin/degree_project/hybrid-epidemic-forecasting/results/partC/forecasts/partC_forecast_online_reestimate_AR_None.mat,forecast_results,987,2022-12-04,988,0.0514939832450871,0.0514939832450871,0.125983970165321,0.116872080269455,0.0129857866966062,0.0298259595021265,0,0.00868223704635436,0.803571428571429,0.0160714285714286,0.2125,0.541733293442902,1,closed_loop_monte_carlo,ok,ok,-2343.61431872088
online_reestimate,Online parameter re-estimation,Part A-selected order,Re-estimate parameters at each forecast origin,WHO-derived COVID-19 daily cases,SE,Sweden,real,Sweden,AR,None,/home/kaahin/degree_project/hybrid-epidemic-forecasting/results/partC/forecasts/partC_forecast_online_reestimate_AR_None.mat,forecast_results,994,2022-12-11,995,0.039176451179402,0.039176451179402,0.0732501288271839,0.0623732604569793,0.0069303622729977,0.0308755714230809,0,0.00137051748332334,0.928571428571429,0.141071428571429,0.2125,0.506203302661267,1,closed_loop_monte_carlo,ok,ok,-2365.48739988004
online_reestimate,Online parameter re-estimation,Part A-selected order,Re-estimate parameters at each forecast origin,WHO-derived COVID-19 daily cases,SE,Sweden,real,Sweden,ARX,I,/home/kaahin/degree_project/hybrid-epidemic-forecasting/results/partC/forecasts/partC_forecast_online_reestimate_ARX_I.mat,forecast_results,812,2022-06-12,813,0.0647859010845455,0.0647859010845455,0.188338462945699,0.149391011199801,0.0165990012444223,0.04168000751673,0.000953488040304493,0.00555340428308873,0.892857142857143,0.105357142857143,0.2125,0.722973326981701,1,closed_loop_monte_carlo,ok,ok,-2323.44006184555
online_reestimate,Online parameter re-estimation,Part A-selected order,Re-estimate parameters at each forecast origin,WHO-derived COVID-19 daily cases,SE,Sweden,real,Sweden,ARX,I,/home/kaahin/degree_project/hybrid-epidemic-forecasting/results/partC/forecasts/partC_forecast_online_reestimate_ARX_I.mat,forecast_results,819,2022-06-19,820,0.075712297798157,0.075712297798157,0.20263813023312,0.175944931282325,0.0195494368091472,0.0291953669782944,0,0.0269674940107154,0.660714285714286,-0.126785714285714,0.298214285714286,0.489792620397729,1,closed_loop_monte_carlo,ok,ok,-2347.15278048587
online_reestimate,Online parameter re-estimation,Part A-selected order,Re-estimate parameters at each forecast origin,WHO-derived COVID-19 daily cases,SE,Sweden,real,Sweden,ARX,I,/home/kaahin/degree_project/hybrid-epidemic-forecasting/results/partC/forecasts/partC_forecast_online_reestimate_ARX_I.mat,forecast_results,826,2022-06-26,827,0.0470240153778684,0.0470240153778684,0.0822298240624309,0.0619673101652457,0.0068852566850273,0.0386305051760275,6.56484372575672e-05,0.00144260507955601,0.928571428571429,0.141071428571429,0.2125,0.758317165999774,1,closed_loop_monte_carlo,ok,ok,-2368.00034695055
online_reestimate,Online parameter re-estimation,Part A-selected order,Re-estimate parameters at each forecast origin,WHO-derived COVID-19 daily cases,SE,Sweden,real,Sweden,ARX,I,/home/kaahin/degree_project/hybrid-epidemic-forecasting/results/partC/forecasts/partC_forecast_online_reestimate_ARX_I.mat,forecast_results,833,2022-07-03,834,0.0454265771618972,0.0454265771618972,0.106420887530906,0.0917441502715494,0.0101937944746166,0.0329200065341742,0.000411874591472453,0.00190090156163392,0.928571428571429,0.141071428571429,0.2125,0.520224093004322,1,closed_loop_monte_carlo,ok,ok,-2392.25251519021
online_reestimate,Online parameter re-estimation,Part A-selected order,Re-estimate parameters at each forecast origin,WHO-derived COVID-19 daily cases,SE,Sweden,real,Sweden,ARX,I,/home/kaahin/degree_project/hybrid-epidemic-forecasting/results/partC/forecasts/partC_forecast_online_reestimate_ARX_I.mat,forecast_results,840,2022-07-10,841,0.0506588050981987,0.0506588050981987,0.121537283371372,0.10993483564742,0.0122149817386022,0.0336054846650624,0,0.00483833869453404,0.892857142857143,0.105357142857143,0.2125,0.506441185075642,1,closed_loop_monte_carlo,ok,ok,-2418.36197963865
online_reestimate,Online parameter re-estimation,Part A-selected order,Re-estimate parameters at each forecast origin,WHO-derived COVID-19 daily cases,SE,Sweden,real,Sweden,ARX,I,/home/kaahin/degree_project/hybrid-epidemic-forecasting/results/partC/forecasts/partC_forecast_online_reestimate_ARX_I.mat,forecast_results,847,2022-07-17,848,0.0362784430036593,0.0362784430036593,0.0543991879682345,0.0469044622826398,0.00521160692029331,0.0307186971171514,0.000348138966214614,0,0.964285714285714,0.176785714285714,0.2125,0.467116940466059,1,closed_loop_monte_carlo,ok,ok,-2443.85281605047
online_reestimate,Online parameter re-estimation,Part A-selected order,Re-estimate parameters at each forecast origin,WHO-derived COVID-19 daily cases,SE,Sweden,real,Sweden,ARX,I,/home/kaahin/degree_project/hybrid-epidemic-forecasting/results/partC/forecasts/partC_forecast_online_reestimate_ARX_I.mat,forecast_results,854,2022-07-24,855,0.0369173419702757,0.0369173419702757,0.0696776301371483,0.0625968237276417,0.00695520263640464,0.0295135688754231,0.000448570458447905,0,0.964285714285714,0.176785714285714,0.2125,0.457245978532281,1,closed_loop_monte_carlo,ok,ok,-2470.4245892072
online_reestimate,Online parameter re-estimation,Part A-selected order,Re-estimate parameters at each forecast origin,WHO-derived COVID-19 daily cases,SE,Sweden,real,Sweden,ARX,I,/home/kaahin/degree_project/hybrid-epidemic-forecasting/results/partC/forecasts/partC_forecast_online_reestimate_ARX_I.mat,forecast_results,861,2022-07-31,862,0.0360079773900609,0.0360079773900609,0.0617063113804262,0.0544322911001428,0.00604803234446031,0.0299599450456006,0,0,1,0.2125,0.2125,0.474289480762027,1,closed_loop_monte_carlo,ok,ok,-2496.74539599031
online_reestimate,Online parameter re-estimation,Part A-selected order,Re-estimate parameters at each forecast origin,WHO-derived COVID-19 daily cases,SE,Sweden,real,Sweden,ARX,I,/home/kaahin/degree_project/hybrid-epidemic-forecasting/results/partC/forecasts/partC_forecast_online_reestimate_ARX_I.mat,forecast_results,868,2022-08-07,869,0.02874984208984,0.02874984208984,0.0204160168470209,0.0172868052688407,0.0019207561409823,0.0268290859488577,0,0,1,0.2125,0.2125,0.423745953533542,1,closed_loop_monte_carlo,ok,ok,-2523.8492553807
online_reestimate,Online parameter re-estimation,Part A-selected order,Re-estimate parameters at each forecast origin,WHO-derived COVID-19 daily cases,SE,Sweden,real,Sweden,ARX,I,/home/kaahin/degree_project/hybrid-epidemic-forecasting/results/partC/forecasts/partC_forecast_online_reestimate_ARX_I.mat,forecast_results,875,2022-08-14,876,0.0484493120030846,0.0484493120030846,0.121556564304663,0.0918329079474836,0.0102036564386093,0.031290576945561,0.00695507861891431,0,0.910714285714286,0.123214285714286,0.223214285714286,0.585498735202938,1,closed_loop_monte_carlo,ok,ok,-2550.9584133583
online_reestimate,Online parameter re-estimation,Part A-selected order,Re-estimate parameters at each forecast origin,WHO-derived COVID-19 daily cases,SE,Sweden,real,Sweden,ARX,I,/home/kaahin/degree_project/hybrid-epidemic-forecasting/results/partC/forecasts/partC_forecast_online_reestimate_ARX_I.mat,forecast_results,882,2022-08-21,883,0.0414989774683499,0.0414989774683499,0.102901160960403,0.085353454888851,0.00948371720987234,0.0287769125962621,0.00323834766221537,0,0.910714285714286,0.123214285714286,0.2125,0.422495328309356,1,closed_loop_monte_carlo,ok,ok,-2577.9574910099
online_reestimate,Online parameter re-estimation,Part A-selected order,Re-estimate parameters at each forecast origin,WHO-derived COVID-19 daily cases,SE,Sweden,real,Sweden,ARX,I,/home/kaahin/degree_project/hybrid-epidemic-forecasting/results/partC/forecasts/partC_forecast_online_reestimate_ARX_I.mat,forecast_results,889,2022-08-28,890,0.0306043336967141,0.0306043336967141,0.0582279548385551,0.0507141381710656,0.00563490424122951,0.0244418516228438,0,0.000527577832640731,0.964285714285714,0.176785714285714,0.2125,0.383999601393346,1,closed_loop_monte_carlo,ok,ok,-2602.73637830662
online_reestimate,Online parameter re-estimation,Part A-selected order,Re-estimate parameters at each forecast origin,WHO-derived COVID-19 daily cases,SE,Sweden,real,Sweden,ARX,I,/home/kaahin/degree_project/hybrid-epidemic-forecasting/results/partC/forecasts/partC_forecast_online_reestimate_ARX_I.mat,forecast_results,896,2022-09-04,897,0.0316369587636831,0.0316369587636831,0.0457660925105432,0.0372271602598552,0.00413635113998391,0.0275006076236992,0,0,1,0.2125,0.2125,0.426765306704317,1,closed_loop_monte_carlo,ok,ok,-2629.25031184554
online_reestimate,Online parameter re-estimation,Part A-selected order,Re-estimate parameters at each forecast origin,WHO-derived COVID-19 daily cases,SE,Sweden,real,Sweden,ARX,I,/home/kaahin/degree_project/hybrid-epidemic-forecasting/results/partC/forecasts/partC_forecast_online_reestimate_ARX_I.mat,forecast_results,903,2022-09-11,904,0.0310172037798269,0.0310172037798269,0.0475566948995155,0.0431596702300887,0.00479551891445429,0.0256511036807014,0.000570581184671234,0,0.964285714285714,0.176785714285714,0.2125,0.383730086361303,1,closed_loop_monte_carlo,ok,ok,-2655.25710383512
online_reestimate,Online parameter re-estimation,Part A-selected order,Re-estimate parameters at each forecast origin,WHO-derived COVID-19 daily cases,SE,Sweden,real,Sweden,ARX,I,/home/kaahin/degree_project/hybrid-epidemic-forecasting/results/partC/forecasts/partC_forecast_online_reestimate_ARX_I.mat,forecast_results,910,2022-09-18,911,0.220286480800925,0.220286480800925,0.627174316978057,0.253003074949845,0.028111452772205,0.0284784974701451,0,0.163696530558575,0.857142857142857,0.0696428571428571,0.294642857142857,0.412725583677741,1,closed_loop_monte_carlo,ok,ok,-2681.02298269125
online_reestimate,Online parameter re-estimation,Part A-selected order,Re-estimate parameters at each forecast origin,WHO-derived COVID-19 daily cases,SE,Sweden,real,Sweden,ARX,I,/home/kaahin/degree_project/hybrid-epidemic-forecasting/results/partC/forecasts/partC_forecast_online_reestimate_ARX_I.mat,forecast_results,917,2022-09-25,918,0.468256038111103,0.468256038111103,0.824846264864107,0.561253990245843,0.0623615544717604,0.022398050388984,0.062831796930227,0.320664636320131,0.482142857142857,-0.305357142857143,0.5,0.338892260232198,1,closed_loop_monte_carlo,ok,ok,-2708.53401895759
online_reestimate,Online parameter re-estimation,Part A-selected order,Re-estimate parameters at each forecast origin,WHO-derived COVID-19 daily cases,SE,Sweden,real,Sweden,ARX,I,/home/kaahin/degree_project/hybrid-epidemic-forecasting/results/partC/forecasts/partC_forecast_online_reestimate_ARX_I.mat,forecast_results,924,2022-10-02,925,0.653168603694817,0.653168603694817,0.908430350182806,0.832140280474256,0.0924600311638063,0.0455450631136628,0.515163509417348,0,0.0357142857142857,-0.751785714285714,0.757142857142857,0.831130368716081,1,closed_loop_monte_carlo,ok,ok,-2454.41058786375
online_reestimate,Online parameter re-estimation,Part A-selected order,Re-estimate parameters at each forecast origin,WHO-derived COVID-19 daily cases,SE,Sweden,real,Sweden,ARX,I,/home/kaahin/degree_project/hybrid-epidemic-forecasting/results/partC/forecasts/partC_forecast_online_reestimate_ARX_I.mat,forecast_results,931,2022-10-09,932,0.0699715923969136,0.0699715923969136,0.183038650848942,0.158440373825526,0.017604485980614,0.0183240176194036,5.98462976263839e-05,0.0339832424992695,0.517857142857143,-0.269642857142857,0.407142857142857,0.342011962314832,1,closed_loop_monte_carlo,ok,ok,-2161.16693678928
online_reestimate,Online parameter re-estimation,Part A-selected order,Re-estimate parameters at each forecast origin,WHO-derived COVID-19 daily cases,SE,Sweden,real,Sweden,ARX,I,/home/kaahin/degree_project/hybrid-epidemic-forecasting/results/partC/forecasts/partC_forecast_online_reestimate_ARX_I.mat,forecast_results,938,2022-10-16,939,0.0314762522741097,0.0314762522741097,0.0570567776489952,0.0497508220169037,0.0055278691129893,0.0251854360529466,0,0.000762947108173861,0.910714285714286,0.123214285714286,0.2125,0.440144062608055,1,closed_loop_monte_carlo,ok,ok,-2181.36015618645
online_reestimate,Online parameter re-estimation,Part A-selected order,Re-estimate parameters at each forecast origin,WHO-derived COVID-19 daily cases,SE,Sweden,real,Sweden,ARX,I,/home/kaahin/degree_project/hybrid-epidemic-forecasting/results/partC/forecasts/partC_forecast_online_reestimate_ARX_I.mat,forecast_results,945,2022-10-23,946,0.0374488750513795,0.0374488750513795,0.064888120474022,0.0548345903846998,0.00609273226496664,0.0298065579315244,0,0.00154958485488848,0.946428571428571,0.158928571428571,0.2125,0.546018404020407,1,closed_loop_monte_carlo,ok,ok,-2204.45845225071
online_reestimate,Online parameter re-estimation,Part A-selected order,Re-estimate parameters at each forecast origin,WHO-derived COVID-19 daily cases,SE,Sweden,real,Sweden,ARX,I,/home/kaahin/degree_project/hybrid-epidemic-forecasting/results/partC/forecasts/partC_forecast_online_reestimate_ARX_I.mat,forecast_results,952,2022-10-30,953,0.0309237334214,0.0309237334214,0.0424830961396038,0.037346160884524,0.00414957343161378,0.0267741599897862,0,0,1,0.2125,0.2125,0.439832030616224,1,closed_loop_monte_carlo,ok,ok,-2227.55778923711
online_reestimate,Online parameter re-estimation,Part A-selected order,Re-estimate parameters at each forecast origin,WHO-derived COVID-19 daily cases,SE,Sweden,real,Sweden,ARX,I,/home/kaahin/degree_project/hybrid-epidemic-forecasting/results/partC/forecasts/partC_forecast_online_reestimate_ARX_I.mat,forecast_results,959,2022-11-06,960,0.0366429945367543,0.0366429945367543,0.0631970418419332,0.0545019398595607,0.00605577109550674,0.0300354851173029,0,0.000551738323944649,0.946428571428571,0.158928571428571,0.2125,0.565187278500902,1,closed_loop_monte_carlo,ok,ok,-2250.58085738459
online_reestimate,Online parameter re-estimation,Part A-selected order,Re-estimate parameters at each forecast origin,WHO-derived COVID-19 daily cases,SE,Sweden,real,Sweden,ARX,I,/home/kaahin/degree_project/hybrid-epidemic-forecasting/results/partC/forecasts/partC_forecast_online_reestimate_ARX_I.mat,forecast_results,966,2022-11-13,967,0.0346278614926917,0.0346278614926917,0.0765506988306874,0.0672768696881141,0.00747520774312379,0.024824866155926,0.00145398083418348,0.000873806759458434,0.892857142857143,0.105357142857143,0.2125,0.417844162424053,1,closed_loop_monte_carlo,ok,ok,-2273.2517303564
online_reestimate,Online parameter re-estimation,Part A-selected order,Re-estimate parameters at each forecast origin,WHO-derived COVID-19 daily cases,SE,Sweden,real,Sweden,ARX,I,/home/kaahin/degree_project/hybrid-epidemic-forecasting/results/partC/forecasts/partC_forecast_online_reestimate_ARX_I.mat,forecast_results,973,2022-11-20,974,0.0720697676465915,0.0720697676465915,0.208281225329913,0.163565472735008,0.0181739414150009,0.0313654154355383,0,0.0225304107960522,0.75,-0.0375,0.255357142857143,0.614426806324771,1,closed_loop_monte_carlo,ok,ok,-2296.39352895258
online_reestimate,Online parameter re-estimation,Part A-selected order,Re-estimate parameters at each forecast origin,WHO-derived COVID-19 daily cases,SE,Sweden,real,Sweden,ARX,I,/home/kaahin/degree_project/hybrid-epidemic-forecasting/results/partC/forecasts/partC_forecast_online_reestimate_ARX_I.mat,forecast_results,980,2022-11-27,981,0.148412416840801,0.148412416840801,0.27787484229337,0.255271719728652,0.0283635244142947,0.0216924320965001,0,0.0983564603300063,0.214285714285714,-0.573214285714286,0.628571428571428,0.329172861788594,1,closed_loop_monte_carlo,ok,ok,-2319.30332467194
online_reestimate,Online parameter re-estimation,Part A-selected order,Re-estimate parameters at each forecast origin,WHO-derived COVID-19 daily cases,SE,Sweden,real,Sweden,ARX,I,/home/kaahin/degree_project/hybrid-epidemic-forecasting/results/partC/forecasts/partC_forecast_online_reestimate_ARX_I.mat,forecast_results,987,2022-12-04,988,0.0506597611304022,0.0506597611304022,0.135898420113457,0.126449088140371,0.0140498986822635,0.0292960196960911,0,0.00731384275204766,0.821428571428571,0.0339285714285714,0.2125,0.467102743310178,1,closed_loop_monte_carlo,ok,ok,-2340.01568631056
online_reestimate,Online parameter re-estimation,Part A-selected order,Re-estimate parameters at each forecast origin,WHO-derived COVID-19 daily cases,SE,Sweden,real,Sweden,ARX,I,/home/kaahin/degree_project/hybrid-epidemic-forecasting/results/partC/forecasts/partC_forecast_online_reestimate_ARX_I.mat,forecast_results,994,2022-12-11,995,0.0310655693715714,0.0310655693715714,0.0503320847326758,0.0408246465536658,0.0045360718392962,0.0259718269710053,7.95830049712698e-05,0.00047808755629862,0.946428571428571,0.158928571428571,0.2125,0.400719000915061,1,closed_loop_monte_carlo,ok,ok,-2361.89310351037
local_order_retuning,Local order retuning,Local real-data order retuning around Part A-selected order,Re-estimate parameters at each forecast origin,WHO-derived COVID-19 daily cases,SE,Sweden,real,Sweden,AR,None,/home/kaahin/degree_project/hybrid-epidemic-forecasting/results/partC/forecasts/partC_forecast_local_order_retuning_AR_None.mat,forecast_results,812,2022-06-12,813,0.0625672543154185,0.0625672543154185,0.150647354400876,0.137716815666137,0.0153018684073486,0.0358189791819851,0.00887564394466754,0.00257076278141725,0.839285714285714,0.0517857142857143,0.2125,0.599330822782205,1,closed_loop_monte_carlo,ok,ok,-2159.8956960762
local_order_retuning,Local order retuning,Local real-data order retuning around Part A-selected order,Re-estimate parameters at each forecast origin,WHO-derived COVID-19 daily cases,SE,Sweden,real,Sweden,AR,None,/home/kaahin/degree_project/hybrid-epidemic-forecasting/results/partC/forecasts/partC_forecast_local_order_retuning_AR_None.mat,forecast_results,819,2022-06-19,820,0.0925623768707795,0.0925623768707795,0.214538815060283,0.186351705078852,0.0207057450087614,0.0252050829114944,0,0.0466515489505237,0.535714285714286,-0.251785714285714,0.3875,0.389815886847921,1,closed_loop_monte_carlo,ok,ok,-2181.58320465036
local_order_retuning,Local order retuning,Local real-data order retuning around Part A-selected order,Re-estimate parameters at each forecast origin,WHO-derived COVID-19 daily cases,SE,Sweden,real,Sweden,AR,None,/home/kaahin/degree_project/hybrid-epidemic-forecasting/results/partC/forecasts/partC_forecast_local_order_retuning_AR_None.mat,forecast_results,826,2022-06-26,827,0.0356629701723624,0.0356629701723624,0.0693213565011715,0.0622053124956745,0.00691170138840828,0.0275534138189725,0.0011978549649816,0,0.910714285714286,0.123214285714286,0.2125,0.43644451263354,1,closed_loop_monte_carlo,ok,ok,-2198.27708708136
local_order_retuning,Local order retuning,Local real-data order retuning around Part A-selected order,Re-estimate parameters at each forecast origin,WHO-derived COVID-19 daily cases,SE,Sweden,real,Sweden,AR,None,/home/kaahin/degree_project/hybrid-epidemic-forecasting/results/partC/forecasts/partC_forecast_local_order_retuning_AR_None.mat,forecast_results,833,2022-07-03,834,0.0483761216499275,0.0483761216499275,0.102654126546808,0.0926872576576427,0.0102985841841825,0.0316309462358463,0.00644659122989875,0,0.839285714285714,0.0517857142857143,0.223214285714286,0.502271138643733,1,closed_loop_monte_carlo,ok,ok,-2221.25680661665
local_order_retuning,Local order retuning,Local real-data order retuning around Part A-selected order,Re-estimate parameters at each forecast origin,WHO-derived COVID-19 daily cases,SE,Sweden,real,Sweden,AR,None,/home/kaahin/degree_project/hybrid-epidemic-forecasting/results/partC/forecasts/partC_forecast_local_order_retuning_AR_None.mat,forecast_results,840,2022-07-10,841,0.0431238710280289,0.0431238710280289,0.118150279289947,0.104613459735517,0.0116237177483907,0.0234551197139818,0,0.00804503356565646,0.821428571428571,0.0339285714285714,0.233928571428571,0.355445225273691,1,closed_loop_monte_carlo,ok,ok,-2245.43084195291
local_order_retuning,Local order retuning,Local real-data order retuning around Part A-selected order,Re-estimate parameters at each forecast origin,WHO-derived COVID-19 daily cases,SE,Sweden,real,Sweden,AR,None,/home/kaahin/degree_project/hybrid-epidemic-forecasting/results/partC/forecasts/partC_forecast_local_order_retuning_AR_None.mat,forecast_results,847,2022-07-17,848,0.0409046970480759,0.0409046970480759,0.113469262337059,0.100205188845938,0.0111339098717709,0.0240817934512495,0.00568899372505557,0,0.857142857142857,0.0696428571428571,0.2125,0.376231929748173,1,closed_loop_monte_carlo,ok,ok,-2269.1547446176
local_order_retuning,Local order retuning,Local real-data order retuning around Part A-selected order,Re-estimate parameters at each forecast origin,WHO-derived COVID-19 daily cases,SE,Sweden,real,Sweden,AR,None,/home/kaahin/degree_project/hybrid-epidemic-forecasting/results/partC/forecasts/partC_forecast_local_order_retuning_AR_None.mat,forecast_results,854,2022-07-24,855,0.0296376825642388,0.0296376825642388,0.0483221896981091,0.0401728800375958,0.00446365333751064,0.0251191691661889,5.48600605393465e-05,0,0.982142857142857,0.194642857142857,0.2125,0.375613773047686,1,closed_loop_monte_carlo,ok,ok,-2294.26408804041
local_order_retuning,Local order retuning,Local real-data order retuning around Part A-selected order,Re-estimate parameters at each forecast origin,WHO-derived COVID-19 daily cases,SE,Sweden,real,Sweden,AR,None,/home/kaahin/degree_project/hybrid-epidemic-forecasting/results/partC/forecasts/partC_forecast_local_order_retuning_AR_None.mat,forecast_results,861,2022-07-31,862,0.0347977620856684,0.0347977620856684,0.0686778657214975,0.0632635807017606,0.00702928674464006,0.0273947485979811,0,0.000373726743047317,0.946428571428571,0.158928571428571,0.2125,0.471854859275957,1,closed_loop_monte_carlo,ok,ok,-2319.08772390062
local_order_retuning,Local order retuning,Local real-data order retuning around Part A-selected order,Re-estimate parameters at each forecast origin,WHO-derived COVID-19 daily cases,SE,Sweden,real,Sweden,AR,None,/home/kaahin/degree_project/hybrid-epidemic-forecasting/results/partC/forecasts/partC_forecast_local_order_retuning_AR_None.mat,forecast_results,868,2022-08-07,869,0.0293595450934632,0.0293595450934632,0.0254407703769548,0.0198678266558452,0.00220753629509392,0.0271520087983693,0,0,1,0.2125,0.2125,0.405729266816242,1,closed_loop_monte_carlo,ok,ok,-2344.52238032928
local_order_retuning,Local order retuning,Local real-data order retuning around Part A-selected order,Re-estimate parameters at each forecast origin,WHO-derived COVID-19 daily cases,SE,Sweden,real,Sweden,AR,None,/home/kaahin/degree_project/hybrid-epidemic-forecasting/results/partC/forecasts/partC_forecast_local_order_retuning_AR_None.mat,forecast_results,875,2022-08-14,876,0.0454416482896004,0.0454416482896004,0.125502894484105,0.0946789627069359,0.0105198847452151,0.0277079586882895,0.00721380485609584,0,0.857142857142857,0.0696428571428571,0.233928571428571,0.444464307331512,1,closed_loop_monte_carlo,ok,ok,-2370.13730256254
local_order_retuning,Local order retuning,Local real-data order retuning around Part A-selected order,Re-estimate parameters at each forecast origin,WHO-derived COVID-19 daily cases,SE,Sweden,real,Sweden,AR,None,/home/kaahin/degree_project/hybrid-epidemic-forecasting/results/partC/forecasts/partC_forecast_local_order_retuning_AR_None.mat,forecast_results,882,2022-08-21,883,0.0404945829887043,0.0404945829887043,0.108480962807572,0.0905053993497298,0.0100561554833033,0.0229194678464657,0.00751895965893527,0,0.803571428571429,0.0160714285714286,0.244642857142857,0.335645325830872,1,closed_loop_monte_carlo,ok,ok,-2395.50143510052
local_order_retuning,Local order retuning,Local real-data order retuning around Part A-selected order,Re-estimate parameters at each forecast origin,WHO-derived COVID-19 daily cases,SE,Sweden,real,Sweden,AR,None,/home/kaahin/degree_project/hybrid-epidemic-forecasting/results/partC/forecasts/partC_forecast_local_order_retuning_AR_None.mat,forecast_results,889,2022-08-28,890,0.038352931374802,0.038352931374802,0.114444178420704,0.107419015498194,0.011935446166466,0.017551522978579,0,0.00886596222975696,0.696428571428571,-0.0910714285714286,0.255357142857143,0.248927330305855,1,closed_loop_monte_carlo,ok,ok,-2417.96483663238
local_order_retuning,Local order retuning,Local real-data order retuning around Part A-selected order,Re-estimate parameters at each forecast origin,WHO-derived COVID-19 daily cases,SE,Sweden,real,Sweden,AR,None,/home/kaahin/degree_project/hybrid-epidemic-forecasting/results/partC/forecasts/partC_forecast_local_order_retuning_AR_None.mat,forecast_results,896,2022-09-04,897,0.0326884523523909,0.0326884523523909,0.0531280658367966,0.046939310458427,0.00521547893982523,0.0271974614266746,0,0.00027551198589102,0.964285714285714,0.176785714285714,0.2125,0.415858801814773,1,closed_loop_monte_carlo,ok,ok,-2442.47087148615
local_order_retuning,Local order retuning,Local real-data order retuning around Part A-selected order,Re-estimate parameters at each forecast origin,WHO-derived COVID-19 daily cases,SE,Sweden,real,Sweden,AR,None,/home/kaahin/degree_project/hybrid-epidemic-forecasting/results/partC/forecasts/partC_forecast_local_order_retuning_AR_None.mat,forecast_results,903,2022-09-11,904,0.0287230990968685,0.0287230990968685,0.0482695945443379,0.0411877426790506,0.00457641585322784,0.0240272317800246,0.000119451463616087,0,0.982142857142857,0.194642857142857,0.2125,0.374525732172214,1,closed_loop_monte_carlo,ok,ok,-2467.26435639091
local_order_retuning,Local order retuning,Local real-data order retuning around Part A-selected order,Re-estimate parameters at each forecast origin,WHO-derived COVID-19 daily cases,SE,Sweden,real,Sweden,AR,None,/home/kaahin/degree_project/hybrid-epidemic-forecasting/results/partC/forecasts/partC_forecast_local_order_retuning_AR_None.mat,forecast_results,910,2022-09-18,911,0.209012850109169,0.209012850109169,0.622785693286544,0.25868766253048,0.0287430736144977,0.0283335320633331,0,0.151936244431338,0.857142857142857,0.0696428571428571,0.294642857142857,0.492651419369052,1,closed_loop_monte_carlo,ok,ok,-2492.50822309763
local_order_retuning,Local order retuning,Local real-data order retuning around Part A-selected order,Re-estimate parameters at each forecast origin,WHO-derived COVID-19 daily cases,SE,Sweden,real,Sweden,AR,None,/home/kaahin/degree_project/hybrid-epidemic-forecasting/results/partC/forecasts/partC_forecast_local_order_retuning_AR_None.mat,forecast_results,917,2022-09-25,918,0.458182155742316,0.458182155742316,0.849845698981256,0.583051608322549,0.0647835120358388,0.0292325917115921,0.0554615059245408,0.308704546070344,0.464285714285714,-0.323214285714286,0.5,0.432311354009791,1,closed_loop_monte_carlo,ok,ok,-2518.55090467116
local_order_retuning,Local order retuning,Local real-data order retuning around Part A-selected order,Re-estimate parameters at each forecast origin,WHO-derived COVID-19 daily cases,SE,Sweden,real,Sweden,AR,None,/home/kaahin/degree_project/hybrid-epidemic-forecasting/results/partC/forecasts/partC_forecast_local_order_retuning_AR_None.mat,forecast_results,924,2022-10-02,925,0.878584651071458,0.878584651071458,1.24459409001551,1.16756141063756,0.129729045626396,0.0513764523090336,0.697479153136029,0,0.0357142857142857,-0.751785714285714,0.757142857142857,0.832944600591803,1,closed_loop_monte_carlo,ok,ok,-2331.24099125032
local_order_retuning,Local order retuning,Local real-data order retuning around Part A-selected order,Re-estimate parameters at each forecast origin,WHO-derived COVID-19 daily cases,SE,Sweden,real,Sweden,AR,None,/home/kaahin/degree_project/hybrid-epidemic-forecasting/results/partC/forecasts/partC_forecast_local_order_retuning_AR_None.mat,forecast_results,931,2022-10-09,932,0.185378067285132,0.185378067285132,0.280763392557088,0.244950773181832,0.0272167525757591,0.0116409199796225,0,0.146520394729751,0.178571428571429,-0.608928571428571,0.675,0.18016516907472,1,closed_loop_monte_carlo,ok,ok,-2059.76315306887
local_order_retuning,Local order retuning,Local real-data order retuning around Part A-selected order,Re-estimate parameters at each forecast origin,WHO-derived COVID-19 daily cases,SE,Sweden,real,Sweden,AR,None,/home/kaahin/degree_project/hybrid-epidemic-forecasting/results/partC/forecasts/partC_forecast_local_order_retuning_AR_None.mat,forecast_results,938,2022-10-16,939,0.0399133633048591,0.0399133633048591,0.104653614835539,0.100211917236934,0.0111346574707705,0.01892060742435,0,0.00985809840973869,0.678571428571429,-0.108928571428571,0.280357142857143,0.296826799123299,1,closed_loop_monte_carlo,ok,ok,-2071.54769222448
local_order_retuning,Local order retuning,Local real-data order retuning around Part A-selected order,Re-estimate parameters at each forecast origin,WHO-derived COVID-19 daily cases,SE,Sweden,real,Sweden,AR,None,/home/kaahin/degree_project/hybrid-epidemic-forecasting/results/partC/forecasts/partC_forecast_local_order_retuning_AR_None.mat,forecast_results,945,2022-10-23,946,0.0248193981541436,0.0248193981541436,0.0354222752190325,0.0270423806121279,0.0030047089569031,0.0218146891972405,0,0,1,0.2125,0.2125,0.341230956931528,1,closed_loop_monte_carlo,ok,ok,-2092.89478138225
local_order_retuning,Local order retuning,Local real-data order retuning around Part A-selected order,Re-estimate parameters at each forecast origin,WHO-derived COVID-19 daily cases,SE,Sweden,real,Sweden,AR,None,/home/kaahin/degree_project/hybrid-epidemic-forecasting/results/partC/forecasts/partC_forecast_local_order_retuning_AR_None.mat,forecast_results,952,2022-10-30,953,0.0295494211578162,0.0295494211578162,0.0422908789390985,0.0332441235228623,0.00369379150254025,0.0258384171930707,1.72124622052548e-05,0,0.982142857142857,0.194642857142857,0.2125,0.384765202518124,1,closed_loop_monte_carlo,ok,ok,-2114.96402467548
local_order_retuning,Local order retuning,Local real-data order retuning around Part A-selected order,Re-estimate parameters at each forecast origin,WHO-derived COVID-19 daily cases,SE,Sweden,real,Sweden,AR,None,/home/kaahin/degree_project/hybrid-epidemic-forecasting/results/partC/forecasts/partC_forecast_local_order_retuning_AR_None.mat,forecast_results,959,2022-11-06,960,0.0282094757729124,0.0282094757729124,0.0496961549745948,0.0418279291110982,0.0046475476790109,0.0231478495011516,0,0.000414078592749866,0.964285714285714,0.176785714285714,0.2125,0.354306203680823,1,closed_loop_monte_carlo,ok,ok,-2137.16571688745
local_order_retuning,Local order retuning,Local real-data order retuning around Part A-selected order,Re-estimate parameters at each forecast origin,WHO-derived COVID-19 daily cases,SE,Sweden,real,Sweden,AR,None,/home/kaahin/degree_project/hybrid-epidemic-forecasting/results/partC/forecasts/partC_forecast_local_order_retuning_AR_None.mat,forecast_results,966,2022-11-13,967,0.0351070623289233,0.0351070623289233,0.0831696418567726,0.0725171610133081,0.00805746233481201,0.0235744717148211,0.00222155755426285,0.00125357072502736,0.857142857142857,0.0696428571428571,0.2125,0.369672199601665,1,closed_loop_monte_carlo,ok,ok,-2158.96254908882
local_order_retuning,Local order retuning,Local real-data order retuning around Part A-selected order,Re-estimate parameters at each forecast origin,WHO-derived COVID-19 daily cases,SE,Sweden,real,Sweden,AR,None,/home/kaahin/degree_project/hybrid-epidemic-forecasting/results/partC/forecasts/partC_forecast_local_order_retuning_AR_None.mat,forecast_results,973,2022-11-20,974,0.0991654296512483,0.0991654296512483,0.225018687677523,0.188030249470686,0.0208922499411874,0.0222718266905109,0,0.05600135301955,0.482142857142857,-0.305357142857143,0.433928571428571,0.330634471303009,1,closed_loop_monte_carlo,ok,ok,-2180.9980360239
local_order_retuning,Local order retuning,Local real-data order retuning around Part A-selected order,Re-estimate parameters at each forecast origin,WHO-derived COVID-19 daily cases,SE,Sweden,real,Sweden,AR,None,/home/kaahin/degree_project/hybrid-epidemic-forecasting/results/partC/forecasts/partC_forecast_local_order_retuning_AR_None.mat,forecast_results,980,2022-11-27,981,0.0822163141021249,0.0822163141021249,0.216605510366127,0.200520223289639,0.0222800248099599,0.0315026748053104,0,0.0284336144868545,0.642857142857143,-0.144642857142857,0.291071428571429,0.581316823580246,1,closed_loop_monte_carlo,ok,ok,-2202.83504099384
local_order_retuning,Local order retuning,Local real-data order retuning around Part A-selected order,Re-estimate parameters at each forecast origin,WHO-derived COVID-19 daily cases,SE,Sweden,real,Sweden,AR,None,/home/kaahin/degree_project/hybrid-epidemic-forecasting/results/partC/forecasts/partC_forecast_local_order_retuning_AR_None.mat,forecast_results,987,2022-12-04,988,0.032363063024391,0.032363063024391,0.0489322081698088,0.040168133716602,0.00446312596851134,0.0278523706821483,4.75663737312759e-05,0,0.982142857142857,0.194642857142857,0.2125,0.47131532977658,1,closed_loop_monte_carlo,ok,ok,-2222.69912703239
local_order_retuning,Local order retuning,Local real-data order retuning around Part A-selected order,Re-estimate parameters at each forecast origin,WHO-derived COVID-19 daily cases,SE,Sweden,real,Sweden,AR,None,/home/kaahin/degree_project/hybrid-epidemic-forecasting/results/partC/forecasts/partC_forecast_local_order_retuning_AR_None.mat,forecast_results,994,2022-12-11,995,0.0403939984168976,0.0403939984168976,0.0632131330583426,0.0509343605073603,0.00565937338970669,0.0337776002904013,0.000957024736789585,0,0.964285714285714,0.176785714285714,0.2125,0.588935782439188,1,closed_loop_monte_carlo,ok,ok,-2244.2986031248
local_order_retuning,Local order retuning,Local real-data order retuning around Part A-selected order,Re-estimate parameters at each forecast origin,WHO-derived COVID-19 daily cases,SE,Sweden,real,Sweden,ARX,I,/home/kaahin/degree_project/hybrid-epidemic-forecasting/results/partC/forecasts/partC_forecast_local_order_retuning_ARX_I.mat,forecast_results,812,2022-06-12,813,0.06586702890095,0.06586702890095,0.16344458569074,0.144777018289829,0.0160863353655366,0.0284057972052843,0.0191879008828455,0.00218699544728363,0.660714285714286,-0.126785714285714,0.325,0.435029407176695,1,closed_loop_monte_carlo,ok,ok,-2163.93229916205
local_order_retuning,Local order retuning,Local real-data order retuning around Part A-selected order,Re-estimate parameters at each forecast origin,WHO-derived COVID-19 daily cases,SE,Sweden,real,Sweden,ARX,I,/home/kaahin/degree_project/hybrid-epidemic-forecasting/results/partC/forecasts/partC_forecast_local_order_retuning_ARX_I.mat,forecast_results,819,2022-06-19,820,0.0715108192029255,0.0715108192029255,0.188092931683802,0.156734787205826,0.0174149763562029,0.0248184483055134,0,0.0292773945412092,0.696428571428571,-0.0910714285714286,0.326785714285714,0.396326142243897,1,closed_loop_monte_carlo,ok,ok,-2185.61197066927
local_order_retuning,Local order retuning,Local real-data order retuning around Part A-selected order,Re-estimate parameters at each forecast origin,WHO-derived COVID-19 daily cases,SE,Sweden,real,Sweden,ARX,I,/home/kaahin/degree_project/hybrid-epidemic-forecasting/results/partC/forecasts/partC_forecast_local_order_retuning_ARX_I.mat,forecast_results,826,2022-06-26,827,0.0412817803068307,0.0412817803068307,0.0682045302827746,0.0660603803685681,0.00734004226317423,0.0327946750462565,0.00114706299739994,0,0.928571428571429,0.141071428571429,0.223214285714286,0.501378005099891,1,closed_loop_monte_carlo,ok,ok,-2202.28144613455
local_order_retuning,Local order retuning,Local real-data order retuning around Part A-selected order,Re-estimate parameters at each forecast origin,WHO-derived COVID-19 daily cases,SE,Sweden,real,Sweden,ARX,I,/home/kaahin/degree_project/hybrid-epidemic-forecasting/results/partC/forecasts/partC_forecast_local_order_retuning_ARX_I.mat,forecast_results,833,2022-07-03,834,0.0494487542348047,0.0494487542348047,0.113107656013657,0.0979986148118821,0.010888734979098,0.0287397188425768,0.00982030041312991,0,0.803571428571429,0.0160714285714286,0.258928571428571,0.440872844356841,1,closed_loop_monte_carlo,ok,ok,-2225.29256208547
local_order_retuning,Local order retuning,Local real-data order retuning around Part A-selected order,Re-estimate parameters at each forecast origin,WHO-derived COVID-19 daily cases,SE,Sweden,real,Sweden,ARX,I,/home/kaahin/degree_project/hybrid-epidemic-forecasting/results/partC/forecasts/partC_forecast_local_order_retuning_ARX_I.mat,forecast_results,840,2022-07-10,841,0.0404635495806651,0.0404635495806651,0.0961404110420479,0.0807276344047031,0.00896973715607812,0.0264296003550769,0,0.00506421206951007,0.821428571428571,0.0339285714285714,0.233928571428571,0.451057376045921,1,closed_loop_monte_carlo,ok,ok,-2249.53925409776
local_order_retuning,Local order retuning,Local real-data order retuning around Part A-selected order,Re-estimate parameters at each forecast origin,WHO-derived COVID-19 daily cases,SE,Sweden,real,Sweden,ARX,I,/home/kaahin/degree_project/hybrid-epidemic-forecasting/results/partC/forecasts/partC_forecast_local_order_retuning_ARX_I.mat,forecast_results,847,2022-07-17,848,0.0408195776529093,0.0408195776529093,0.0962676361579521,0.08625631308374,0.00958403478708222,0.0281080329773363,0.00312750988849086,0,0.875,0.0875,0.2125,0.44777663814225,1,closed_loop_monte_carlo,ok,ok,-2273.2709185788
local_order_retuning,Local order retuning,Local real-data order retuning around Part A-selected order,Re-estimate parameters at each forecast origin,WHO-derived COVID-19 daily cases,SE,Sweden,real,Sweden,ARX,I,/home/kaahin/degree_project/hybrid-epidemic-forecasting/results/partC/forecasts/partC_forecast_local_order_retuning_ARX_I.mat,forecast_results,854,2022-07-24,855,0.0359999638949965,0.0359999638949965,0.064508523791835,0.0580847143383638,0.00645385714870709,0.0281776754777764,0.00136843126851296,0,0.910714285714286,0.123214285714286,0.2125,0.442686953033179,1,closed_loop_monte_carlo,ok,ok,-2298.46059763212
local_order_retuning,Local order retuning,Local real-data order retuning around Part A-selected order,Re-estimate parameters at each forecast origin,WHO-derived COVID-19 daily cases,SE,Sweden,real,Sweden,ARX,I,/home/kaahin/degree_project/hybrid-epidemic-forecasting/results/partC/forecasts/partC_forecast_local_order_retuning_ARX_I.mat,forecast_results,861,2022-07-31,862,0.0325757696558867,0.0325757696558867,0.0588453919340637,0.053334673643008,0.00592607484922311,0.0264550579159494,0,0.000194636890714184,0.982142857142857,0.194642857142857,0.2125,0.477139807358868,1,closed_loop_monte_carlo,ok,ok,-2323.37426564865
local_order_retuning,Local order retuning,Local real-data order retuning around Part A-selected order,Re-estimate parameters at each forecast origin,WHO-derived COVID-19 daily cases,SE,Sweden,real,Sweden,ARX,I,/home/kaahin/degree_project/hybrid-epidemic-forecasting/results/partC/forecasts/partC_forecast_local_order_retuning_ARX_I.mat,forecast_results,868,2022-08-07,869,0.0246689116544764,0.0246689116544764,0.0188715419015072,0.013841247942393,0.00153791643804366,0.0231309952164327,0,0,1,0.2125,0.2125,0.364590360838564,1,closed_loop_monte_carlo,ok,ok,-2348.83529245791
local_order_retuning,Local order retuning,Local real-data order retuning around Part A-selected order,Re-estimate parameters at each forecast origin,WHO-derived COVID-19 daily cases,SE,Sweden,real,Sweden,ARX,I,/home/kaahin/degree_project/hybrid-epidemic-forecasting/results/partC/forecasts/partC_forecast_local_order_retuning_ARX_I.mat,forecast_results,875,2022-08-14,876,0.0481812423325664,0.0481812423325664,0.135850612240899,0.0976283644106054,0.0108475960456228,0.0282223191721583,0.00911132711478531,0,0.803571428571429,0.0160714285714286,0.244642857142857,0.452209460571174,1,closed_loop_monte_carlo,ok,ok,-2374.5085656732
local_order_retuning,Local order retuning,Local real-data order retuning around Part A-selected order,Re-estimate parameters at each forecast origin,WHO-derived COVID-19 daily cases,SE,Sweden,real,Sweden,ARX,I,/home/kaahin/degree_project/hybrid-epidemic-forecasting/results/partC/forecasts/partC_forecast_local_order_retuning_ARX_I.mat,forecast_results,882,2022-08-21,883,0.0438048665303129,0.0438048665303129,0.114294981836385,0.0983038843152409,0.0109226538128045,0.0248653001847185,0.00801691253278989,0,0.839285714285714,0.0517857142857143,0.233928571428571,0.372148581292488,1,closed_loop_monte_carlo,ok,ok,-2399.96278969814
local_order_retuning,Local order retuning,Local real-data order retuning around Part A-selected order,Re-estimate parameters at each forecast origin,WHO-derived COVID-19 daily cases,SE,Sweden,real,Sweden,ARX,I,/home/kaahin/degree_project/hybrid-epidemic-forecasting/results/partC/forecasts/partC_forecast_local_order_retuning_ARX_I.mat,forecast_results,889,2022-08-28,890,0.0459798107544256,0.0459798107544256,0.123057942262258,0.116393618256484,0.0129326242507204,0.0226042774639265,0,0.0104429090397788,0.714285714285714,-0.0732142857142857,0.233928571428571,0.353271467907177,1,closed_loop_monte_carlo,ok,ok,-2422.5840433729
local_order_retuning,Local order retuning,Local real-data order retuning around Part A-selected order,Re-estimate parameters at each forecast origin,WHO-derived COVID-19 daily cases,SE,Sweden,real,Sweden,ARX,I,/home/kaahin/degree_project/hybrid-epidemic-forecasting/results/partC/forecasts/partC_forecast_local_order_retuning_ARX_I.mat,forecast_results,896,2022-09-04,897,0.0281556310710375,0.0281556310710375,0.0692643238087393,0.0608841474413768,0.00676490527126409,0.0199079084620999,0,0.00148281733767359,0.928571428571429,0.141071428571429,0.2125,0.318567844761445,1,closed_loop_monte_carlo,ok,ok,-2447.06996532713
local_order_retuning,Local order retuning,Local real-data order retuning around Part A-selected order,Re-estimate parameters at each forecast origin,WHO-derived COVID-19 daily cases,SE,Sweden,real,Sweden,ARX,I,/home/kaahin/degree_project/hybrid-epidemic-forecasting/results/partC/forecasts/partC_forecast_local_order_retuning_ARX_I.mat,forecast_results,903,2022-09-11,904,0.0334907207819008,0.0334907207819008,0.0631667346570197,0.056607337281925,0.00628970414243611,0.026580348082967,0.000620668556497723,0,0.946428571428571,0.158928571428571,0.2125,0.408166446656944,1,closed_loop_monte_carlo,ok,ok,-2471.87772599095
local_order_retuning,Local order retuning,Local real-data order retuning around Part A-selected order,Re-estimate parameters at each forecast origin,WHO-derived COVID-19 daily cases,SE,Sweden,real,Sweden,ARX,I,/home/kaahin/degree_project/hybrid-epidemic-forecasting/results/partC/forecasts/partC_forecast_local_order_retuning_ARX_I.mat,forecast_results,910,2022-09-18,911,0.219238389388408,0.219238389388408,0.622267298212887,0.247398002936125,0.0274886669929028,0.0254112611221784,0,0.166338461273327,0.857142857142857,0.0696428571428571,0.294642857142857,0.37409389980312,1,closed_loop_monte_carlo,ok,ok,-2497.18966045432
local_order_retuning,Local order retuning,Local real-data order retuning around Part A-selected order,Re-estimate parameters at each forecast origin,WHO-derived COVID-19 daily cases,SE,Sweden,real,Sweden,ARX,I,/home/kaahin/degree_project/hybrid-epidemic-forecasting/results/partC/forecasts/partC_forecast_local_order_retuning_ARX_I.mat,forecast_results,917,2022-09-25,918,0.469914805648897,0.469914805648897,0.819186125934963,0.558874326553788,0.0620971473948653,0.0212546167256506,0.0589374587557993,0.327625582772581,0.446428571428571,-0.341071428571429,0.5,0.335022865366105,1,closed_loop_monte_carlo,ok,ok,-2523.30936964002
local_order_retuning,Local order retuning,Local real-data order retuning around Part A-selected order,Re-estimate parameters at each forecast origin,WHO-derived COVID-19 daily cases,SE,Sweden,real,Sweden,ARX,I,/home/kaahin/degree_project/hybrid-epidemic-forecasting/results/partC/forecasts/partC_forecast_local_order_retuning_ARX_I.mat,forecast_results,924,2022-10-02,925,1.03181484661248,1.03181484661248,1.29966994817291,1.21741895622876,0.135268772914306,0.0510687527047011,0.845477320993468,0,0.0178571428571429,-0.769642857142857,0.771428571428572,0.882035425649097,1,closed_loop_monte_carlo,ok,ok,-2334.88255557804
local_order_retuning,Local order retuning,Local real-data order retuning around Part A-selected order,Re-estimate parameters at each forecast origin,WHO-derived COVID-19 daily cases,SE,Sweden,real,Sweden,ARX,I,/home/kaahin/degree_project/hybrid-epidemic-forecasting/results/partC/forecasts/partC_forecast_local_order_retuning_ARX_I.mat,forecast_results,931,2022-10-09,932,0.192347027593728,0.192347027593728,0.333247997918955,0.292394831307927,0.0324883145897696,0.0134326580006679,0,0.146426055003291,0.232142857142857,-0.555357142857143,0.610714285714286,0.224279781000826,1,closed_loop_monte_carlo,ok,ok,-2062.71176800109
local_order_retuning,Local order retuning,Local real-data order retuning around Part A-selected order,Re-estimate parameters at each forecast origin,WHO-derived COVID-19 daily cases,SE,Sweden,real,Sweden,ARX,I,/home/kaahin/degree_project/hybrid-epidemic-forecasting/results/partC/forecasts/partC_forecast_local_order_retuning_ARX_I.mat,forecast_results,938,2022-10-16,939,0.0473670912545348,0.0473670912545348,0.119652487976634,0.116113027641873,0.0129014475157636,0.0223083361328745,0,0.0121573076058966,0.714285714285714,-0.0732142857142857,0.244642857142857,0.399413964840652,1,closed_loop_monte_carlo,ok,ok,-2072.8619037446
local_order_retuning,Local order retuning,Local real-data order retuning around Part A-selected order,Re-estimate parameters at each forecast origin,WHO-derived COVID-19 daily cases,SE,Sweden,real,Sweden,ARX,I,/home/kaahin/degree_project/hybrid-epidemic-forecasting/results/partC/forecasts/partC_forecast_local_order_retuning_ARX_I.mat,forecast_results,945,2022-10-23,946,0.0372248150857916,0.0372248150857916,0.0654747790073639,0.0535337708565481,0.00594819676183868,0.0304528442771814,0,0.000823774046771501,0.928571428571429,0.141071428571429,0.2125,0.563106954676362,1,closed_loop_monte_carlo,ok,ok,-2094.20150648894
local_order_retuning,Local order retuning,Local real-data order retuning around Part A-selected order,Re-estimate parameters at each forecast origin,WHO-derived COVID-19 daily cases,SE,Sweden,real,Sweden,ARX,I,/home/kaahin/degree_project/hybrid-epidemic-forecasting/results/partC/forecasts/partC_forecast_local_order_retuning_ARX_I.mat,forecast_results,952,2022-10-30,953,0.028793432473798,0.028793432473798,0.0427387596620261,0.0376862000971947,0.00418735556635496,0.0246049077878918,1.16911955121917e-06,0,0.982142857142857,0.194642857142857,0.2125,0.376029115359527,1,closed_loop_monte_carlo,ok,ok,-2116.29409529995
local_order_retuning,Local order retuning,Local real-data order retuning around Part A-selected order,Re-estimate parameters at each forecast origin,WHO-derived COVID-19 daily cases,SE,Sweden,real,Sweden,ARX,I,/home/kaahin/degree_project/hybrid-epidemic-forecasting/results/partC/forecasts/partC_forecast_local_order_retuning_ARX_I.mat,forecast_results,959,2022-11-06,960,0.0327313132045479,0.0327313132045479,0.0607792579654614,0.0497344483676022,0.00552604981862247,0.0257377357787799,0,0.00146752760714549,0.928571428571429,0.141071428571429,0.2125,0.444756613406828,1,closed_loop_monte_carlo,ok,ok,-2138.54191578663
local_order_retuning,Local order retuning,Local real-data order retuning around Part A-selected order,Re-estimate parameters at each forecast origin,WHO-derived COVID-19 daily cases,SE,Sweden,real,Sweden,ARX,I,/home/kaahin/degree_project/hybrid-epidemic-forecasting/results/partC/forecasts/partC_forecast_local_order_retuning_ARX_I.mat,forecast_results,966,2022-11-13,967,0.0331257516006253,0.0331257516006253,0.072880195597892,0.0658853034890492,0.00732058927656102,0.0238318465738814,0.00172148863759917,0.000251827112583656,0.892857142857143,0.105357142857143,0.2125,0.407453794270754,1,closed_loop_monte_carlo,ok,ok,-2160.35995705559
local_order_retuning,Local order retuning,Local real-data order retuning around Part A-selected order,Re-estimate parameters at each forecast origin,WHO-derived COVID-19 daily cases,SE,Sweden,real,Sweden,ARX,I,/home/kaahin/degree_project/hybrid-epidemic-forecasting/results/partC/forecasts/partC_forecast_local_order_retuning_ARX_I.mat,forecast_results,973,2022-11-20,974,0.0782302377677432,0.0782302377677432,0.223050091948548,0.17744892209056,0.0197165468989511,0.0259913778160622,0,0.03252231305273,0.696428571428571,-0.0910714285714286,0.283928571428571,0.479336651937127,1,closed_loop_monte_carlo,ok,ok,-2182.44003575716
local_order_retuning,Local order retuning,Local real-data order retuning around Part A-selected order,Re-estimate parameters at each forecast origin,WHO-derived COVID-19 daily cases,SE,Sweden,real,Sweden,ARX,I,/home/kaahin/degree_project/hybrid-epidemic-forecasting/results/partC/forecasts/partC_forecast_local_order_retuning_ARX_I.mat,forecast_results,980,2022-11-27,981,0.119619497010321,0.119619497010321,0.24717353550691,0.227422973405245,0.0252692192672494,0.0231422408187132,0,0.0712080369243585,0.267857142857143,-0.519642857142857,0.585714285714286,0.349706079067575,1,closed_loop_monte_carlo,ok,ok,-2204.28978198186
local_order_retuning,Local order retuning,Local real-data order retuning around Part A-selected order,Re-estimate parameters at each forecast origin,WHO-derived COVID-19 daily cases,SE,Sweden,real,Sweden,ARX,I,/home/kaahin/degree_project/hybrid-epidemic-forecasting/results/partC/forecasts/partC_forecast_local_order_retuning_ARX_I.mat,forecast_results,987,2022-12-04,988,0.0359661257735283,0.0359661257735283,0.0808953261650417,0.0735492511534122,0.0081721390170458,0.0262221415047913,0,0.00157184525169122,0.928571428571429,0.141071428571429,0.2125,0.408892427027205,1,closed_loop_monte_carlo,ok,ok,-2224.15428025342
local_order_retuning,Local order retuning,Local real-data order retuning around Part A-selected order,Re-estimate parameters at each forecast origin,WHO-derived COVID-19 daily cases,SE,Sweden,real,Sweden,ARX,I,/home/kaahin/degree_project/hybrid-epidemic-forecasting/results/partC/forecasts/partC_forecast_local_order_retuning_ARX_I.mat,forecast_results,994,2022-12-11,995,0.0344773076728723,0.0344773076728723,0.0891356675507026,0.0707166903107029,0.00785741003452254,0.0253291517082562,0.00129074593009356,0,0.946428571428571,0.158928571428571,0.2125,0.382092942583372,1,closed_loop_monte_carlo,ok,ok,-2245.76953496763
