date,t,Rt_est,I_proxy,I_scaled,daily_cases,renewal_lambda
2020-03-22,0,1.08966120295099,125,0.00307332424800146,136,114.714555002489
2020-03-23,1,1.14786773715759,132,0.00324543040588954,118,114.995827243011
2020-03-24,2,1.2642016667985,146.142857142857,0.00359315509223485,182,115.600905283533
2020-03-25,3,1.37575541173342,162,0.00398302822540989,230,117.753489187357
2020-03-26,4,1.52413209600427,186.142857142857,0.00457661885159532,314,122.130396460292
2020-03-27,5,1.59875337693166,206.571428571429,0.00507888784298299,286,129.207813757918
2020-03-28,6,1.67026627394073,233,0.00572867639827472,365,139.498715645065
2020-03-29,7,1.67392015602846,256.428571428571,0.00630470517161443,300,153.190443704897
2020-03-30,8,1.64396104251331,279.571428571429,0.00687370920381584,280,170.059643350195
2020-03-31,9,1.65092822461662,313,0.00769560391699566,416,189.590313699244
2020-04-01,10,1.64829657722733,347.857142857143,0.00855262233586692,474,211.040384153614
2020-04-02,11,1.58983297277091,372.428571428571,0.00915675007375978,486,234.256414231658
2020-04-03,12,1.58157606087782,410.714285714286,0.0100980653862905,554,259.686711169824
2020-04-04,13,1.54842895877309,444.571428571429,0.0109304972111778,602,287.111285314431
2020-04-05,14,1.43203778470138,452.714285714286,0.011130702333619,357,316.132919501625
2020-04-06,15,1.33109392654588,461.285714285714,0.0113414445677677,340,346.546329365899
2020-04-07,16,1.21478445068338,457.428571428571,0.0112466105624008,389,376.551223693425
2020-04-08,17,1.22832089040718,495.285714285714,0.0121773887632241,739,403.221762451284
2020-04-09,18,1.22345243891022,519.285714285714,0.0127674670188404,654,424.442910709521
2020-04-10,19,1.20513246243081,532.285714285714,0.0130870927406325,645,441.682330266059
2020-04-11,20,1.11472607926872,511.142857142857,0.0125672618963991,454,458.536735301086
2020-04-12,21,1.08461960349336,516.571428571429,0.0127007319780266,395,476.269677320647
2020-04-13,22,1.08566931008105,534.285714285714,0.0131362659286005,464,492.125649426183
2020-04-14,23,1.07490973479242,541.142857142857,0.0133048597159195,437,503.430976227377
2020-04-15,24,0.985716634554271,504,0.0123916433679419,479,511.303129451501
2020-04-16,25,0.959304165608305,496.857142857143,0.0122160248394847,604,517.934937290802
2020-04-17,26,0.945879719541423,493.714285714286,0.0121387526869635,623,521.963073649201
2020-04-18,27,1.01186258732454,527.285714285714,0.0129641597707125,689,521.104071729647
2020-04-19,28,1.05912281990195,546.857142857143,0.0134453545386853,532,516.330242896446
2020-04-20,29,1.04639864032011,536,0.0131784143754303,388,512.233081491802
2020-04-21,30,1.05118570012037,539.428571428571,0.0132627112690897,461,513.162014444071
2020-04-22,31,1.10309244410974,572,0.0140635317588547,707,518.542215617872
2020-04-23,32,1.12131558044207,589,0.0144815038565829,723,525.275854784599
2020-04-24,33,1.14104235129523,608.285714285714,0.0149556738834174,758,533.09652669354
2020-04-25,34,1.14327831412418,621.428571428571,0.0152788119757787,781,543.549688427899
2020-04-26,35,1.10047562194175,613,0.0150715821121992,473,557.031875834182
2020-04-27,36,1.04896324960117,600.428571428571,0.0147624935021144,300,572.401913657949
2020-04-28,37,1.04798273488219,615,0.0151207553001672,563,586.841728904187
2020-04-29,38,1.03816041052506,620,0.0152436882700872,742,597.210213098409
2020-04-30,39,1.04559747856312,630.857142857143,0.0155106284333422,799,603.346082781379
2020-05-01,40,1.00973892521928,613.428571428571,0.0150821192239066,636,607.512056936258
2020-05-02,41,0.944757262771073,577.857142857143,0.0142075389521896,532,611.646150421989
2020-05-03,42,0.899088987941017,553,0.0135963864731585,299,615.067037208867
2020-05-04,43,0.891145841219761,547.428571428571,0.0134594040209618,261,614.297397920048
2020-05-05,44,0.881970476914213,535.142857142857,0.0131573401520154,477,606.758243218281
2020-05-06,45,0.880789114999747,523,0.0128587886536381,657,593.785721341652
2020-05-07,46,0.890464017456778,515.285714285714,0.0126691206429043,745,578.67101217341
2020-05-08,47,0.951873753813982,536.571428571429,0.0131924638577068,785,563.700203332097
2020-05-09,48,1.01931556965791,560.714285714286,0.0137860544838923,701,550.089003253883
2020-05-10,49,1.09386340741351,590.714285714286,0.0145236523034126,509,540.025639134466
2020-05-11,50,1.10594962542356,593.285714285714,0.0145868749736572,279,536.449129912673
2020-05-12,51,1.09098314417216,590.142857142857,0.014509602821136,455,540.927566383859
2020-05-13,52,1.095022233402,604,0.0148503027663431,754,551.586973831118
2020-05-14,53,1.05897375956465,597.285714285714,0.0146852213495933,698,564.023148723968
2020-05-15,54,1.00643148558646,579,0.0142356379167428,657,575.299966557195
2020-05-16,55,0.988034337661978,577.142857142857,0.0141899770993439,688,584.132388059074
2020-05-17,56,0.943261221366092,555.571428571429,0.0136596091434031,358,588.990001907228
2020-05-18,57,0.9378625876622,552.714285714286,0.0135893617320202,259,589.333973852215
2020-05-19,58,0.937875796487939,549.142857142857,0.0135015524677916,430,585.517676433522
2020-05-20,59,0.927305933184793,536.571428571429,0.0131924638577068,666,578.634741102752
2020-05-21,60,0.967960174306887,552.285714285714,0.0135788246203127,808,570.566567659854
2020-05-22,61,0.969891647298654,545.571428571429,0.0134137432035629,610,562.507605969137
2020-05-23,62,0.941401276938013,523.285714285714,0.0128658133947764,532,555.858300923221
2020-05-24,63,0.960697206612574,529.714285714286,0.0130238700703879,403,551.385266937605
2020-05-25,64,0.954922498178252,522.714285714286,0.0128517639124998,210,547.389224477893
2020-05-26,65,0.979017077391689,531.285714285714,0.0130625061466485,490,542.672570841331
2020-05-27,66,1.00932921858741,542.714285714286,0.0133434957921801,746,537.69798369043
2020-05-28,67,1.01479286167313,541.571428571429,0.0133153968276269,800,533.676821177593
2020-05-29,68,1.06190128676011,565,0.0138914256009666,774,532.064521480926
2020-05-30,69,1.12434990318458,599.428571428571,0.0147379069081304,773,533.133475380542
2020-05-31,70,1.12363745651187,603.571428571429,0.0148397656546356,432,537.158515919454
2020-06-01,71,1.12056588253884,611.428571428571,0.0150329460359386,265,545.642680145921
2020-06-02,72,1.13551002876123,634,0.0155879005858634,648,558.339410433611
2020-06-03,73,1.14535707742988,656,0.0161288056535117,900,572.74714840199
2020-06-04,74,1.17651860236183,691.142857142857,0.0169928488135212,1046,587.447453661511
2020-06-05,75,1.20902663036344,729,0.0179236270143445,1039,602.96438613669
2020-06-06,76,1.25999202080355,782.285714285714,0.0192337412366354,1146,620.865609757449
2020-06-07,77,1.29422493807102,832,0.0204560461946977,780,642.855793862276
2020-06-08,78,1.28287407421456,860.142857142857,0.0211479831968192,462,670.481128609197
2020-06-09,79,1.22705910290656,864.285714285714,0.0212498419433244,677,704.355407362581
2020-06-10,80,1.17140667375694,869.571428571429,0.0213797996543827,937,742.330949662882
2020-06-11,81,1.18742151890063,925.428571428571,0.0227531365469182,1437,779.359778055377
2020-06-12,82,1.1859212524843,961.714285714286,0.023645278671481,1293,810.942787052398
2020-06-13,83,1.17851842851876,987.857142857143,0.0242880424856344,1329,838.21951269676
2020-06-14,84,1.18288876304561,1023.85714285714,0.0251731598690588,1032,865.55657204909
2020-06-15,85,1.13710745161919,1017.57142857143,0.0250186155640165,418,894.877108687003
2020-06-16,86,1.10055772176331,1018.71428571429,0.0250467145285696,685,925.634581057779
2020-06-17,87,1.10758585883619,1057.57142857143,0.0260020793233769,1209,954.843744287852
2020-06-18,88,1.08322773536463,1060.42857142857,0.0260723267347598,1457,978.952566305563
2020-06-19,89,1.09073775418281,1089.14285714286,0.0267783132191579,1494,998.537781392609
2020-06-20,90,1.05516090933821,1072,0.0263568287508605,1209,1015.95878933039
2020-06-21,91,0.991874239910078,1024.28571428571,0.0251836969807663,698,1032.67699983677
2020-06-22,92,0.964664159309395,1010.42857142857,0.0248429970355592,321,1047.44077166912
2020-06-23,93,0.973044012842093,1026.85714285714,0.0252469196510109,800,1055.3039012674
2020-06-24,94,0.988268032696295,1041.14285714286,0.0255981567079253,1309,1053.50251419375
2020-06-25,95,1.02812910519163,1075.28571428571,0.0264376132739509,1696,1045.86642752935
2020-06-26,96,1.00490830057083,1044.14285714286,0.0256719164898773,1276,1039.04292217483
2020-06-27,97,1.005287707226,1043.42857142857,0.0256543546370316,1204,1037.94024728286
2020-06-28,98,1.0097881986162,1051.57142857143,0.0258545597594729,755,1041.37821179975
2020-06-29,99,1.01921920991535,1065,0.0261847225929724,415,1044.91751101165
2020-06-30,100,1.00704442099798,1054.42857142857,0.0259248071708558,726,1047.05269146284
2020-07-01,101,0.936835016647554,982.857142857143,0.0241651095157143,808,1049.12511316483
2020-07-02,102,0.797641311336119,838.428571428571,0.0206141028703092,685,1051.13483907213
2020-07-03,103,0.720216754579705,754.285714285714,0.0185453166050831,687,1047.30375888838
2020-07-04,104,0.664024672695642,681.428571428571,0.0167540076148194,694,1026.20971697072
2020-07-05,105,0.637433261770754,625.571428571429,0.0153806707222839,364,981.391254723084
2020-07-06,106,0.6663254848025,611.285714285714,0.0150294336653694,315,917.398070804541
2020-07-07,107,0.643445009823916,543.428571428571,0.0133610576450258,251,844.561016297703
2020-07-08,108,0.60441739141565,467.714285714286,0.0114995012433792,278,773.826650849371
2020-07-09,109,0.62803352344812,446,0.0109656209168692,533,710.153173912288
2020-07-10,110,0.607616644969198,395.571428571429,0.00972575410596119,334,651.021383048981
2020-07-11,111,0.5871849208956,349.142857142857,0.00858423367098922,369,594.604603623556
2020-07-12,112,0.630056257879522,341.142857142857,0.00838754091911713,308,541.44824827387
2020-07-13,113,0.633313699401393,311.285714285714,0.00765345547016592,106,491.51899695197
2020-07-14,114,0.671935689214482,299.714285714286,0.00736895345406522,170,446.046088227079
2020-07-15,115,0.749168102059221,304.571428571429,0.00748837405341613,312,406.546177999651
2020-07-16,116,0.721445935025748,269.428571428571,0.00662433089340658,287,373.456358055376
2020-07-17,117,0.748569852867096,260,0.00639251443584304,268,347.328975384427
2020-07-18,118,0.758835814214817,247.857142857143,0.00609396293746575,284,326.62815620215
2020-07-19,119,0.748920274905469,231.142857142857,0.00568301558087584,191,308.634797171211
2020-07-20,120,0.793309289278936,231.714285714286,0.00569706506315242,110,292.085683157572
2020-07-21,121,0.817722343725789,226.142857142857,0.00556008261095579,131,276.552131512614
2020-07-22,122,0.814729713188602,213.857142857143,0.00525801874200936,226,262.488454017679
2020-07-23,123,0.858865978250619,215.285714285714,0.0052931424477008,297,250.662757330566
2020-07-24,124,0.865580423788583,208.428571428571,0.00512454866038187,220,240.796309274526
2020-07-25,125,0.883075160460827,205.285714285714,0.00504727650786069,262,232.466865197054
2020-07-26,126,0.876798959440232,197.714285714286,0.00486112086769603,138,225.495575223436
2020-07-27,127,0.856249682763166,188,0.0046222796689942,42,219.562125142416
2020-07-28,128,0.837878109720648,179.428571428571,0.00441153743484553,71,214.146388772937
2020-07-29,129,0.89951628525457,187.571428571429,0.00461174255728676,283,208.524772309536
2020-07-30,130,0.930092048038275,188.142857142857,0.00462579203956334,301,202.284126113843
2020-07-31,131,1.01796536130354,199.857142857143,0.00491380642623319,302,196.330003411137
2020-08-01,132,1.03767506924102,199.285714285714,0.00489975694395662,258,192.050209350674
2020-08-02,133,1.17060406514285,222.857142857143,0.00547929808786546,303,190.377899319825
2020-08-03,134,1.16190743835271,222.285714285714,0.00546524860558888,38,191.311034724813
2020-08-04,135,1.20908414686928,235.714285714286,0.00579541143908847,165,194.952755211148
2020-08-05,136,1.20827659811103,242.857142857143,0.0059710299675457,333,200.994659034873
2020-08-06,137,1.24960359062613,260.571428571429,0.00640656391811962,425,208.52327132068
2020-08-07,138,1.25133732334982,271.428571428571,0.0066735040813746,378,216.910793247946
2020-08-08,139,1.2770876640806,288.857142857143,0.00710201329081023,380,226.184271433784
2020-08-09,140,1.19502500674927,282.714285714286,0.00695098135633702,260,236.57604160379
2020-08-10,141,1.15989212570902,287.714285714286,0.00707391432625708,73,248.052624323501
2020-08-11,142,1.12634718979177,292.142857142857,0.00718279781390056,196,259.371941254512
2020-08-12,143,1.13085684002959,304.142857142857,0.0074778369417087,417,268.949036144043
2020-08-13,144,1.10933072890827,306.714285714286,0.0075410596119533,443,276.485882633157
2020-08-14,145,1.07648245732238,304.571428571429,0.00748837405341613,363,282.93208728084
2020-08-15,146,1.03583314888302,299.428571428571,0.00736192871292693,344,289.07027328818
2020-08-16,147,1.00017008314807,294.571428571429,0.00724250811357601,226,294.521335455521
2020-08-17,148,0.982659380618462,293.142857142857,0.00720738440788457,63,298.315838554719
2020-08-18,149,0.967124357105081,290,0.00713011225536339,174,299.858025360942
2020-08-19,150,0.919390991196915,275.285714285714,0.0067683380867415,314,299.421809569106
2020-08-20,151,0.880682079376716,262.142857142857,0.00644519999438021,351,297.658897894667
2020-08-21,152,0.875745767567726,257.857142857143,0.00633982887730587,333,294.442922143157
2020-08-22,153,0.869083181062367,251.285714285714,0.00617825983112522,298,289.138853174609
2020-08-23,154,0.857566319630952,241.857142857143,0.00594644337356168,160,282.027334004004
2020-08-24,155,0.87909761832382,241,0.00592536915014682,57,274.144753638983
2020-08-25,156,0.905400193976972,241,0.00592536915014682,174,266.180636588343
2020-08-26,157,0.880785275682818,227.857142857143,0.00560223105778552,222,258.697720259344
2020-08-27,158,0.842401478154063,212.571428571429,0.00522640740688706,244,252.339809561151
2020-08-28,159,0.785741769123114,193.857142857143,0.00476628686232912,202,246.718642784495
2020-08-29,160,0.735786541405975,176.857142857143,0.00434831476460092,179,240.364742903826
2020-08-30,161,0.744877019901742,172.714285714286,0.00424645601809573,131,231.869531613512
2020-08-31,162,0.776462365198794,171.428571428571,0.00421484468297343,48,220.781558916486
2020-09-01,163,0.81487874966142,169.714285714286,0.0041726962361437,162,208.269372326621
2020-09-02,164,0.826803078663554,162.428571428571,0.00399356533711733,171,196.453757394229
2020-09-03,165,0.845704092124355,158,0.00388468184947385,213,186.826576188267
2020-09-04,166,0.947609125661019,170,0.00417972097728199,286,179.398863303911
2020-09-05,167,1.04837701151053,181.857142857143,0.00447124773452098,262,173.465404964497
2020-09-06,168,1.10746448229494,187.571428571429,0.00461174255728676,171,169.37015278606
2020-09-07,169,1.13067458750542,190.285714285714,0.00467847759810051,67,168.29396927151
2020-09-08,170,1.13553713590478,193.571428571429,0.00475926212119083,185,170.466841154599
2020-09-09,171,1.16074778962543,202.857142857143,0.00498756620818523,236,174.764186217064
2020-09-10,172,1.20847248239732,217.285714285714,0.00534231563566883,314,179.801954492726
2020-09-11,173,1.14915637905512,212.714285714286,0.0052299197774562,254,185.104733865017
2020-09-12,174,1.134419078949,216.857142857143,0.00533177852396139,291,191.161403119253
2020-09-13,175,1.1223485966325,221.857142857143,0.00545471149388145,206,197.672223694852
2020-09-14,176,1.11678959135723,227.428571428571,0.00559169394607809,106,203.644959792451
2020-09-15,177,1.11325393349771,232.428571428571,0.00571462691599814,220,208.783067757335
2020-09-16,178,1.12643744288814,240.428571428571,0.00591131966787024,292,213.441565660427
2020-09-17,179,1.11312293018445,242.714285714286,0.00596751759697655,330,218.048051237312
2020-09-18,180,1.17522018901898,262,0.00644168762381106,389,222.936946155347
2020-09-19,181,1.23970759527637,282.857142857143,0.00695449372690616,437,228.164402585664
2020-09-20,182,1.25149022092333,293.285714285714,0.00721089677845371,279,234.349185780559
2020-09-21,183,1.22388438319824,297.142857142857,0.00730573078382062,133,242.786705363759
2020-09-22,184,1.19720033075884,303.714285714286,0.00746729983000126,266,253.687104748609
2020-09-23,185,1.22212799182071,324.571428571429,0.00798010593309637,438,265.578917055885
2020-09-24,186,1.2873076052273,356.428571428571,0.0087633645700156,553,276.879100209804
2020-09-25,187,1.31327924490652,378,0.00929373252595642,540,287.829112860842
2020-09-26,188,1.34958295275688,405.571428571429,0.00997162004580131,630,300.516117029295
2020-09-27,189,1.30224286652017,412.142857142857,0.010133189091982,325,316.48693783532
2020-09-28,190,1.24228672357533,417,0.0102526096913329,167,335.671300422389
2020-09-29,191,1.21563623159752,433,0.0106459951950771,378,356.192081763617
2020-09-30,192,1.2203504597522,458,0.0112606600446774,613,375.30202602046
2020-10-01,193,1.21823170059953,477.428571428571,0.011738342442081,689,391.902928805426
2020-10-02,194,1.2047699098187,490.714285714286,0.0120649929050115,633,407.309546590627
2020-10-03,195,1.1870844952234,502.428571428571,0.0123530072916813,712,423.245837554316
2020-10-04,196,1.18605761593706,521.857142857143,0.012830689689085,461,439.993079463383
2020-10-05,197,1.13915458820446,520.285714285714,0.0127920536128244,156,456.729683287139
2020-10-06,198,1.09890260027143,519.714285714286,0.0127780041305478,374,472.939353848024
2020-10-07,199,1.11616888424982,544.428571428571,0.0133856442390098,786,487.765408184158
2020-10-08,200,1.12957247354211,564.714285714286,0.0138844008598283,831,499.936302398958
2020-10-09,201,1.16301387648138,593.428571428571,0.0145903873442264,834,510.250637098112
2020-10-10,202,1.15802534091298,603.571428571429,0.0148397656546356,783,521.207444472309
2020-10-11,203,1.14128821046681,610.428571428571,0.0150083594419546,509,534.859263269613
2020-10-12,204,1.1089707880668,611.142857142857,0.0150259212948003,161,551.090131245229
2020-10-13,205,1.14259778818792,648.714285714286,0.0159496747544853,637,567.753843408976
2020-10-14,206,1.14523858063532,667.285714285714,0.0164062829284741,916,582.660875706386
2020-10-15,207,1.15135850638225,686.857142857143,0.0168874776964469,968,596.562355729975
2020-10-16,208,1.13871066747302,696.571428571429,0.0171263188951487,902,611.719419575853
2020-10-17,209,1.19772306091482,753.142857142857,0.0185172176405299,1179,628.812186823562
2020-10-18,210,1.20555547694665,780,0.0191775433075291,697,647.004650483219
2020-10-19,211,1.20307913416223,802.857142857143,0.0197395225985922,321,667.335273349424
2020-10-20,212,1.1887686069975,822,0.0202101802548576,771,691.471826528243
2020-10-21,213,1.21818614738902,875.285714285714,0.0215202944771485,1289,718.515570187481
2020-10-22,214,1.28828642641543,961.428571428571,0.0236382539303427,1571,746.284794836876
2020-10-23,215,1.38104106104944,1070.57142857143,0.0263217050451691,1666,775.191599124438
2020-10-24,216,1.44301884032803,1168.85714285714,0.0287382159967405,1867,810.00823425939
2020-10-25,217,1.49371322780403,1280.28571428571,0.0314778650406733,1477,857.116138797214
2020-10-26,218,1.42201468229067,1307.85714285714,0.0321557525605181,514,919.721265289864
2020-10-27,219,1.35521247850245,1350.42857142857,0.0332024389901232,1069,996.469994816487
2020-10-28,220,1.39977396731388,1511.14285714286,0.0371538558804108,2414,1079.56205246672
2020-10-29,221,1.52735913854899,1770.85714285714,0.0435393455751156,3389,1159.42419707488
2020-10-30,222,1.61406295135999,1998.85714285714,0.0491450890034702,3262,1238.40098130803
2020-10-31,223,1.73338746535499,2311.57142857143,0.0568336681793276,4056,1333.55725408919
2020-11-01,224,1.72968934625572,2527.28571428571,0.0621373477387358,2987,1461.12116592298
2020-11-02,225,1.62078316308582,2639.14285714286,0.064887533894376,1297,1628.31334706006
2020-11-03,226,1.4815108261202,2710.57142857143,0.0666437191789482,1569,1829.5994742542
2020-11-04,227,1.40971904079553,2881.14285714286,0.0708374896385068,3608,2043.77097404953
2020-11-05,228,1.35274813374831,3037.28571428571,0.0746765106705818,4482,2245.27067420136
2020-11-06,229,1.34058483990163,3249,0.079881843854054,4744,2423.56910453977
2020-11-07,230,1.27889764075714,3305.85714285714,0.0812797673405735,4454,2584.92707899593
2020-11-08,231,1.2822150136337,3515,0.0864218778538011,4451,2741.34990046541
2020-11-09,232,1.25333604662996,3629.28571428571,0.0892317743091167,2097,2895.70041813155
2020-11-10,233,1.29212762018701,3937.28571428571,0.0968044452561923,3725,3047.13377593142
2020-11-11,234,1.27105140140394,4064.28571428571,0.0999269426921618,4497,3197.57777678898
2020-11-12,235,1.26341568721444,4239.57142857143,0.104236621380502,5709,3355.64254225685
2020-11-13,236,1.23546463284762,4356.71428571429,0.107116765247201,5564,3526.37717817346
2020-11-14,237,1.2639963283318,4681.85714285714,0.115110920662574,6730,3704.01166357515
2020-11-15,238,1.17203945624846,4547.85714285714,0.111816317068716,3513,3880.29355036751
2020-11-16,239,1.102771389456,4474.14285714286,0.110003933855037,1581,4057.18075380061
2020-11-17,240,1.01938494694915,4305.42857142857,0.105855824212878,2544,4223.55517835927
2020-11-18,241,0.988456921809854,4299.85714285714,0.105718841760681,4458,4350.07034498191
2020-11-19,242,0.949663918091991,4193,0.103091588574961,4961,4415.24619406867
2020-11-20,243,1.01412773236362,4485.14285714286,0.110274386388862,7609,4422.66069057137
2020-11-21,244,0.979593484330777,4303.42857142857,0.10580665102491,5458,4393.07594452664
2020-11-22,245,1.01857708767144,4443.28571428571,0.109245261812102,4492,4362.2478534673
2020-11-23,246,1.04929600652475,4563.42857142857,0.112199165460753,2422,4349.03834861869
2020-11-24,247,1.09223019828213,4753.85714285714,0.116881155429422,3877,4352.43152069414
2020-11-25,248,1.12577300574841,4927.57142857143,0.121152198041502,5674,4377.05594592365
2020-11-26,249,1.147485432584,5085.42857142857,0.125033367520407,6066,4431.80229310343
2020-11-27,250,1.1025039229362,4984.57142857143,0.122553633898591,6903,4521.13713599899
2020-11-28,251,1.10546324795345,5128,0.126080053950012,6462,4638.77927148959
2020-11-29,252,1.0571991646431,5032.71428571429,0.123737302780393,3825,4760.42211725855
2020-11-30,253,1.04403087995759,5080,0.124899897438779,2753,4865.75646134755
2020-12-01,254,1.01567755964215,5023.28571428571,0.123505486322829,3480,4945.74844801685
2020-12-02,255,1.00907346347592,5044,0.124014780055355,5819,4998.64497736877
2020-12-03,256,1.01681247266951,5112.71428571429,0.125704230299113,6547,5028.17817752717
2020-12-04,257,1.01655565153858,5124.57142857143,0.125995757056352,6986,5041.11252622054
2020-12-05,258,1.03965730300923,5249.71428571429,0.129072593674923,7338,5049.46607936989
2020-12-06,259,1.066257533213,5398.14285714286,0.132721946696264,4864,5062.70079131484
2020-12-07,260,1.03419685110973,5262.42857142857,0.129385194655577,1803,5088.42060946307
2020-12-08,261,1.03341303164833,5305.57142857143,0.130445930567459,3782,5134.02798889506
2020-12-09,262,1.06738632652103,5538,0.136160557483457,7446,5188.37450171413
2020-12-10,263,1.10840239484196,5802.42857142857,0.142661955406943,8398,5234.94770349708
2020-12-11,264,1.09037588184099,5760.57142857143,0.141632830830184,6693,5283.10605957764
2020-12-12,265,1.08528647203229,5814.71428571429,0.14296401927589,7717,5357.76906425981
2020-12-13,266,1.10898691503332,6053.85714285714,0.148843727608638,6538,5458.90763974905
2020-12-14,267,1.12000234637585,6233,0.153248240302345,3057,5565.16691252387
2020-12-15,268,1.09269287459848,6197.57142857143,0.152377172401197,3534,5671.83293004336
2020-12-16,269,1.05964812670308,6134,0.150814167497928,7001,5788.71405084716
2020-12-17,270,1.04834819133939,6194.85714285714,0.152310437360383,8824,5909.15994708062
2020-12-18,271,1.1007835466131,6615.85714285714,0.162661393427652,9640,6010.13447485917
2020-12-19,272,1.09223163706827,6644.42857142857,0.163363867541481,7917,6083.35113718487
2020-12-20,273,1.05514704858964,6497.42857142857,0.159749638225831,5509,6157.84177201969
2020-12-21,274,1.0543418639923,6596.71428571429,0.162190735771387,3752,6256.71284713632
2020-12-22,275,1.07386115480147,6829,0.167901850316816,5160,6359.29511880195
2020-12-23,276,1.05095178789144,6771,0.166475827865743,6595,6442.73132032528
2020-12-24,277,1.09500863549115,7135.57142857143,0.1754393975582,11376,6516.45219708322
2020-12-25,278,0.982661207637061,6477.85714285714,0.159268443457859,5036,6592.15718755603
2020-12-26,279,0.86041492318395,5745.85714285714,0.141271056661562,2793,6678.00730558543
2020-12-27,280,0.7989554779711,5382.57142857143,0.132339098304227,2966,6737.01048053409
2020-12-28,281,0.793446170384465,5304.85714285714,0.130428368714613,3208,6685.84377978241
2020-12-29,282,0.859865039681426,5580.71428571429,0.137210756283631,7091,6490.22117212941
2020-12-30,283,0.951848037973532,5906,0.145208424069573,8872,6204.77194298133
2020-12-31,284,0.973210653766929,5775,0.141987580257668,10459,5933.96709915491
2021-01-01,285,1.05038817507676,6055.42857142857,0.148882363684898,6999,5764.94358477147
2021-01-02,286,1.05654448601752,6030.42857142857,0.148267698835298,2618,5707.69016471735
2021-01-03,287,1.04163523362527,5968.14285714286,0.146736305267151,2530,5729.59003736034
2021-01-04,288,1.01870350916598,5903.28571428571,0.145141689028759,2754,5794.90073526767
2021-01-05,289,1.00382993405257,5887.71428571429,0.144758840636723,6982,5865.25076209365
2021-01-06,290,0.963699096431524,5698.28571428571,0.140101437262037,7546,5912.93043169374
2021-01-07,291,0.830104176372393,4922.42857142857,0.121025752701013,5028,5929.89255028193
2021-01-08,292,0.836543040701238,4943.71428571429,0.121549095915816,7148,5909.69507267693
2021-01-09,293,0.925620781168519,5382.57142857143,0.132339098304227,5690,5815.09354379056
2021-01-10,294,1.01010508413364,5697.57142857143,0.140083875409191,4735,5640.5729642062
2021-01-11,295,1.03108691305946,5635.14285714286,0.138548969470475,2317,5465.2452531108
2021-01-12,296,0.985966479740941,5301.71428571429,0.130351096562092,4648,5377.17497972881
2021-01-13,297,0.92578312190495,4985.71428571429,0.122581732863144,5334,5385.40201019799
2021-01-14,298,0.960846951982185,5209.57142857143,0.128085617544993,6595,5421.85351977681
2021-01-15,299,0.89884886147019,4866,0.119638366326201,4743,5413.59088116437
2021-01-16,300,0.869088173428327,4653.85714285714,0.114422496031021,4205,5354.87340081834
2021-01-17,301,0.813827349598611,4286,0.105378141815474,2160,5266.4732908201
2021-01-18,302,0.802914521838796,4133.57142857143,0.101630442418197,1250,5148.20857780094
2021-01-19,303,0.755755883946065,3771.14285714286,0.0927195582842772,2111,4989.89546393262
2021-01-20,304,0.768775931907676,3685.14285714286,0.0906051112016522,4732,4793.52006767222
2021-01-21,305,0.754979339017186,3449.57142857143,0.0848132121331329,4946,4569.09381528506
2021-01-22,306,0.778089635303835,3371.42857142857,0.0828919454318108,4196,4332.95653670039
2021-01-23,307,0.805010225578945,3302.42857142857,0.081195470446914,3722,4102.34363054648
2021-01-24,308,0.856641766763201,3332.14285714286,0.0819260435252961,2368,3889.77398304226
2021-01-25,309,0.894989134414729,3317.42857142857,0.0815642693566742,1147,3706.66910229919
2021-01-26,310,0.921958321911862,3285,0.0807669612374784,1884,3563.06778942882
2021-01-27,311,0.926356917116229,3207,0.0788492069067255,4186,3461.94856512052
2021-01-28,312,0.909287502048101,3086.85714285714,0.0758953032580749,4105,3394.8087221085
2021-01-29,313,0.844664810839856,2825.71428571429,0.0694746898576788,2368,3345.3675936904
2021-01-30,314,0.880652280443971,2901.57142857143,0.0713397586298945,4253,3294.7980638949
2021-01-31,315,0.914546740101645,2948.28571428571,0.0724883038060048,2695,3223.76712420191
2021-02-01,316,0.941155302940431,2950.71428571429,0.0725480141056802,1164,3135.2044412813
2021-02-02,317,0.950455695036185,2903.14285714286,0.0713783947061551,1551,3054.47468230734
2021-02-03,318,0.97425584199402,2921.57142857143,0.0718314905095747,4315,2998.77229639374
2021-02-04,319,0.967465621553956,2869,0.0705389381401295,3737,2965.48005022832
2021-02-05,320,1.02397348666642,3015.85714285714,0.0741496550852101,3396,2945.24924925095
2021-02-06,321,0.980619562102587,2874,0.0706618711100496,3260,2930.80019109321
2021-02-07,322,0.964908132362228,2822.14285714286,0.0693868805934501,2332,2924.77880794088
2021-02-08,323,0.957650768133926,2800.57142857143,0.0688565126375093,1013,2924.41829710909
2021-02-09,324,0.957866932986731,2794,0.0686949435913287,1505,2916.89785269861
2021-02-10,325,0.952185650496818,2758.71428571429,0.06782738806075,4068,2897.24412909907
2021-02-11,326,0.991733613479916,2846.71428571429,0.069991008331343,4353,2870.4424726771
2021-02-12,327,1.02187644769825,2905,0.071424055523554,3804,2842.80942822729
2021-02-13,328,1.04461717713241,2949.14285714286,0.0725093780294196,3569,2823.18051215527
2021-02-14,329,1.06775074443829,3011.85714285714,0.0740513087092741,2771,2820.74927931012
2021-02-15,330,1.07148466348754,3040.14285714286,0.0747467580819647,1211,2837.31812571876
2021-02-16,331,1.07935184427137,3096.71428571429,0.0761376568273459,1901,2869.04988595703
2021-02-17,332,1.07097511499784,3116.28571428571,0.0766188515953187,4205,2909.76482146552
2021-02-18,333,1.08444150210602,3203.71428571429,0.0787684223836352,4965,2954.25274622244
2021-02-19,334,1.08396760414703,3250.85714285714,0.0799275046714528,4134,2999.03533133283
2021-02-20,335,1.0893210535505,3316.42857142857,0.0815396827626902,4028,3044.4913927066
2021-02-21,336,1.07273992963238,3317.85714285714,0.0815748064683816,2781,3092.88118322784
2021-02-22,337,1.07274217202869,3373.28571428571,0.0829376062492097,1599,3144.54470257881
2021-02-23,338,1.08400271770258,3464.28571428571,0.0851749863017548,2538,3195.82751750648
2021-02-24,339,1.12079935152849,3635.57142857143,0.0893863186141591,5404,3243.73084585873
2021-02-25,340,1.10478455450722,3637.28571428571,0.0894284670609888,4977,3292.30319110325
2021-02-26,341,1.11485517222503,3736.71428571429,0.0918730769771134,4830,3351.74862063612
2021-02-27,342,1.11467536765047,3815.85714285714,0.0938189302724195,4582,3423.29009288173
2021-02-28,343,1.10351477520722,3862.42857142857,0.0949639630779606,3107,3500.11495831879
2021-03-01,344,1.06516850244258,3811.42857142857,0.093710046784776,1242,3578.24002745897
2021-03-02,345,1.05433401817381,3852.57142857143,0.0947216095086896,2826,3654.03312628041
2021-03-03,346,1.0661668165526,3964.71428571429,0.0974788204054681,6189,3718.66224324444
2021-03-04,347,1.04837512439216,3949.42857142857,0.0971029967545696,4870,3767.19027334648
2021-03-05,348,1.03920255849917,3957,0.0972891523947343,4883,3807.72734597069
2021-03-06,349,1.00954681081921,3883.71428571429,0.0954873062927631,4069,3846.98782076563
2021-03-07,350,1.01308351902958,3933,0.096699074139118,3452,3882.20706992388
2021-03-08,351,1.01461159650538,3962.85714285714,0.0974331595880692,1451,3905.78735400461
2021-03-09,352,0.980934176404118,3842.28571428571,0.0944687188277112,1982,3916.96589507225
2021-03-10,353,0.969922699137962,3805,0.0935519901091645,5928,3922.99304200404
2021-03-11,354,0.986650775909888,3870.14285714286,0.0951536310886944,5326,3922.50525883772
2021-03-12,355,1.00631684425205,3934.28571428571,0.0967306854742403,5332,3909.58944666171
2021-03-13,356,1.04517094456336,4066.42857142857,0.099979628250699,4994,3890.68275632882
2021-03-14,357,1.06626843119504,4138,0.10173932590584,3953,3880.82388912356
2021-03-15,358,1.04774014264986,4079.28571428571,0.100295741601922,1040,3893.41359391719
2021-03-16,359,1.06421692221616,4183.85714285714,0.102866796858536,2714,3931.39505256554
2021-03-17,360,1.08169961873937,4306.42857142857,0.105880410806862,6786,3981.16861356329
2021-03-18,361,1.10740795452402,4464.28571428571,0.109761580285766,6431,4031.29280049694
2021-03-19,362,1.10674498615623,4522,0.111180577995701,5736,4085.85541977928
2021-03-20,363,1.10250493464627,4580.85714285714,0.112627674670188,5406,4154.95386814469
2021-03-21,364,1.09492507880965,4641.85714285714,0.114127456903213,4380,4239.42900997715
2021-03-22,365,1.08988069023844,4718.85714285714,0.116020624639982,1579,4329.70065909211
2021-03-23,366,1.06757278654956,4715,0.115925790634615,2687,4416.56068738797
2021-03-24,367,1.07607272769536,4838.71428571429,0.118967503547494,7652,4496.64243055156
2021-03-25,368,1.09922295207262,5020.85714285714,0.123445776023154,7706,4567.6421997832
2021-03-26,369,1.10315569817253,5110.71428571429,0.125655057111145,6365,4632.81320504494
2021-03-27,370,1.11314992620902,5237.57142857143,0.128774042176546,6294,4705.18059180822
2021-03-28,371,1.11708021728961,5354.14285714286,0.131640136560968,5196,4792.97974690992
2021-03-29,372,1.10563275116941,5411.42857142857,0.133048597159195,1980,4894.41775825199
2021-03-30,373,1.08921405798733,5450.71428571429,0.134014499065709,2962,5004.26362085908
2021-03-31,374,1.08850549879828,5567.14285714286,0.136877081079562,8467,5114.48298909746
2021-04-01,375,1.08330340919132,5650.57142857143,0.138928305491943,8290,5216.0561673018
2021-04-02,376,1.08106663312594,5737.85714285714,0.14107436390969,6976,5307.58878966222
2021-04-03,377,1.07809744959215,5815.28571428571,0.142978068758166,6836,5394.02603770714
2021-04-04,378,1.01457651484803,5559.14285714286,0.13668038832769,3403,5479.27413633809
2021-04-05,379,0.985816232487512,5483.28571428571,0.134815319555474,1449,5562.17835899266
2021-04-06,380,0.978824333745874,5503.42857142857,0.135310563805724,3103,5622.48851166934
2021-04-07,381,0.934006857317475,5267.14285714286,0.129501102884359,6813,5639.29784441885
2021-04-08,382,0.925710071703577,5200.57142857143,0.127864338199137,7824,5617.92680833736
2021-04-09,383,0.954246296648685,5312.57142857143,0.130618036725347,7760,5567.29583046766
2021-04-10,384,0.987614295503019,5425.28571428571,0.133389297104402,7625,5493.32440709808
2021-04-11,385,1.05993636298023,5742.85714285714,0.14119729687961,5626,5418.11503353833
2021-04-12,386,1.09408873212015,5877.28571428571,0.144502437585175,2390,5371.85471501617
2021-04-13,387,1.10191936751096,5929.85714285714,0.14579498995462,3471,5381.38934453221
2021-04-14,388,1.1412855255885,6223.57142857143,0.153016423844781,8869,5453.12394579108
2021-04-15,389,1.09940981844211,6119.14285714286,0.150448880958737,7093,5565.84337750759
2021-04-16,390,1.07100467151469,6105.57142857143,0.150115205754668,7665,5700.78879295316
2021-04-17,391,1.01698495642608,5936.28571428571,0.145953046630232,6440,5837.14210989631
2021-04-18,392,0.982696034874709,5844.42857142857,0.143694592354272,4983,5947.34115536929
2021-04-19,393,0.975399768010326,5862.14285714286,0.144130126304846,2514,6009.99000553463
2021-04-20,394,0.955929374338375,5753.85714285714,0.141467749413434,2713,6019.1236898014
2021-04-21,395,0.928750620805385,5563.71428571429,0.136792784185903,7538,5990.53627645449
2021-04-22,396,0.951041675141383,5651.28571428571,0.138945867344788,7706,5942.20617455653
2021-04-23,397,0.927113534575483,5448.85714285714,0.133968838248311,6248,5877.22748039929
2021-04-24,398,0.915790647067256,5314.71428571429,0.130670722283884,5501,5803.41620951712
2021-04-25,399,0.917708242714042,5255.42857142857,0.129213088497689,4568,5726.68777157989
2021-04-26,400,0.912412834540946,5147.14285714286,0.126550711606277,1756,5641.24337393006
2021-04-27,401,0.937182028399686,5198,0.127801115528893,3069,5546.4145091173
2021-04-28,402,0.946963041410323,5159.28571428571,0.126849263104655,7267,5448.24400601942
2021-04-29,403,0.947786279994754,5079,0.124875310844795,7144,5358.80304157611
2021-04-30,404,0.951957394203703,5033.71428571429,0.123761889374377,5931,5287.75165397492
2021-05-01,405,0.960071592973411,5022.71428571429,0.123491436840552,5424,5231.60389545385
2021-05-02,406,0.974381336156102,5049.14285714286,0.124141225395844,4753,5181.89611170257
2021-05-03,407,0.981997582307494,5043.71428571429,0.124007755314217,1718,5136.177905716
2021-05-04,408,0.989167994581546,5043.57142857143,0.124004242943648,3068,5098.80167595297
2021-05-05,409,0.987584330307002,5010.28571428571,0.123185860601037,7034,5073.2738061247
2021-05-06,410,0.971853045029263,4915.71428571429,0.120860671284263,6482,5058.08394680316
2021-05-07,411,0.967833148123733,4885,0.120105511611897,5716,5047.35760442819
2021-05-08,412,0.965783259612171,4859.28571428571,0.119473284909451,5244,5031.44537443841
2021-05-09,413,0.963010199015293,4819.71428571429,0.118500358261798,4476,5004.84241043614
2021-05-10,414,0.967939306674355,4811,0.11828610365708,1657,4970.35296203605
2021-05-11,415,0.957658181785713,4724.14285714286,0.11615058235104,2460,4933.01571165393
2021-05-12,416,0.943668584931676,4620.85714285714,0.113611138429549,6311,4896.69489547721
2021-05-13,417,0.915158716073693,4447.57142857143,0.109350632929177,5269,4859.89080413598
2021-05-14,418,0.870338802373554,4190.71428571429,0.103035390645855,3918,4815.03786144606
2021-05-15,419,0.801914641781808,3810.14285714286,0.0936784354496537,2580,4751.30725718755
2021-05-16,420,0.802980352088975,3737.85714285714,0.0919011759416666,3970,4654.97958092375
2021-05-17,421,0.820628373075585,3702.28571428571,0.0910265956699496,1408,4511.52535758682
2021-05-18,422,0.843541693112322,3651.85714285714,0.0897867288590415,2107,4329.19578566803
2021-05-19,423,0.82414050048459,3413.42857142857,0.0839245823791393,4642,4141.80418195865
2021-05-20,424,0.791338342760933,3147.85714285714,0.0773950854910996,3410,3977.89033180732
2021-05-21,425,0.792655637727445,3040.42857142857,0.074753782823103,3166,3835.74963289925
2021-05-22,426,0.813322006502121,3003,0.0738335417339871,2318,3692.2645348244
2021-05-23,427,0.76586555996038,2708.57142857143,0.0665945459909802,1909,3536.6147404664
2021-05-24,428,0.768047701071252,2596,0.0638267979824943,620,3379.99839903065
2021-05-25,429,0.76425339004967,2465.57142857143,0.0606200036528654,1194,3226.11775187701
2021-05-26,430,0.714539616345935,2193.71428571429,0.0539359624597834,2739,3070.1086903098
2021-05-27,431,0.655395643703855,1909.14285714286,0.0469393202860475,1418,2912.96238460431
2021-05-28,432,0.534478801935709,1470,0.0361422931564972,92,2750.3429409663
2021-05-29,433,0.459822943651999,1181.28571428571,0.0290437922362561,297,2569.00124405217
2021-05-30,434,0.403669368344218,949.285714285714,0.0233397024319654,285,2351.641686808
2021-05-31,435,0.544162983967486,1139,0.0280041305477893,1948,2093.12289434971
2021-06-01,436,0.684027396003498,1239.57142857143,0.0304768394284671,1898,1812.16634861959
2021-06-02,437,0.800426693580003,1245.85714285714,0.0306313837335094,2783,1556.49124754311
2021-06-03,438,0.901025188152062,1238.14285714286,0.0304417157227756,1364,1374.1489954151
2021-06-04,439,1.08220051539639,1379.42857142857,0.0339154502156596,1081,1274.65155653092
2021-06-05,440,1.19646266723303,1478.28571428571,0.0363460106495076,989,1235.54687895481
2021-06-06,441,1.25032873733489,1545.85714285714,0.0380073619287129,758,1236.3605639843
2021-06-07,442,1.02426633159256,1299.28571428571,0.0319450103263695,222,1268.50378091169
2021-06-08,443,0.830868681869235,1098.28571428571,0.0270031049355831,491,1321.85234351939
2021-06-09,444,0.636363501228608,869.857142857143,0.021386824395521,1184,1366.91865761901
2021-06-10,445,0.579624169014729,792.857142857143,0.0194936566587521,825,1367.88143980414
2021-06-11,446,0.567465846544467,742.571428571429,0.0182573022184133,729,1308.57466241052
2021-06-12,447,0.55790256512827,670.428571428571,0.0164835550809953,484,1201.69472831592
2021-06-13,448,0.59151840325242,637,0.0156616603678154,524,1076.88957181637
2021-06-14,449,0.655511321268868,628,0.0154403810219593,159,958.030745806778
2021-06-15,450,0.65141075829534,557.857142857143,0.0137158070725094,0,856.383066679747
2021-06-16,451,0.501323167286838,388.857142857143,0.0095606726892114,1,775.661625537153
2021-06-17,452,0.388136000134447,276.142857142857,0.00678941231015637,36,711.459017064131
2021-06-18,453,0.747224284038626,484.857142857143,0.0119209857116765,2190,648.877657236417
2021-06-19,454,0.870645237512385,501.571428571429,0.0123319330682664,601,576.091623730146
2021-06-20,455,0.844165399521203,429.428571428571,0.0105581859308484,19,508.701934090329
2021-06-21,456,0.867562359455973,406.857142857143,0.0100032313809236,1,468.965877118358
2021-06-22,457,1.10975967129985,503.714285714286,0.0123846186268036,678,453.894927650678
2021-06-23,458,1.28622076298229,575.857142857143,0.0141583657642216,506,447.712522943523
2021-06-24,459,1.39802896381429,624.857142857143,0.0153631088694382,379,446.955792069088
2021-06-25,460,0.796110099168934,365.285714285714,0.00898113154530256,373,458.838186661668
2021-06-26,461,0.585740904660569,283.857142857143,0.00697908032089018,31,484.612122183331
2021-06-27,462,0.561592405140283,282.285714285714,0.00694044424462959,8,502.652300319483
2021-06-28,463,0.578876393570997,283.285714285714,0.0069650308386136,8,489.371681816509
2021-06-29,464,0.558024839023924,249.857142857143,0.00614313612543378,444,447.752726015178
2021-06-30,465,0.537578009807744,213.428571428571,0.00524748163030192,251,397.018790826099
2021-07-01,466,0.681778918117308,239.285714285714,0.00588322070331708,560,350.972592327271
2021-07-02,467,0.725575843018912,226.714285714286,0.00557413209323236,285,312.461182239741
2021-07-03,468,0.952894359148781,268.857142857143,0.00661028141113,326,282.147900526258
2021-07-04,469,1.02766049291503,268.142857142857,0.00659271955828428,3,260.925528412843
2021-07-05,470,1.07037578879828,267.285714285714,0.00657164533486941,2,249.712032991515
2021-07-06,471,1.0617910915893,263.142857142857,0.00646978658836422,415,247.829219163048
2021-07-07,472,1.11363501230978,280,0.00688424631552327,369,251.42887652145
2021-07-08,473,0.923968094321047,236.857142857143,0.00582351040364163,258,256.347750872492
2021-07-09,474,0.881692784423941,230,0.00565491661632269,237,260.861837664093
2021-07-10,475,0.822281147337568,216,0.00531070430054652,228,262.683877283795
2021-07-11,476,0.83442264045355,216.571428571429,0.0053247537828231,7,259.546443339207
2021-07-12,477,0.858552517459282,216.285714285714,0.00531772904168481,0,251.919026369837
2021-07-13,478,0.909324085692561,220.285714285714,0.00541607541762086,443,242.252149428045
2021-07-14,479,0.944953338051954,220.428571428571,0.00541958778819001,370,233.269265848609
2021-07-15,480,1.03042558331974,233.571428571429,0.0057427258805513,350,226.674718050892
2021-07-16,481,1.13061770687584,252,0.00619582168397095,366,222.887009877402
2021-07-17,482,1.20481970686939,267.571428571429,0.0065786700760077,337,222.084206496495
2021-07-18,483,1.19202696753915,268.142857142857,0.00659271955828428,11,224.946972211893
2021-07-19,484,1.16096624489567,269,0.00661379378169914,6,231.70354967915
2021-07-20,485,1.22659253195388,295.428571428571,0.00726358233699088,628,240.853065490276
2021-07-21,486,1.26515930087332,316.428571428571,0.00777990081065513,517,250.109666988295
2021-07-22,487,1.34777563186359,349.571428571429,0.00859477078269666,582,259.369156339525
2021-07-23,488,1.35135215322829,365.428571428571,0.0089846439158717,477,270.416982394698
2021-07-24,489,1.33594742998299,380.714285714286,0.00936046756677016,444,284.976996227414
2021-07-25,490,1.25636230939776,380.714285714286,0.00936046756677016,11,303.02905687833
2021-07-26,491,1.17811811985908,380.142857142857,0.00934641808449359,2,322.6695615108
2021-07-27,492,1.20278167059543,410.285714285714,0.0100875282745831,839,341.114039493638
2021-07-28,493,1.20695486282404,429.857142857143,0.0105687230425559,654,356.150139576356
2021-07-29,494,1.19449675685474,440.428571428571,0.0108286384646726,656,368.714748617883
2021-07-30,495,1.20830064056857,461,0.0113344198266294,621,381.527564020056
2021-07-31,496,1.2524900932976,495.571428571429,0.0121844135043624,686,395.668940795108
2021-08-01,497,1.20320416252424,494.571428571429,0.0121598269103784,4,411.045310493152
2021-08-02,498,1.15452961295799,494.428571428571,0.0121563145398092,1,428.251095406561
2021-08-03,499,1.20720566796054,539,0.0132521741573823,1151,446.48564391732
2021-08-04,500,1.25819396726071,582.857142857143,0.0143304719221097,961,463.24903633588
2021-08-05,501,1.27509221632785,611,0.0150224089242311,853,479.181028772668
2021-08-06,502,1.28351605211622,639.285714285714,0.0157178582969218,819,498.073797543613
2021-08-07,503,1.26109220859394,658.142857142857,0.0161814912120488,818,521.883215721915
2021-08-08,504,1.19841992968943,658.428571428571,0.0161885159531871,6,549.413903354562
2021-08-09,505,1.1397955887312,658.714285714286,0.0161955406943254,3,577.923175196312
2021-08-10,506,1.17017912368333,706.714285714286,0.017375697205558,1487,603.936843010653
2021-08-11,507,1.1857658743186,741,0.0182186661421527,1201,624.912570051668
2021-08-12,508,1.19799392265284,770.142857142857,0.0189351897382581,1057,642.860404030642
2021-08-13,509,1.21044297874789,801.714285714286,0.0197114236340391,1040,662.331311586108
2021-08-14,510,1.21067610076253,830,0.0204068730067297,1016,685.567344954804
2021-08-15,511,1.16580197995234,830.285714285714,0.020413897747868,8,712.201324550553
2021-08-16,512,1.12228638502729,831.285714285714,0.020438484341852,10,740.707296618856
2021-08-17,513,1.13680167058063,873.142857142857,0.0214676089186113,1780,768.069646393895
2021-08-18,514,1.12696245346039,891.571428571429,0.021920704722031,1330,791.127890582171
2021-08-19,515,1.13819913663748,922.714285714286,0.0226864015061045,1275,810.67912987547
2021-08-20,516,1.1099802386298,921,0.0226442530592748,1028,829.744501701141
2021-08-21,517,1.08858268791299,925.428571428571,0.0227531365469182,1047,850.122440586285
2021-08-22,518,1.06163973572303,924.428571428571,0.0227285499529342,1,870.755436446613
2021-08-23,519,1.03880069165613,923.428571428571,0.0227039633589502,3,888.937193482585
2021-08-24,520,1.01137700292227,913.142857142857,0.0224510726779718,1708,902.870892362018
2021-08-25,521,0.991663566183243,904.571428571429,0.0222403304438231,1270,912.175721099628
2021-08-26,522,1.0239860137821,939,0.023086811750987,1516,917.004712331764
2021-08-27,523,1.0606017271096,973.571428571429,0.02393680542872,1270,917.942526102285
2021-08-28,524,1.03972100014119,954.857142857143,0.023476684884162,916,918.378240631359
2021-08-29,525,1.0347262591516,955.142857142857,0.0234837096253003,3,923.087482022545
2021-08-30,526,1.02524154120554,955.428571428571,0.0234907343664386,5,931.905831971185
2021-08-31,527,1.1138531413522,1048,0.0257667504952442,2356,940.878075477478
2021-09-01,528,1.06803083893271,1012.57142857143,0.0248956825940964,1022,948.073212551897
2021-09-02,529,0.99520334063837,953.571428571429,0.0234450735490397,1103,958.167431351028
2021-09-03,530,1.00324560222754,975.857142857143,0.0239930033578263,1426,972.700145099482
2021-09-04,531,1.05094849092218,1033.85714285714,0.0254190258088989,1322,983.737216226421
2021-09-05,532,1.04710671896846,1033.57142857143,0.0254120010677607,1,987.073628550135
2021-09-06,533,1.04585536718098,1034.28571428571,0.0254295629206064,10,988.937616750537
2021-09-07,534,1.01401216662465,1009.14285714286,0.0248113857004369,2180,995.19797726096
2021-09-08,535,1.05787124241228,1063,0.0261355494050044,1399,1004.84818698354
2021-09-09,536,1.09038339711597,1105,0.0271681863523329,1397,1013.40501233116
2021-09-10,537,1.08993921070401,1112.85714285714,0.0273613667336359,1481,1021.02679849304
2021-09-11,538,1.10439119965521,1140.42857142857,0.0280392542534808,1515,1032.63098418804
2021-09-12,539,1.08643207846971,1140.57142857143,0.0280427666240499,2,1049.8322455445
2021-09-13,540,1.06423289134765,1139.28571428571,0.0280111552889276,1,1070.52293116315
2021-09-14,541,1.03840865113274,1133.28571428571,0.0278636357250235,2138,1091.36775107708
2021-09-15,542,0.985209313716208,1092.57142857143,0.0268626101128173,1114,1108.97391382776
2021-09-16,543,0.947558993802758,1062.28571428571,0.0261179875521587,1185,1121.07607149876
2021-09-17,544,0.882472544534604,993,0.0244144878261236,996,1125.24747217341
2021-09-18,545,0.800006965933437,895.571428571429,0.022019051097967,833,1119.45453815704
2021-09-19,546,0.812716232261448,895.428571428571,0.0220155387273979,1,1101.77271707367
2021-09-20,547,0.836995642202436,895.285714285714,0.0220120263568288,0,1069.64202576957
2021-09-21,548,0.738380350652255,758.285714285714,0.0186436629810191,1179,1026.95814374783
2021-09-22,549,0.738749804074535,726.428571428571,0.0178604043440999,891,983.321508069435
2021-09-23,550,0.706354347422328,663.428571428571,0.0163114489231072,744,939.229118996146
2021-09-24,551,0.709000827014971,631.285714285714,0.0155211655450497,771,890.387839099635
2021-09-25,552,0.734627558029551,614.857142857143,0.015117242929598,718,836.964440193802
2021-09-26,553,0.785770156232876,614.857142857143,0.015117242929598,1,782.489813312431
2021-09-27,554,0.841025756293019,615.714285714286,0.0151383171530129,6,732.099202797503
2021-09-28,555,0.868948746129307,600,0.014751956390407,1069,690.489516985522
2021-09-29,556,0.899229877777688,593.428571428571,0.0145903873442264,845,659.929775571005
2021-09-30,557,0.953413510707972,609.142857142857,0.0149767481068323,854,638.9073054886
2021-10-01,558,0.975220414341853,608.714285714286,0.0149662109951248,768,624.181238171771
2021-10-02,559,0.986586509491883,606.142857142857,0.0149029883248802,700,614.383889614542
2021-10-03,560,0.995318361707627,606.285714285714,0.0149065006954494,2,609.137475616882
2021-10-04,561,0.99732886667509,605.428571428571,0.0148854264720345,0,607.050083135524
2021-10-05,562,1.02775650866458,623.285714285714,0.0153244727931776,1194,606.452704537558
2021-10-06,563,1.00263421626245,608,0.0149486491422791,738,606.402604397904
2021-10-07,564,0.998439156890626,606.428571428571,0.0149100130660185,843,607.376590995421
2021-10-08,565,0.989338324727137,602.571428571429,0.0148151790606516,741,609.06508270325
2021-10-09,566,0.964334135216819,588.285714285714,0.0144639420037372,600,610.043441170363
2021-10-10,567,0.968391036512425,590.285714285714,0.0145131151917052,16,609.553054530096
2021-10-11,568,0.974347334340349,591.571428571429,0.0145447265268275,9,607.146350918005
2021-10-12,569,0.963898574435955,581.428571428571,0.0142953482164182,1123,603.205136773655
2021-10-13,570,1.01068587808645,605.428571428571,0.0148854264720345,906,599.027437263535
2021-10-14,571,1.00603357519102,598.857142857143,0.0147238574258539,797,595.265563322212
2021-10-15,572,0.992327124105804,588.571428571429,0.0144709667448755,669,593.122383006306
2021-10-16,573,0.983722700175335,583.571428571429,0.0143480337749554,565,593.227571618928
2021-10-17,574,0.982056837038406,583.285714285714,0.0143410090338171,14,593.942929051573
2021-10-18,575,0.98066740206069,582,0.0143093976986948,0,593.473382287445
2021-10-19,576,0.972926421319514,575.571428571429,0.0141513410230833,1078,591.587828184191
2021-10-20,577,0.956304208050438,563.285714285714,0.0138492771541369,820,589.023565455236
2021-10-21,578,0.958853703122203,562,0.0138176658190146,788,586.116524523006
2021-10-22,579,0.991772154290703,577.571428571429,0.0142005142110513,778,582.36302166045
2021-10-23,580,1.08105471965054,624.571428571429,0.0153560841282999,894,577.742659292333
2021-10-24,581,1.21499073674266,697.714285714286,0.0171544178597019,526,574.254819081856
2021-10-25,582,1.28948834560668,743.285714285714,0.018274864071259,319,576.419102055561
2021-10-26,583,1.12960778289943,666.285714285714,0.0163816963344901,539,589.83810520101
2021-10-27,584,1.18488336535553,729.571428571429,0.0179376764966211,1263,615.732695641748
2021-10-28,585,1.15492887709656,744.285714285714,0.018299450665243,891,644.442899511542
2021-10-29,586,1.17895631427688,787.714285714286,0.0193672113182629,1082,668.145440314668
2021-10-30,587,1.16212343388097,799.714285714286,0.0196622504460711,978,688.149177960896
2021-10-31,588,1.19643241492119,847.571428571429,0.0208388945867345,861,708.415634682765
2021-11-01,589,1.15650373178882,845.142857142857,0.020779184287059,302,730.773999177361
2021-11-02,590,1.13620576539956,858.428571428571,0.0211058347499895,632,755.522104859851
2021-11-03,591,1.08074331766094,844.142857142857,0.020754597693075,1163,781.076175395503
2021-11-04,592,1.03987421404256,836.428571428571,0.0205649296823412,837,804.355526979472
2021-11-05,593,0.972565593062524,799.857142857143,0.0196657628166402,826,822.419740696834
2021-11-06,594,0.917532153257531,764.571428571429,0.0187982072860615,731,833.291155908767
2021-11-07,595,0.869976313299835,726.857142857143,0.0178709414558074,597,835.490727443097
2021-11-08,596,0.873764393819018,723.428571428571,0.0177866445621479,278,827.944668546901
2021-11-09,597,0.868855772683562,704.857142857143,0.0173300363881591,502,811.247579883264
2021-11-10,598,0.921820178102567,727.428571428571,0.0178849909380839,1321,789.121987897767
2021-11-11,599,0.983298996301402,753.571428571429,0.0185277547522374,1020,766.370586572269
2021-11-12,600,1.02724804191868,768.142857142857,0.0188860165502901,928,747.767652794091
2021-11-13,601,1.07668413171383,794.142857142857,0.0195252679938744,913,737.582020344968
2021-11-14,602,1.12271981229787,827.428571428571,0.0203436503364851,830,736.985811032471
2021-11-15,603,1.11751499313326,832.142857142857,0.0204595585652669,311,744.636861479343
2021-11-16,604,1.11019827871923,842.571428571429,0.0207159616168144,575,758.937790412948
2021-11-17,605,1.07996991962764,839.285714285714,0.0206351770937241,1298,777.138047118096
2021-11-18,606,1.0880727928409,865.714285714286,0.0212849656490158,1205,795.64004486681
2021-11-19,607,1.10216705138551,894.571428571429,0.021994464503983,1130,811.647769225985
2021-11-20,608,1.15445812360438,952.714285714286,0.0234239993256249,1320,825.248024362963
2021-11-21,609,1.17960262323089,990.142857142857,0.0243442404147407,1092,839.386788095543
2021-11-22,610,1.18211535499457,1014.57142857143,0.0249448557820644,482,858.267701442798
2021-11-23,611,1.20857687841976,1068.57142857143,0.0262725318572011,953,884.156769545854
2021-11-24,612,1.28923194232306,1180.14285714286,0.0290156932717029,2079,915.384438130168
2021-11-25,613,1.3775301338192,1309.28571428571,0.0321908762662096,2109,950.458855412273
2021-11-26,614,1.4598490277412,1450,0.0356505612768169,2115,993.253392950883
2021-11-27,615,1.47561216330233,1550.85714285714,0.038130294898633,2026,1050.99238229809
2021-11-28,616,1.45888502362852,1646.14285714286,0.0404730460682524,1759,1128.35681392396
2021-11-29,617,1.39251626238719,1703,0.0418709695547719,880,1222.96596887173
2021-11-30,618,1.32597383736074,1759.28571428571,0.0432548435590148,1347,1326.78765200033
2021-12-01,619,1.28815514889854,1842.14285714286,0.0452920184891187,2659,1430.0628761357
2021-12-02,620,1.23744191641617,1887.42857142857,0.0464054399595375,2426,1525.26639544817
2021-12-03,621,1.18002256639115,1900.85714285714,0.0467356027930371,2209,1610.86507749636
2021-12-04,622,1.13707124783249,1919.28571428571,0.0471886985964567,2155,1687.92036378046
2021-12-05,623,1.12011547182149,1965.71428571429,0.0483302190314287,2084,1754.92110872972
2021-12-06,624,1.08996366624361,1972.57142857143,0.0484988128187476,928,1809.75888432097
2021-12-07,625,1.13375833325171,2102.14285714286,0.0516845329249617,2254,1854.13663166977
2021-12-08,626,1.16222751171528,2198.42857142857,0.0540518706885651,3333,1891.56473174861
2021-12-09,627,1.20058622736003,2317.28571428571,0.0569741630020934,3258,1930.128516784
2021-12-10,628,1.23274101025391,2440.71428571429,0.0600088511738342,3073,1979.90840364074
2021-12-11,629,1.24276748616376,2542.85714285714,0.0625201961307726,2870,2046.12461395058
2021-12-12,630,1.215297479974,2587.42857142857,0.0636160557483457,2396,2129.04956528332
2021-12-13,631,1.19829895062615,2665.57142857143,0.0655373224496677,1475,2224.46279134149
2021-12-14,632,1.17565093195113,2731.28571428571,0.0671530129114742,2714,2323.21145678235
2021-12-15,633,1.17336091619677,2836.14285714286,0.0697310929092263,4067,2417.11038606576
2021-12-16,634,1.17579566316116,2943.71428571429,0.0723759079477921,4011,2503.59342013562
2021-12-17,635,1.19636889245122,3093.42857142857,0.0760568723042556,4121,2585.68121500593
2021-12-18,636,1.22905164421817,3280.71428571429,0.0806615901204041,4181,2669.30547723341
2021-12-19,637,1.23949281724035,3422.57142857143,0.0841493740955646,3389,2761.26765800189
2021-12-20,638,1.22027437721447,3500.42857142857,0.0860636160557483,2020,2868.55861008818
2021-12-21,639,1.185076610908,3546.42857142857,0.0871945993790129,3036,2992.57325542128
2021-12-22,640,1.16280773859472,3633,0.0893230959439145,4673,3124.33421228394
2021-12-23,641,1.16636102688942,3790.28571428571,0.0931902159405426,5112,3249.66766456014
2021-12-24,642,1.17068013744009,3934.71428571429,0.0967412225859477,5132,3361.04983750581
2021-12-25,643,1.20320274554712,4168.14285714286,0.10248043609593,5815,3464.20657081158
2021-12-26,644,1.12625504761304,4021.71428571429,0.0988802562625567,2364,3570.87348397488
2021-12-27,645,1.08087805807985,3989.28571428571,0.0980829481433609,1793,3690.78240090521
2021-12-28,646,1.16304353625184,4431.57142857143,0.108957247425432,6132,3810.32290747527
2021-12-29,647,1.30164509675246,5083,0.124973657220731,9233,3905.05830866019
2021-12-30,648,1.48095858718501,5914.71428571429,0.145422678674291,10934,3993.84178389276
2021-12-31,649,1.64690906768837,6820.42857142857,0.167691108082667,11472,4141.35103463959
2022-01-01,650,1.70027827627045,7504.28571428571,0.184504825997162,10602,4413.5632496266
2022-01-02,651,1.63529715716397,7920.42857142857,0.19473636146508,5277,4843.41854122992
2022-01-03,652,1.56777298344209,8483,0.208568076766371,5731,5410.85992014948
2022-01-04,653,1.49371012761421,9034,0.222115290051562,9989,6048.02754764028
2022-01-05,654,1.52908566772868,10228.2857142857,0.25147870800961,17593,6689.15151724555
2022-01-06,655,1.65686440734821,12110.5714285714,0.297757702628658,24110,7309.33163562507
2022-01-07,656,1.63526826548261,13002.2857142857,0.319681919721258,17714,7951.16372569511
2022-01-08,657,1.64398897710341,14336.8571428571,0.352494485578206,19944,8720.7744957741
2022-01-09,658,1.69366314317071,16369.1428571429,0.402461469294856,19503,9664.93421265465
2022-01-10,659,1.66614579552386,17909.1428571429,0.440324824030235,16511,10748.8449721844
2022-01-11,660,1.55770068838287,18640.1428571429,0.458297624232547,15106,11966.4470820092
2022-01-12,661,1.45683846719225,19405.1428571429,0.477106368630316,22948,13320.0373920262
2022-01-13,662,1.34169446761482,19760.2857142857,0.485838121865209,26596,14727.8580863602
2022-01-14,663,1.30480067787772,20958.5714285714,0.515299886199194,26102,16062.6613581017
2022-01-15,664,1.26835923716206,21854.7142857143,0.537332986779437,26217,17230.6974596676
2022-01-16,665,1.24753806695045,22753.1428571429,0.559422285288787,25792,18238.4357318745
2022-01-17,666,1.22900733960092,23549.4285714286,0.579000238841199,22085,19161.3408745593
2022-01-18,667,1.23903499668262,24852,0.611026033690659,24224,20057.5448365369
2022-01-19,668,1.29796371157218,27189.5714285714,0.66849895331357,39311,20947.8671754526
2022-01-20,669,1.33519302607588,29194.1428571429,0.717784537139806,40628,21865.1103525789
2022-01-21,670,1.38387046615917,31709.8571428571,0.779637382862442,43712,22913.8910890017
2022-01-22,671,1.3904906963664,33651.4285714286,0.827374011267685,39808,24201.1173892539
2022-01-23,672,1.37189104519791,35353.2857142857,0.869216881857904,37705,25769.7474140053
2022-01-24,673,1.32800111116947,36624.7142857143,0.90047697992329,30985,27578.8280428935
2022-01-25,674,1.28795211918969,38010,0.934536437332284,33921,29511.9666590664
2022-01-26,675,1.24295805072633,39064.8571428571,0.960471781614848,46695,31428.9425294999
2022-01-27,676,1.18010730061766,39215.1428571429,0.964166795453588,41680,33230.1502046619
2022-01-28,677,1.16655749974375,40672.5714285714,1,53914,34865.466500799
2022-01-29,678,1.1199339979185,40630.5714285714,0.998967363052672,39514,36279.433881003
2022-01-30,679,1.07124890849089,40148.2857142857,0.98710960001124,34329,37478.0178500664
2022-01-31,680,0.984159445201217,37874.1428571429,0.931196172921028,15066,38483.7467565017
2022-02-01,681,0.932204917286557,36570.4285714286,0.899142279107015,24795,39230.0318237722
2022-02-02,682,0.903851608644348,35747.4285714286,0.878907512258173,40934,39550.1078158668
2022-02-03,683,0.887876932277611,34928.4285714286,0.858771091785268,35947,39339.2679792108
2022-02-04,684,0.808095108765885,31268.5714285714,0.768787670174354,28295,38694.1723683051
2022-02-05,685,0.775079231451963,29295.8571428571,0.720285344985037,25705,37797.2418225901
2022-02-06,686,0.743503795260464,27247,0.669910926282366,19987,36646.7530814081
2022-02-07,687,0.754721592641199,26533.8571428571,0.652377172401197,10074,35157.1458953495
2022-02-08,688,0.730130153250654,24371.1428571429,0.599203394354918,9656,33379.1759573806
2022-02-09,689,0.676940992315095,21326.1428571429,0.524337215673602,19619,31503.695446495
2022-02-10,690,0.62208839854877,18453.7142857143,0.453713980639813,15840,29664.1350791363
2022-02-11,691,0.556769981324473,15472.2857142857,0.380410806861767,7425,27789.3676621707
2022-02-12,692,0.490887819716058,12633.1428571429,0.310605954170589,5831,25735.2950098664
2022-02-13,693,0.434463549762031,10180.2857142857,0.250298551498377,2817,23431.8522689919
2022-02-14,694,0.426178469258907,8909,0.21904196580356,1175,20904.3878154898
2022-02-15,695,0.432408860440583,7893.42857142857,0.194072523427512,2547,18254.548631094
2022-02-16,696,0.369588011778667,5788.71428571429,0.142324767832305,4886,15662.6137786659
2022-02-17,697,0.308204571834643,4104,0.100903381710384,4047,13315.8310260299
2022-02-18,698,0.32406182828812,3645.71428571429,0.0896356969245683,4217,11250.0577589562
2022-02-19,699,0.351987928025902,3301.57142857143,0.0811743962234992,3422,9379.78596904742
2022-02-20,700,0.413594228868824,3180.42857142857,0.0781959059808646,1969,7689.73150357299
2022-02-21,701,0.506355110454031,3167.42857142857,0.0778762802590725,1084,6255.35025920534
2022-02-22,702,0.609347053301528,3131.71428571429,0.0769981876167863,2297,5139.45914523787
2022-02-23,703,0.673089192317812,2925.14285714286,0.0719192997738033,3440,4345.84731195876
2022-02-24,704,0.729610609177317,2790.71428571429,0.0686141590682383,3106,3824.9365491834
2022-02-25,705,0.770795688633444,2692.42857142857,0.0661976481166669,3529,3493.05089679734
2022-02-26,706,0.794858648538365,2597.28571428571,0.0638584093176166,2756,3267.60703813409
2022-02-27,707,0.816575989366107,2527.85714285714,0.0621513972210124,1483,3095.67900082327
2022-02-28,708,0.856558814196391,2529,0.0621794961855656,1092,2952.51179263465
2022-03-01,709,0.851313922066506,2408.71428571429,0.0592220801663459,1455,2829.40784037373
2022-03-02,710,0.864436511548108,2357,0.0579506020203156,3078,2726.63170575579
2022-03-03,711,0.856772003596814,2262.71428571429,0.0556324374446802,2446,2640.97598452702
2022-03-04,712,0.801813584677718,2056.42857142857,0.0505605743428355,2085,2564.721539677
2022-03-05,713,0.786764956517857,1959.57142857143,0.0481791870969555,2078,2490.6694335298
2022-03-06,714,0.801206117471883,1929,0.0474275397951585,1269,2407.6201590756
2022-03-07,715,0.78794051645779,1819.71428571429,0.044740576309763,327,2309.45642178024
2022-03-08,716,0.823738066431884,1816,0.0446492546749652,1429,2204.58428959853
2022-03-09,717,0.80505643813903,1693.28571428571,0.0416321283560701,2219,2103.31305243632
2022-03-10,718,0.817142922371242,1644.28571428571,0.0404273852508535,2103,2012.237601611
2022-03-11,719,0.817367562976354,1578.42857142857,0.0388081824184779,1624,1931.11232072985
2022-03-12,720,0.807168801904201,1497.71428571429,0.0368236930469112,1513,1855.51557763508
2022-03-13,721,0.803914851477227,1433.57142857143,0.0352466386613653,820,1783.23789632345
2022-03-14,722,0.843662016086331,1444.85714285714,0.0355241159363277,406,1712.60186580368
2022-03-15,723,0.831714491399899,1366.42857142857,0.0335958244938674,880,1642.90581149869
2022-03-16,724,0.819723813919161,1293.85714285714,0.031811540244742,1711,1578.40619106954
2022-03-17,725,0.820696236191369,1248.57142857143,0.0306981187743232,1786,1521.35634783183
2022-03-18,726,0.874057694395202,1282.71428571429,0.0315375753403487,1863,1467.53960744188
2022-03-19,727,0.88588849849766,1252.57142857143,0.0307964651502592,1302,1413.91544273981
2022-03-20,728,0.896546771937616,1224,0.0300939910364303,620,1365.23831027208
2022-03-21,729,0.915750607229169,1214.85714285714,0.0298691993200051,342,1326.6244469474
2022-03-22,730,0.941703626130341,1221.14285714286,0.0300237436250474,924,1296.73797918862
2022-03-23,731,0.948662017530938,1207.14285714286,0.0296795313092713,1613,1272.46884015095
2022-03-24,732,0.903692966786183,1132.42857142857,0.0278425615016087,1263,1253.11207793931
2022-03-25,733,0.853949187126654,1057.14285714286,0.0259915422116695,1336,1237.94585565437
2022-03-26,734,0.847959908163991,1035.71428571429,0.0254646866262978,1152,1221.41893236064
2022-03-27,735,0.852599247513232,1019.71428571429,0.0250713011225536,508,1196.00655136452
2022-03-28,736,0.866949364054733,1006.42857142857,0.0247446506596232,249,1160.88506798309
2022-03-29,737,0.869994381306602,976.285714285714,0.0240035404695337,713,1122.17473499022
2022-03-30,738,0.831852197359318,903.571428571429,0.0222157438498391,1104,1086.21631515764
2022-03-31,739,0.830644931812769,876.142857142857,0.0215413687005634,1071,1054.77421650042
2022-04-01,740,0.780372213613007,799,0.0196446885932253,796,1023.87038654381
2022-04-02,741,0.750334523895187,742.571428571429,0.0182573022184133,757,989.653820960473
2022-04-03,742,0.754344938149422,716.714285714286,0.0176215631453981,327,950.114794264474
2022-04-04,743,0.78215038976729,707.428571428571,0.0173932590584037,184,904.466175154691
2022-04-05,744,0.74202576418578,635,0.0156124871798474,206,855.765433828003
2022-04-06,745,0.772178450611761,625.142857142857,0.0153701336105764,1035,809.583402188427
2022-04-07,746,0.767389427924913,588.714285714286,0.0144744791154446,816,767.164967735117
2022-04-08,747,0.823220143653877,598.857142857143,0.0147238574258539,867,727.456862509589
2022-04-09,748,0.840173675680047,580.285714285714,0.0142672492518651,627,690.673525108989
2022-04-10,749,0.886733878383664,584.142857142857,0.014362083257232,354,658.757798007708
2022-04-11,750,0.924135708475321,585.285714285714,0.0143901822217851,192,633.333079674352
2022-04-12,751,1.03299227967903,634.714285714286,0.0156054624387091,552,614.44242924207
2022-04-13,752,0.984955497990927,592.857142857143,0.0145763378619498,742,601.912618454772
2022-04-14,753,0.961467136359915,574.142857142857,0.0141162173173919,685,597.152867144835
2022-04-15,754,0.878987892430072,525.571428571429,0.0129220113238827,527,597.927949972576
2022-04-16,755,0.803689836363191,480.428571428571,0.011812102224033,311,597.778582845564
2022-04-17,756,0.760854635355903,449.571428571429,0.0110534301810978,138,590.876900370245
2022-04-18,757,0.764541265656605,439,0.0107935147589811,118,574.200530069462
2022-04-19,758,0.694088278757094,381,0.00936749230790845,146,548.92153010026
2022-04-20,759,0.657208266627984,341.428571428571,0.00839456566025542,465,519.513507004985
2022-04-21,760,0.693900624308321,338.857142857143,0.00833134299001082,667,488.336702672541
2022-04-22,761,0.750666496153761,341.571428571429,0.00839807803082456,546,455.024208915091
2022-04-23,762,0.84459005100438,356.142857142857,0.00875633982887731,413,421.675411306746
2022-04-24,763,0.933626146155013,366.857142857143,0.00901976762156314,213,392.937948843854
2022-04-25,764,0.968990385591359,361.142857142857,0.00887927279879737,78,372.700144927091
2022-04-26,765,1.09268023458865,395.571428571429,0.00972575410596119,387,362.019386870619
2022-04-27,766,1.09839141984302,394,0.00968711802970061,454,358.706370863959
2022-04-28,767,0.996884101430787,359.857142857143,0.00884766146367506,428,360.98192592364
2022-04-29,768,0.913061995415803,335.285714285714,0.0082435337257822,374,367.210239796507
2022-04-30,769,0.895974306329627,333.857142857143,0.00820841002009076,403,372.619103582104
2022-05-01,770,0.883342399131827,328.857142857143,0.0080854770501707,178,372.287284274312
2022-05-02,771,0.907808699760971,332.142857142857,0.00816626157326103,101,365.873181464676
2022-05-03,772,0.881948639342227,314.428571428571,0.0077307276226871,263,356.515739582157
2022-05-04,773,0.905814008751846,314.714285714286,0.00773775236382539,456,347.438086266674
2022-05-05,774,0.907991064632391,308.285714285714,0.00757969568821389,383,339.525052937087
2022-05-06,775,0.902160657795875,299.857142857143,0.00737246582463436,315,332.376656270672
2022-05-07,776,0.866820257852413,282.428571428571,0.00694395661519873,281,325.821378619255
2022-05-08,777,0.881794063358027,281.714285714286,0.00692639476235301,173,319.478546545741
2022-05-09,778,0.887490296013446,277.285714285714,0.00681751127470953,70,312.438023864898
2022-05-10,779,0.881345952697381,268.428571428571,0.00659974429942257,201,304.566635391062
2022-05-11,780,0.861273839316845,255.571428571429,0.00628363094819956,366,296.736551030211
2022-05-12,781,0.876818174476778,253.714285714286,0.00623797013080068,370,289.357922884849
2022-05-13,782,0.895765098588851,252.571428571429,0.00620987116624752,307,281.961676079274
2022-05-14,783,0.892732310622716,245,0.00602371552608286,228,274.438369805505
2022-05-15,784,0.877550274640078,234.714285714286,0.00577082484510446,101,267.465343578808
2022-05-16,785,0.907490611623491,237.142857142857,0.00583053514477992,87,261.317146541727
2022-05-17,786,0.93671441518771,239.285714285714,0.00588322070331708,216,255.452153192031
2022-05-18,787,0.91773913554774,229.285714285714,0.00563735476347697,296,249.837568656008
2022-05-19,788,0.996281753636867,244.285714285714,0.00600615367323714,475,245.19741869603
2022-05-20,789,1.07334466610186,259.285714285714,0.00637495258299732,412,241.567990669185
2022-05-21,790,1.08503288160346,259.714285714286,0.00638548969470475,231,239.360751289381
2022-05-22,791,1.08962881474619,261.428571428571,0.00642763814153448,113,239.924429209837
2022-05-23,792,1.0667522623413,259.571428571429,0.00638197732413561,74,243.328688145197
2022-05-24,793,1.05442132279999,261.571428571429,0.00643115051210363,230,248.071072649434
2022-05-25,794,1.04153925278015,263,0.00646627421779507,306,252.510886457693
2022-05-26,795,0.934616558377863,239.142857142857,0.00587970833274794,308,255.872694528244
2022-05-27,796,0.77765045767917,200.714285714286,0.00493488064964806,143,258.103475323991
2022-05-28,797,0.729968606761665,188.285714285714,0.00462930441013249,144,257.936728431377
2022-05-29,798,0.74901903049938,189.142857142857,0.00465037863354735,119,252.520763079615
2022-05-30,799,0.778614254167658,187.714285714286,0.00461525492785591,64,241.087656319564
2022-05-31,800,0.795230864132066,180.285714285714,0.00443261165826039,178,226.708648289805
2022-06-01,801,0.785724147618786,167.571428571429,0.00412001067760653,217,213.270050410529
2022-06-02,802,0.7882591838175,159.571428571429,0.00392331792573444,252,202.4352292334
2022-06-03,803,0.890465071226344,172.285714285714,0.0042359189063883,232,193.478351765604
2022-06-04,804,0.947705983900295,175.571428571429,0.00431670342947862,167,185.259385879218
2022-06-05,805,1.00569316937382,179.428571428571,0.00441153743484553,146,178.412836929469
2022-06-06,806,1.03112286312114,179.714285714286,0.00441856217598382,66,174.289885465542
2022-06-07,807,0.975542838992339,168.857142857143,0.00415162201272883,102,173.090443707792
2022-06-08,808,1.08808310908079,189.142857142857,0.00465037863354735,359,173.831259362756
2022-06-09,809,1.26173272667054,220.571428571429,0.00542310015875915,472,174.816285500871
2022-06-10,810,1.36650115874551,240.714285714286,0.00591834440900853,373,176.153736990073
2022-06-11,811,1.49282146780412,269.571428571429,0.00662784326397572,369,180.578477993056
2022-06-12,812,1.40083722083372,266.428571428571,0.00655057111145454,124,190.192384572708
2022-06-13,813,1.32509593639761,271.571428571429,0.00667701645194375,102,204.944729745168
2022-06-14,814,1.3099767262196,291,0.0071546988493474,238,222.14135119773
2022-06-15,815,1.23578091943904,294.428571428571,0.00723899574300687,383,238.253048576136
2022-06-16,816,1.11295252324395,280.714285714286,0.006901808168369,376,252.224852230067
2022-06-17,817,1.09216716752354,288.714285714286,0.00709850092024109,429,264.349903842044
2022-06-18,818,1.04604601508542,286.285714285714,0.00703879062056563,352,273.683671805143
2022-06-19,819,1.07411240678827,300.428571428571,0.00738651530691094,223,279.699377392809
2022-06-20,820,1.09443315182661,310,0.00762184413504362,169,283.251653591276
2022-06-21,821,1.15450514279212,330.285714285714,0.00812060075586215,380,286.084229548717
2022-06-22,822,1.31613105006021,381.714285714286,0.00938505416075418,743,290.027566553364
2022-06-23,823,1.41144440821094,418.714285714286,0.0102947581381626,635,296.656590424998
2022-06-24,824,1.43708602027517,443.571428571429,0.0109059106171938,603,308.660318389636
2022-06-25,825,1.35156156581662,443.428571428571,0.0109023982466246,351,328.086106207563
2022-06-26,826,1.24900892712723,441.571428571429,0.0108567374292257,210,353.537447956485
2022-06-27,827,1.16315229373661,442.285714285714,0.0108742992820715,174,380.247467736902
2022-06-28,828,1.16851107385462,471,0.0115802857664695,581,403.07705295962
2022-06-29,829,1.14388994573115,480.142857142857,0.0118050774828948,807,419.745674778146
2022-06-30,830,1.14026025580216,492.857142857143,0.0121176784635486,724,432.232150817555
2022-07-01,831,1.15045079894703,510.428571428571,0.0125497000435534,726,443.677010695068
2022-07-02,832,1.23855773485357,564.142857142857,0.0138703513775517,727,455.483697907352
2022-07-03,833,1.2427513969362,582,0.0143093976986948,335,468.315707739157
2022-07-04,834,1.21577214589085,589,0.0144815038565829,223,484.465779209322
2022-07-05,835,1.15825207667944,585.142857142857,0.014386669851216,554,505.194740354264
2022-07-06,836,1.08970457780093,575.285714285714,0.014144316281945,738,527.928143099723
2022-07-07,837,1.08828038967838,596.714285714286,0.0146711718673167,874,548.309324852057
2022-07-08,838,1.06782005044842,601.285714285714,0.0147835677255293,758,563.096482439352
2022-07-09,839,1.03410021819051,592.428571428571,0.0145658007502424,665,572.892801884538
2022-07-10,840,1.02679822340414,595.857142857143,0.0146500976439018,359,580.305973730361
2022-07-11,841,1.03121033115611,604.428571428571,0.0148608398780505,283,586.135100829464
2022-07-12,842,1.05482362221031,622.571428571429,0.0153069109403318,681,590.213771726947
2022-07-13,843,1.10572470903007,656.142857142857,0.0161323180240808,973,593.405258817465
2022-07-14,844,1.12977486248086,675.285714285714,0.0166029756803462,1008,597.717064444915
2022-07-15,845,1.1607768724859,703.142857142857,0.0172878879413294,953,605.75195268753
2022-07-16,846,1.22391187839382,757.285714285714,0.0186190763870351,1044,618.742025185281
2022-07-17,847,1.21611128330702,773.857142857143,0.0190265113730559,475,636.337441712374
2022-07-18,848,1.17973928374425,777.428571428571,0.0191143206372845,308,658.983372123691
2022-07-19,849,1.13824494513818,780.714285714286,0.0191951051603748,704,685.893040025327
2022-07-20,850,1.15565368340525,824.142857142857,0.0202628658133948,1277,713.139990792429
2022-07-21,851,1.13540491781828,836.571428571429,0.0205684420529103,1095,736.804478686716
2022-07-22,852,1.10896316817168,839.857142857143,0.0206492265760007,976,757.33547061062
2022-07-23,853,1.09284842872803,849.142857142857,0.0208775306629951,1109,776.999659624507
2022-07-24,854,1.07262471164889,853.428571428571,0.0209829017800694,505,795.645077127342
2022-07-25,855,1.04802630135196,851,0.0209231914803939,291,812.002522171636
2022-07-26,856,1.02685539188202,847.571428571429,0.0208388945867345,680,825.404857657709
2022-07-27,857,0.972722797620682,812.714285714286,0.0199818761678632,1033,835.504511359472
2022-07-28,858,0.972958874357233,819.142857142857,0.0201399328434747,1140,841.909024863984
2022-07-29,859,0.98234575293955,828.285714285714,0.0203647245599,1040,843.171268168229
2022-07-30,860,0.968081754644913,812.714285714286,0.0199818761678632,1000,839.509970944949
2022-07-31,861,0.977712770855062,815.571428571429,0.0200521235792461,525,834.162601617823
2022-08-01,862,0.983931228387487,815.857142857143,0.0200591483203844,293,829.181063999979
2022-08-02,863,0.999497801125054,824.428571428571,0.0202698905545331,740,824.842806558032
2022-08-03,864,1.02572425469392,842.571428571429,0.0207159616168144,1160,821.440484336459
2022-08-04,865,1.04007397519603,852.571428571429,0.0209618275566545,1210,819.721912963683
2022-08-05,866,1.06289803693081,872.571428571429,0.0214535594363348,1180,820.936155918625
2022-08-06,867,1.0683384295163,882.142857142857,0.0216888882644675,1067,825.71480419576
2022-08-07,868,1.06607071406417,889,0.0218574820517864,573,833.903406473737
2022-08-08,869,1.05607611072983,892,0.0219312418337384,314,844.636092926634
2022-08-09,870,1.0323462017811,884,0.0217345490818663,684,856.301886397061
2022-08-10,871,1.02698866773906,890.571428571429,0.021896118128047,1206,867.167726915668
2022-08-11,872,1.03569201684508,906.857142857143,0.0222965283729295,1324,875.605033260376
2022-08-12,873,1.0437309464543,919.857142857143,0.0226161540947216,1271,881.316344966129
2022-08-13,874,1.06713329278322,945.571428571429,0.0232483807971676,1247,886.085585527242
2022-08-14,875,1.06392371787755,949.142857142857,0.0233361900613962,598,892.115516548805
2022-08-15,876,1.05330850285566,949,0.0233326776908271,313,900.970605883397
2022-08-16,877,1.06088181347205,967.857142857143,0.0237963106059542,816,912.313822865471
2022-08-17,878,1.05617084978742,975.857142857143,0.0239930033578263,1262,923.957656143941
2022-08-18,879,1.06207866964491,992.857142857143,0.0244109754555545,1443,934.824482624329
2022-08-19,880,1.04730479514277,990,0.0243407280441716,1251,945.283555075332
2022-08-20,881,1.02159018910354,976.571428571429,0.024010565210672,1153,955.932661636451
2022-08-21,882,0.981728973186185,948.571428571429,0.0233221405791197,402,966.225357995554
2022-08-22,883,0.95788475419401,932.857142857143,0.0229357798165138,203,973.872001587575
2022-08-23,884,0.946750226743666,924,0.0227180128412268,754,975.970191396821
2022-08-24,885,0.93341213000512,906.714285714286,0.0222930160023603,1141,971.39758159058
2022-08-25,886,0.852119743659657,819.571428571429,0.0201504699551822,833,961.803120593778
2022-08-26,887,0.813022429544254,771.571428571429,0.0189703134439496,915,949.016165524411
2022-08-27,888,0.792930318624919,737.571428571429,0.0181343692484932,915,930.184420051572
2022-08-28,889,0.80288279747251,723.857142857143,0.0177971816738553,306,901.57261450346
2022-08-29,890,0.833427430802759,720.714285714286,0.0177199095213341,181,864.759496840765
2022-08-30,891,0.86752366429751,716.285714285714,0.0176110260336907,723,825.667061042925
2022-08-31,892,0.89764403228973,709.714285714286,0.01744945698751,1095,790.64112296712
2022-09-01,893,0.948224032397484,723.714285714286,0.0177936693032862,931,763.231326129175
2022-09-02,894,0.953598941335776,709.142857142857,0.0174354075052334,813,743.648955974625
2022-09-03,895,0.933243414967078,682.285714285714,0.0167750818382343,727,731.090842264109
2022-09-04,896,0.941845459064356,681.428571428571,0.0167540076148194,300,723.503590605526
2022-09-05,897,0.964657481533259,691.571428571429,0.0170033859252287,252,716.908790747387
2022-09-06,898,0.992631790525576,703.857142857143,0.0173054497941751,809,709.08180613928
2022-09-07,899,0.958335873028997,672.285714285714,0.0165292158983941,874,701.51366885686
2022-09-08,900,0.976672392677599,680.428571428571,0.0167294210208354,988,696.680459619771
2022-09-09,901,0.989434459139596,686.285714285714,0.0168734282141703,854,693.614122639819
2022-09-10,902,1.02219685192408,705.714285714286,0.017351110611574,863,690.38980543319
2022-09-11,903,1.05484081390696,725.285714285714,0.0178323053795468,437,687.578357533754
2022-09-12,904,1.04468347811447,718,0.0176531744805204,201,687.28951404104
2022-09-13,905,1.00362454922478,693.714285714286,0.0170560714837658,639,691.208964796773
2022-09-14,906,1.04398793824759,728.714285714286,0.0179166022732062,1119,698.010253775041
2022-09-15,907,1.02807060689454,723.428571428571,0.0177866445621479,951,703.675960169518
2022-09-16,908,1.02758866511841,727,0.0178744538263765,879,707.481529018451
2022-09-17,909,1.02002121358935,725.428571428571,0.0178358177501159,852,711.189690727966
2022-09-18,910,1.00973023276312,722.142857142857,0.0177550332270256,414,715.183950832807
2022-09-19,911,1.01273540797601,728,0.0178990404203605,242,718.845212941589
2022-09-20,912,1.01660761072946,733.428571428571,0.018032510501988,677,721.447059502442
2022-09-21,913,1.00080193263038,723.714285714286,0.0177936693032862,1051,723.134380658285
2022-09-22,914,1.00274951203879,726.714285714286,0.0178674290852382,972,724.721654799644
2022-09-23,915,0.999085966223675,725.428571428571,0.0178358177501159,870,726.092244264557
2022-09-24,916,0.987539937791375,717.714285714286,0.0176461497393821,798,726.769883676247
2022-09-25,917,0.975524901709056,709,0.0174318951346643,353,726.788212948617
2022-09-26,918,0.976267235654592,708.714285714286,0.017424870393526,240,725.942917913341
2022-09-27,919,0.989321598356871,716,0.0176040012925524,728,723.728261051996
2022-09-28,920,1.00502841235125,724,0.0178006940444245,1107,720.377644156562
2022-09-29,921,1.0358422301966,743,0.0182678393301207,1105,717.290701556919
2022-09-30,922,1.05709868992147,757,0.0186120516458969,968,716.111000058319
2022-10-01,923,2.70967518754962,1946.14285714286,0.0478490242634559,9122,718.219979311532
2022-10-02,924,2.65174527257735,1939.85714285714,0.0476944799584135,309,731.539776055379
2022-10-03,925,2.35468131730151,1932.71428571429,0.0475188614299563,190,820.796543257582
2022-10-04,926,1.85591849318702,1899.85714285714,0.0467110161990531,498,1023.6748811068
2022-10-05,927,1.46151182866581,1873.14285714286,0.046054202902623,920,1281.64741495991
2022-10-06,928,1.19728478402885,1814.14285714286,0.0446035938575663,692,1515.21415902262
2022-10-07,929,1.05262541533979,1770.71428571429,0.0435358332045464,664,1682.18842136041
2022-10-08,930,0.311254958747954,553.428571428571,0.0136069235848659,601,1778.05543614398
2022-10-09,931,0.313000271646669,566.428571428571,0.0139265493066581,400,1809.67437647462
2022-10-10,932,0.330138520952268,571.428571428571,0.0140494822765781,225,1730.87517863809
2022-10-11,933,0.374303538361008,569.285714285714,0.0139967967180409,483,1520.919937809
2022-10-12,934,0.435115535192606,544.142857142857,0.0133786194978715,744,1250.57097054002
2022-10-13,935,0.529750143196601,531.571428571429,0.0130695308877868,604,1003.4380082728
2022-10-14,936,0.626646342250365,513.285714285714,0.0126199474549363,536,819.099513838126
2022-10-15,937,0.721935078695875,503.428571428571,0.0123775938856653,532,697.332192720126
2022-10-16,938,0.787645609173745,489.571428571429,0.0120368939404583,303,621.563077187719
2022-10-17,939,0.846216321014593,486.285714285714,0.011956109417368,202,574.658869380668
2022-10-18,940,0.894089057889593,486.714285714286,0.0119666465290754,486,544.368909807626
2022-10-19,941,0.925953800015034,484.857142857143,0.0119209857116765,731,523.62995092117
2022-10-20,942,0.957783444757397,487.714285714286,0.0119912331230594,624,509.211438539556
2022-10-21,943,0.962361151927127,480.714285714286,0.0118191269651713,487,499.515472701341
2022-10-22,944,0.964694534529766,476,0.0117032187363896,499,493.420438244758
2022-10-23,945,0.962065270198215,471,0.0115802857664695,268,489.571772924471
2022-10-24,946,0.961718525521843,467.857142857143,0.0115030136139483,180,486.480327082476
2022-10-25,947,0.953131917226439,460.571428571429,0.011323882714922,435,483.218975513553
2022-10-26,948,0.96011399352938,460.428571428571,0.0113203703443528,730,479.556151177461
2022-10-27,949,0.987560352469371,469.571428571429,0.0115451620607781,688,475.486310681951
2022-10-28,950,1.02261191551985,482,0.0118507383002936,574,471.34205330961
2022-10-29,951,1.04022629720795,487.142857142857,0.0119771836407828,535,468.304693363731
2022-10-30,952,1.06324990524594,497.428571428571,0.0122300743217612,340,467.837870452019
2022-10-31,953,1.06184572661348,499.428571428571,0.0122792475097293,194,470.340049322786
2022-11-01,954,1.06059506905365,504,0.0123916433679419,467,475.204924768988
2022-11-02,955,1.03763283638325,499.428571428571,0.0122792475097293,698,481.315311078018
2022-11-03,956,1.00015379073313,487.571428571429,0.0119877207524903,605,487.496456134041
2022-11-04,957,1.01041430820662,497.714285714286,0.0122370990628995,645,492.584360367656
2022-11-05,958,0.983770380153687,487.285714285714,0.011980696011352,462,495.324644974155
2022-11-06,959,0.982840003938643,487.428571428571,0.0119842083819211,341,495.938880667499
2022-11-07,960,0.972343699425886,481.571428571429,0.0118402011885862,153,495.268729417149
2022-11-08,961,1.01882463779906,503,0.0123670567739579,617,493.706160352206
2022-11-09,962,1.0618244059294,522,0.0128342020596541,831,491.606707366176
2022-11-10,963,1.07800082574336,528.857142857143,0.013002795846973,653,490.590665821112
2022-11-11,964,1.06548659746143,525.285714285714,0.0129149865827444,620,493.000771231879
2022-11-12,965,1.08428448639403,541.285714285714,0.0133083720864886,574,499.210051492899
2022-11-13,966,1.05884493432802,537,0.0132030009694143,311,507.156414117237
2022-11-14,967,1.04897847766103,540.428571428571,0.0132872978630737,177,515.195099744656
2022-11-15,968,1.00392538431218,524.571428571429,0.0128974247298987,506,522.520335443884
2022-11-16,969,0.964901060992232,509.857142857143,0.0125356505612768,728,528.403546714773
2022-11-17,970,0.954344259544079,507.428571428571,0.0124759402616014,636,531.703907006248
2022-11-18,971,0.961763394386964,510.857142857143,0.0125602371552608,644,531.16717254847
2022-11-19,972,0.979853632377637,516.571428571429,0.0127007319780266,614,527.192441301622
2022-11-20,973,0.994050039664931,518.857142857143,0.0127569299071329,327,521.962800818394
2022-11-21,974,1.01469329819971,525.428571428571,0.0129184989533136,223,517.820086484064
2022-11-22,975,1.00966016457384,520.857142857143,0.0128061030951009,474,515.873717843456
2022-11-23,976,1.02082986408787,526.857142857143,0.012953622659005,770,516.10671022825
2022-11-24,977,1.07472389636077,556.285714285714,0.0136771709962488,842,517.608025809612
2022-11-25,978,1.11326252678456,578.571428571429,0.0142251008050353,800,519.707988593238
2022-11-26,979,1.12874342014495,591.285714285714,0.0145377017856892,703,523.844218032988
2022-11-27,980,1.13600663764257,604.428571428571,0.0148608398780505,419,532.064295577426
2022-11-28,981,1.11750173483281,608.285714285714,0.0149556738834174,250,544.326416080885
2022-11-29,982,1.19282886489598,666.571428571429,0.0163887210756284,882,558.815642535241
2022-11-30,983,1.21813793933074,698.714285714286,0.0171790044536859,995,573.592089331169
2022-12-01,984,1.30951546569092,772.714285714286,0.0189984124085027,1360,590.076487036057
2022-12-02,985,1.34761268651754,824,0.0202593534428256,1159,611.451649456755
2022-12-03,986,1.39813847709956,895.571428571429,0.022019051097967,1204,640.545584890341
2022-12-04,987,1.38148943170561,937.428571428571,0.0230481756747264,712,678.56369358628
2022-12-05,988,1.32556974010286,960.714285714286,0.0236206920774969,413,724.755745887602
2022-12-06,989,1.28291896804711,995.857142857143,0.0244847352375065,1128,776.243213843084
2022-12-07,990,1.36119661088678,1126.85714285714,0.027705579049412,1912,827.843041809391
2022-12-08,991,1.35064946721566,1183.28571428571,0.0290929654242241,1755,876.086462851857
2022-12-09,992,1.35076521177501,1250.28571428571,0.0307402672211529,1628,925.612906955715
2022-12-10,993,1.36004919760973,1335.85714285714,0.0328441771920705,1803,982.212367909116
2022-12-11,994,1.31661605298735,1376.71428571429,0.0338487151748458,998,1045.6459820542
2022-12-12,995,1.2531070495022,1395.57142857143,0.0343123480899729,545,1113.68891358949
2022-12-13,996,1.23199486927233,1457.14285714286,0.0358261798052742,1559,1182.7507512296
2022-12-14,997,1.22218052056186,1524.28571428571,0.0374769939727721,2382,1247.18541053572
2022-12-15,998,1.24205020521411,1620.57142857143,0.0398443317363755,2429,1304.75517154483
2022-12-16,999,1.26548325628692,1719.57142857143,0.0422784045407927,2321,1358.82590309165
2022-12-17,1000,1.25866525709414,1781.71428571429,0.0438062857383705,2238,1415.55848600104
2022-12-18,1001,1.2177105542162,1802.28571428571,0.0443120671003274,1142,1480.06084700957
2022-12-19,1002,1.17902230109187,1829.57142857143,0.044982929879034,736,1551.76999355915
2022-12-20,1003,1.14396593658817,1857.28571428571,0.045664329769448,1753,1623.54984085014
2022-12-21,1004,1.11661771644771,1884.42857142857,0.0463316801775855,2572,1687.62195303822
2022-12-22,1005,1.10496675321083,1923.57142857143,0.0472940697135311,2703,1740.84100085535
2022-12-23,1006,1.07401410657666,1916.42857142857,0.0471184511850738,2271,1784.36070782817
2022-12-24,1007,1.01814131983135,1854.42857142857,0.0455940823580651,1804,1821.38622144885
2022-12-25,1008,0.977824159940353,1811.42857142857,0.0445368588167526,841,1852.50952639488
2022-12-26,1009,0.960819435471397,1799.14285714286,0.0442347949478062,650,1872.50880937911
2022-12-27,1010,0.871511615896816,1635.14285714286,0.0402025935344283,605,1876.2146451258
2022-12-28,1011,0.782811814951241,1459.57142857143,0.0358858901049496,1343,1864.52401547151
2022-12-29,1012,0.755494724724702,1386.14285714286,0.0340805316324093,2189,1834.74855849981
2022-12-30,1013,0.741400800129345,1318.42857142857,0.0324156679826348,1797,1778.29396892822
2022-12-31,1014,0.774151355139012,1313,0.0322821979010074,1766,1696.05076744228
